Data Posição;Data Chegada;Ignição;Odômetro;Horímetro;RPM;T1;T2;T3;US;TS;TD1;TD2;TD3;UD1;UD2;UD3;Memória;Satelital;Ponto de Ref. Embarcado;Ponto de Referência;Sensores Inibidos;S. em modo seguro;A. em modo seguro;Cidade;UF
20/10/2025 16:08:52;20/10/2025 16:08:53;SIM;683353,4;12877h 5m;957;-6;-;-;-;-;N/A;N/A;N/A;N/A;N/A;N/A;NAO;NAO;" ";" ";-;SBT / Des / SPM / SPC / VPa;Sir / TBT;Fortaleza;CE
20/10/2025 16:07:17;20/10/2025 16:07:18;SIM;683352,6;12877h 3m;967;-9;-;-;-;-;N/A;N/A;N/A;N/A;N/A;N/A;NAO;NAO;" ";" ";-;SBT / Des / SPM / SPC / VPa;Sir / TBT;Fortaleza;CE
20/10/2025 16:03:03;20/10/2025 16:03:04;SIM;683350,5;12876h 59m;890;-10;-;-;-;-;N/A;N/A;N/A;N/A;N/A;N/A;NAO;NAO;" ";" ";-;SBT / Des / SPM / SPC / VPa;Sir / TBT;Fortaleza;CE
20/10/2025 16:02:02;20/10/2025 16:02:03;SIM;683350,0;12876h 58m;925;-11;-;-;-;-;N/A;N/A;N/A;N/A;N/A;N/A;NAO;NAO;" ";" ";-;SBT / Des / SPM / SPC / VPa;Sir / TBT;Fortaleza;CE
20/10/2025 15:59:07;20/10/2025 15:59:08;SIM;683349,3;12876h 55m;1160;-14;-;-;-;-;N/A;N/A;N/A;N/A;N/A;N/A;NAO;NAO;" ";" ";-;SBT / Des / SPM / SPC / VPa;Sir / TBT;Fortaleza;CE
20/10/2025 15:58:50;20/10/2025 15:58:51;SIM;683349,2;12876h 54m;833;-14;-;-;-;-;N/A;N/A;N/A;N/A;N/A;N/A;NAO;NAO;" ";" ";-;SBT / Des / SPM / SPC / VPa;Sir / TBT;Fortaleza;CE
20/10/2025 15:56:36;20/10/2025 15:56:37;SIM;683349,0;12876h 52m;564;-10;-;-;-;-;N/A;N/A;N/A;N/A;N/A;N/A;NAO;NAO;" ";" ";-;SBT / Des / SPM / SPC / VPa;Sir / TBT;Fortaleza;CE
20/10/2025 15:56:24;20/10/2025 15:56:25;SIM;683349,0;12876h 52m;566;-10;-;-;-;-;N/A;N/A;N/A;N/A;N/A;N/A;NAO;NAO;" ";" ";-;SBT / Des / SPM / SPC / VPa;Sir / TBT;Fortaleza;CE
20/10/2025 15:56:12;20/10/2025 15:56:13;SIM;683349,0;12876h 52m;564;-9;-;-;-;-;N/A;N/A;N/A;N/A;N/A;N/A;NAO;NAO;" ";" ";-;SBT / Des / SPM / SPC / VPa;Sir / TBT;Fortaleza;CE
20/10/2025 15:54:46;20/10/2025 15:54:47;SIM;683349,0;12876h 50m;564;-6;-;-;-;-;N/A;N/A;N/A;N/A;N/A;N/A;NAO;NAO;" ";" ";-;SBT / Des / SPM / SPC / VPa;Sir / TBT;Fortaleza;CE
20/10/2025 15:54:37;20/10/2025 15:54:38;SIM;683349,0;12876h 50m;570;-6;-;-;-;-;N/A;N/A;N/A;N/A;N/A;N/A;NAO;NAO;" ";" ";-;SBT / Des / SPM / SPC / VPa;Sir / TBT;Fortaleza;CE
20/10/2025 15:54:19;20/10/2025 15:54:20;SIM;683349,0;12876h 50m;918;-6;-;-;-;-;N/A;N/A;N/A;N/A;N/A;N/A;NAO;NAO;" ";" ";-;SBT / Des / SPM / SPC / VPa;Sir / TBT;Fortaleza;CE
20/10/2025 15:53:02;20/10/2025 15:53:02;SIM;683348,9;12876h 49m;0;-8;-;-;-;-;N/A;N/A;N/A;N/A;N/A;N/A;NAO;NAO;" ";" ";-;SBT / Des / SPM / SPC / VPa;Sir / TBT;Fortaleza;CE
20/10/2025 15:53:00;20/10/2025 15:53:01;NAO;683348,9;12876h 49m;0;-9;-;-;-;-;N/A;N/A;N/A;N/A;N/A;N/A;NAO;NAO;" ";" ";-;SBT / Des / SPM / SPC / VPa;Sir / TBT;Fortaleza;CE
20/10/2025 15:52:32;20/10/2025 15:52:34;NAO;683348,9;12876h 49m;0;-9;-;-;-;-;N/A;N/A;N/A;N/A;N/A;N/A;NAO;NAO;" ";" ";-;SBT / SPC / VPa;Sir;Fortaleza;CE
20/10/2025 15:52:29;20/10/2025 15:52:30;NAO;683348,9;12876h 49m;0;-9;-;-;-;-;N/A;N/A;N/A;N/A;N/A;N/A;NAO;NAO;" ";" ";-;SBT / SPC / VPa;Sir;Fortaleza;CE
20/10/2025 15:52:19;20/10/2025 15:52:20;NAO;683348,9;12876h 49m;0;-8;-;-;-;-;N/A;N/A;N/A;N/A;N/A;N/A;NAO;NAO;" ";" ";-;SBT / SPC / VPa;Sir;Fortaleza;CE
20/10/2025 15:50:20;20/10/2025 15:50:21;NAO;683348,9;12876h 49m;0;-10;-;-;-;-;N/A;N/A;N/A;N/A;N/A;N/A;NAO;NAO;" ";" ";-;SBT / SPC / VPa;Sir;Fortaleza;CE
20/10/2025 15:46:20;20/10/2025 15:46:21;NAO;683348,9;12876h 49m;0;-14;-;-;-;-;N/A;N/A;N/A;N/A;N/A;N/A;NAO;NAO;" ";" ";-;SBT / SPC / VPa;Sir;Fortaleza;CE
20/10/2025 15:46:00;20/10/2025 15:46:15;NAO;683348,9;12876h 49m;0;-14;-;-;-;-;N/A;N/A;N/A;N/A;N/A;N/A;NAO;NAO;" ";" ";-;SBT / SPC / VPa;Sir;Fortaleza;CE
20/10/2025 15:45:48;20/10/2025 15:45:50;NAO;683348,9;12876h 49m;0;-14;-;-;-;-;N/A;N/A;N/A;N/A;N/A;N/A;NAO;NAO;" ";" ";-;SBT / SPC / VPa;Sir;Fortaleza;CE
20/10/2025 15:42:20;20/10/2025 15:42:21;NAO;683348,9;12876h 49m;0;-9;-;-;-;-;N/A;N/A;N/A;N/A;N/A;N/A;NAO;NAO;" ";" ";-;SBT / SPC / VPa;Sir;Fortaleza;CE
20/10/2025 15:38:20;20/10/2025 15:38:21;NAO;683348,9;12876h 49m;0;-9;-;-;-;-;N/A;N/A;N/A;N/A;N/A;N/A;NAO;NAO;" ";" ";-;SBT / SPC / VPa;Sir;Fortaleza;CE
20/10/2025 15:34:51;20/10/2025 15:34:52;NAO;683348,9;12876h 49m;0;-11;-;-;-;-;N/A;N/A;N/A;N/A;N/A;N/A;NAO;NAO;" ";" ";-;SBT / SPC / VPa;Sir;Fortaleza;CE
20/10/2025 15:34:49;20/10/2025 15:34:50;NAO;683348,9;12876h 49m;0;-13;-;-;-;-;N/A;N/A;N/A;N/A;N/A;N/A;NAO;NAO;" ";" ";-;SBT / SPC / VPa;Sir;Fortaleza;CE
20/10/2025 15:34:23;20/10/2025 15:34:24;NAO;683348,9;12876h 49m;0;-12;-;-;-;-;N/A;N/A;N/A;N/A;N/A;N/A;NAO;NAO;" ";" ";-;SBT / SPC / VPa;Sir;Fortaleza;CE
20/10/2025 15:34:21;20/10/2025 15:34:21;NAO;683348,9;12876h 49m;566;-13;-;-;-;-;N/A;N/A;N/A;N/A;N/A;N/A;NAO;NAO;" ";" ";-;SBT / SPC / VPa;Sir;Fortaleza;CE
20/10/2025 15:31:45;20/10/2025 15:31:46;SIM;683348,9;12876h 46m;562;-12;-;-;-;-;N/A;N/A;N/A;N/A;N/A;N/A;NAO;NAO;" ";" ";-;SBT / SPC / VPa;Sir;Fortaleza;CE
20/10/2025 15:31:38;20/10/2025 15:31:39;SIM;683348,9;12876h 46m;565;-12;-;-;-;-;N/A;N/A;N/A;N/A;N/A;N/A;NAO;NAO;" ";" ";-;SBT / SPC / VPa;Sir;Fortaleza;CE
20/10/2025 15:29:55;20/10/2025 15:29:56;SIM;683348,9;12876h 44m;566;-9;-;-;-;-;N/A;N/A;N/A;N/A;N/A;N/A;NAO;NAO;" ";" ";-;SBT / SPC / VPa;Sir;Fortaleza;CE
20/10/2025 15:28:35;20/10/2025 15:28:36;SIM;683348,9;12876h 43m;564;-6;-;-;-;-;N/A;N/A;N/A;N/A;N/A;N/A;NAO;NAO;" ";" ";-;SBT / SPC / VPa;Sir;Fortaleza;CE
20/10/2025 15:25:42;20/10/2025 15:25:43;SIM;683348,9;12876h 40m;576;-9;-;-;-;-;N/A;N/A;N/A;N/A;N/A;N/A;NAO;NAO;" ";" ";-;SBT / SPC / VPa;Sir;Fortaleza;CE
20/10/2025 15:25:07;20/10/2025 15:25:08;SIM;683348,9;12876h 40m;561;-9;-;-;-;-;N/A;N/A;N/A;N/A;N/A;N/A;NAO;NAO;" ";" ";-;SBT / SPC / VPa;Sir;Fortaleza;CE
20/10/2025 15:24:01;20/10/2025 15:24:00;SIM;683348,9;12876h 38m;562;-10;-;-;-;-;N/A;N/A;N/A;N/A;N/A;N/A;NAO;NAO;" ";" ";-;SBT / SPC / VPa;Sir;Fortaleza;CE
20/10/2025 15:23:06;20/10/2025 15:23:07;SIM;683348,9;12876h 38m;0;-11;-;-;-;-;N/A;N/A;N/A;N/A;N/A;N/A;NAO;NAO;" ";" ";-;SBT / SPC / VPa;Sir;Fortaleza;CE
20/10/2025 15:23:02;20/10/2025 15:23:02;SIM;683348,9;12876h 37m;0;-11;-;-;-;-;N/A;N/A;N/A;N/A;N/A;N/A;NAO;NAO;" ";" ";-;SBT / SPC / VPa;Sir;Fortaleza;CE
20/10/2025 15:20:23;20/10/2025 15:20:24;SIM;683348,9;12876h 35m;0;-13;-;-;-;-;N/A;N/A;N/A;N/A;N/A;N/A;NAO;NAO;" ";" ";-;SBT / SPC / VPa;Sir;Fortaleza;CE
20/10/2025 15:17:03;20/10/2025 15:17:04;SIM;683348,9;12876h 31m;0;-6;-;-;-;-;N/A;N/A;N/A;N/A;N/A;N/A;NAO;NAO;" ";" ";-;SBT / SPC / VPa;Sir;Fortaleza;CE
20/10/2025 15:15:09;20/10/2025 15:15:10;SIM;683348,9;12876h 30m;0;-7;-;-;-;-;N/A;N/A;N/A;N/A;N/A;N/A;NAO;NAO;" ";" ";-;SBT / SPC / VPa;Sir;Fortaleza;CE
20/10/2025 15:10:55;20/10/2025 15:10:56;SIM;683348,9;12876h 25m;0;-13;-;-;-;-;N/A;N/A;N/A;N/A;N/A;N/A;NAO;NAO;" ";" ";-;SBT / SPC / VPa;Sir;Fortaleza;CE
20/10/2025 15:09:40;20/10/2025 15:09:41;SIM;683348,9;12876h 24m;0;-11;-;-;-;-;N/A;N/A;N/A;N/A;N/A;N/A;NAO;NAO;" ";" ";-;SBT / SPC / VPa;Sir;Fortaleza;CE
20/10/2025 15:06:41;20/10/2025 15:06:42;SIM;683348,9;12876h 21m;0;-2;-;-;-;-;N/A;N/A;N/A;N/A;N/A;N/A;NAO;NAO;" ";" ";-;SBT / SPC / VPa;Sir;Fortaleza;CE
20/10/2025 15:02:27;20/10/2025 15:02:28;SIM;683348,9;12876h 17m;0;8;-;-;-;-;N/A;N/A;N/A;N/A;N/A;N/A;NAO;NAO;" ";" ";-;SBT / SPC / VPa;Sir;Fortaleza;CE
20/10/2025 14:58:13;20/10/2025 14:58:14;SIM;683348,9;12876h 13m;0;7;-;-;-;-;N/A;N/A;N/A;N/A;N/A;N/A;NAO;NAO;" ";" ";-;SBT / SPC / VPa;Sir;Fortaleza;CE
20/10/2025 14:55:33;20/10/2025 14:55:33;SIM;683348,9;12876h 10m;0;0;-;-;-;-;N/A;N/A;N/A;N/A;N/A;N/A;NAO;NAO;" ";" ";-;SBT / SPC / VPa;Sir;Fortaleza;CE
20/10/2025 14:55:13;20/10/2025 14:55:15;SIM;683348,9;12876h 10m;0;0;-;-;-;-;N/A;N/A;N/A;N/A;N/A;N/A;NAO;NAO;" ";" ";-;SBT / SPC / VPa;Sir;Fortaleza;CE
20/10/2025 14:54:32;20/10/2025 14:54:33;NAO;683348,9;12876h 10m;0;-3;-;-;-;-;N/A;N/A;N/A;N/A;N/A;N/A;NAO;NAO;" ";" ";-;SBT / SPC / VPa;Sir;Fortaleza;CE
20/10/2025 14:53:53;20/10/2025 14:53:54;NAO;683348,9;12876h 10m;0;-6;-;-;-;-;N/A;N/A;N/A;N/A;N/A;N/A;NAO;NAO;" ";" ";-;SBT / SPC / VPa;Sir;Fortaleza;CE
20/10/2025 14:50:32;20/10/2025 14:50:33;NAO;683348,9;12876h 10m;0;-13;-;-;-;-;N/A;N/A;N/A;N/A;N/A;N/A;NAO;NAO;" ";" ";-;SBT / SPC / VPa;Sir;Fortaleza;CE
20/10/2025 14:46:32;20/10/2025 14:46:33;NAO;683348,9;12876h 10m;0;-14;-;-;-;-;N/A;N/A;N/A;N/A;N/A;N/A;NAO;NAO;" ";" ";-;SBT / SPC / VPa;Sir;Fortaleza;CE
20/10/2025 14:42:32;20/10/2025 14:42:34;NAO;683348,9;12876h 10m;0;-9;-;-;-;-;N/A;N/A;N/A;N/A;N/A;N/A;NAO;NAO;" ";" ";-;SBT / SPC / VPa;Sir;Fortaleza;CE
20/10/2025 14:38:32;20/10/2025 14:38:33;NAO;683348,9;12876h 10m;0;-9;-;-;-;-;N/A;N/A;N/A;N/A;N/A;N/A;NAO;NAO;" ";" ";-;SBT / SPC / VPa;Sir;Fortaleza;CE
20/10/2025 14:34:32;20/10/2025 14:34:33;NAO;683348,9;12876h 10m;0;-10;-;-;-;-;N/A;N/A;N/A;N/A;N/A;N/A;NAO;NAO;" ";" ";-;SBT / SPC / VPa;Sir;Fortaleza;CE
20/10/2025 14:30:36;20/10/2025 14:30:37;NAO;683348,9;12876h 10m;0;-13;-;-;-;-;N/A;N/A;N/A;N/A;N/A;N/A;NAO;NAO;" ";" ";-;SBT / SPC / VPa;Sir;Fortaleza;CE
20/10/2025 14:30:35;20/10/2025 14:30:35;NAO;683348,9;12876h 10m;0;-13;-;-;-;-;N/A;N/A;N/A;N/A;N/A;N/A;NAO;NAO;" ";" ";-;SBT / SPC / VPa;Sir;Fortaleza;CE
20/10/2025 14:30:33;20/10/2025 14:30:34;NAO;683348,9;12876h 10m;564;-13;-;-;-;-;N/A;N/A;N/A;N/A;N/A;N/A;NAO;NAO;" ";" ";-;SBT / SPC / VPa;Sir;Fortaleza;CE
20/10/2025 14:29:57;20/10/2025 14:29:58;SIM;683348,9;12876h 9m;564;-11;-;-;-;-;N/A;N/A;N/A;N/A;N/A;N/A;NAO;NAO;" ";" ";-;SBT / SPC / VPa;Sir;Fortaleza;CE
20/10/2025 14:28:57;20/10/2025 14:28:57;SIM;683348,8;12876h 8m;569;-10;-;-;-;-;N/A;N/A;N/A;N/A;N/A;N/A;NAO;NAO;" ";" ";-;SBT / SPC / VPa;Sir;Fortaleza;CE
20/10/2025 14:27:52;20/10/2025 14:27:53;SIM;683348,8;12876h 7m;565;-9;-;-;-;-;N/A;N/A;N/A;N/A;N/A;N/A;NAO;NAO;" ";" ";-;SBT / SPC / VPa;Sir;Fortaleza;CE
20/10/2025 14:27:12;20/10/2025 14:27:12;SIM;683348,8;12876h 6m;0;-6;-;-;-;-;N/A;N/A;N/A;N/A;N/A;N/A;NAO;NAO;" ";" ";-;SBT / SPC / VPa;Sir;Fortaleza;CE
20/10/2025 14:27:03;20/10/2025 14:27:04;SIM;683348,8;12876h 6m;0;-6;-;-;-;-;N/A;N/A;N/A;N/A;N/A;N/A;NAO;NAO;" ";" ";-;SBT / SPC / VPa;Sir;Fortaleza;CE
20/10/2025 14:26:58;20/10/2025 14:26:58;SIM;683348,8;12876h 6m;0;-6;-;-;-;-;N/A;N/A;N/A;N/A;N/A;N/A;NAO;NAO;" ";" ";-;SBT / SPC / VPa;Sir;Fortaleza;CE
20/10/2025 14:24:19;20/10/2025 14:24:20;NAO;683348,8;12876h 6m;0;-9;-;-;-;-;N/A;N/A;N/A;N/A;N/A;N/A;NAO;NAO;" ";" ";-;SBT / SPC / VPa;Sir;Fortaleza;CE
20/10/2025 14:24:16;20/10/2025 14:24:17;NAO;683348,8;12876h 6m;566;-9;-;-;-;-;N/A;N/A;N/A;N/A;N/A;N/A;NAO;NAO;" ";" ";-;SBT / SPC / VPa;Sir;Fortaleza;CE
20/10/2025 14:21:45;20/10/2025 14:21:45;SIM;683348,8;12876h 4m;565;-10;-;-;-;-;N/A;N/A;N/A;N/A;N/A;N/A;NAO;NAO;" ";" ";-;SBT / SPC / VPa;Sir;Fortaleza;CE
20/10/2025 14:21:33;20/10/2025 14:21:33;SIM;683348,8;12876h 3m;566;-10;-;-;-;-;N/A;N/A;N/A;N/A;N/A;N/A;NAO;NAO;" ";" ";-;SBT / SPC / VPa;Sir;Fortaleza;CE
20/10/2025 14:18:40;20/10/2025 14:18:41;SIM;683348,8;12876h 0m;570;-13;-;-;-;-;N/A;N/A;N/A;N/A;N/A;N/A;NAO;NAO;" ";" ";-;SBT / SPC / VPa;Sir;Fortaleza;CE
20/10/2025 14:14:27;20/10/2025 14:14:28;SIM;683348,6;12875h 56m;0;-9;-;-;-;-;N/A;N/A;N/A;N/A;N/A;N/A;NAO;NAO;" ";" ";-;SBT / SPC / VPa;Sir;Fortaleza;CE
20/10/2025 14:14:24;20/10/2025 14:14:25;SIM;683348,6;12875h 56m;0;-9;-;-;-;-;N/A;N/A;N/A;N/A;N/A;N/A;NAO;NAO;" ";" ";-;SBT / SPC / VPa;Sir;Fortaleza;CE
20/10/2025 14:12:48;20/10/2025 14:12:49;SIM;683348,6;12875h 55m;0;-6;-;-;-;-;N/A;N/A;N/A;N/A;N/A;N/A;NAO;NAO;" ";" ";-;SBT / SPC / VPa;Sir;Fortaleza;CE
20/10/2025 14:08:34;20/10/2025 14:08:35;SIM;683348,6;12875h 50m;0;-9;-;-;-;-;N/A;N/A;N/A;N/A;N/A;N/A;NAO;NAO;" ";" ";-;SBT / SPC / VPa;Sir;Fortaleza;CE
20/10/2025 14:04:20;20/10/2025 14:04:21;SIM;683348,6;12875h 46m;0;-13;-;-;-;-;N/A;N/A;N/A;N/A;N/A;N/A;NAO;NAO;" ";" ";-;SBT / SPC / VPa;Sir;Fortaleza;CE
20/10/2025 14:00:06;20/10/2025 14:00:07;SIM;683348,6;12875h 42m;0;-9;-;-;-;-;N/A;N/A;N/A;N/A;N/A;N/A;NAO;NAO;" ";" ";-;SBT / SPC / VPa;Sir;Fortaleza;CE
20/10/2025 13:55:52;20/10/2025 13:55:53;SIM;683348,6;12875h 38m;0;-9;-;-;-;-;N/A;N/A;N/A;N/A;N/A;N/A;NAO;NAO;" ";" ";-;SBT / SPC / VPa;Sir;Fortaleza;CE
20/10/2025 13:52:53;20/10/2025 13:52:53;SIM;683348,6;12875h 35m;0;-10;-;-;-;-;N/A;N/A;N/A;N/A;N/A;N/A;NAO;NAO;" ";" ";-;SBT / SPC / VPa;Sir;Fortaleza;CE
20/10/2025 13:50:22;20/10/2025 13:50:23;NAO;683348,6;12875h 35m;0;-13;-;-;-;-;N/A;N/A;N/A;N/A;N/A;N/A;NAO;NAO;" ";" ";-;SBT / SPC / VPa;Sir;Fortaleza;CE
20/10/2025 13:46:22;20/10/2025 13:46:23;NAO;683348,6;12875h 35m;0;-9;-;-;-;-;N/A;N/A;N/A;N/A;N/A;N/A;NAO;NAO;" ";" ";-;SBT / SPC / VPa;Sir;Fortaleza;CE
20/10/2025 13:42:22;20/10/2025 13:42:23;NAO;683348,6;12875h 35m;0;-9;-;-;-;-;N/A;N/A;N/A;N/A;N/A;N/A;NAO;NAO;" ";" ";-;SBT / SPC / VPa;Sir;Fortaleza;CE
20/10/2025 13:38:22;20/10/2025 13:38:24;NAO;683348,6;12875h 35m;0;-10;-;-;-;-;N/A;N/A;N/A;N/A;N/A;N/A;NAO;NAO;" ";" ";-;SBT / SPC / VPa;Sir;Fortaleza;CE
20/10/2025 13:34:22;20/10/2025 13:34:23;NAO;683348,6;12875h 35m;0;-11;-;-;-;-;N/A;N/A;N/A;N/A;N/A;N/A;NAO;NAO;" ";" ";-;SBT / SPC / VPa;Sir;Fortaleza;CE
20/10/2025 13:30:22;20/10/2025 13:30:23;NAO;683348,6;12875h 35m;0;-8;-;-;-;-;N/A;N/A;N/A;N/A;N/A;N/A;NAO;NAO;" ";" ";-;SBT / SPC / VPa;Sir;Fortaleza;CE
20/10/2025 13:27:16;20/10/2025 13:27:17;NAO;683348,6;12875h 35m;0;-9;-;-;-;-;N/A;N/A;N/A;N/A;N/A;N/A;NAO;NAO;" ";" ";-;SBT / SPC / VPa;Sir;Fortaleza;CE
20/10/2025 13:26:56;20/10/2025 13:26:57;NAO;683348,6;12875h 35m;0;-9;-;-;-;-;N/A;N/A;N/A;N/A;N/A;N/A;NAO;NAO;" ";" ";-;SBT / SPC / VPa;Sir;Fortaleza;CE
20/10/2025 13:26:22;20/10/2025 13:26:23;NAO;683348,6;12875h 35m;0;-10;-;-;-;-;N/A;N/A;N/A;N/A;N/A;N/A;NAO;NAO;" ";" ";-;SBT / SPC / VPa;Sir;Fortaleza;CE
20/10/2025 13:25:20;20/10/2025 13:25:21;NAO;683348,6;12875h 35m;0;-10;-;-;-;-;N/A;N/A;N/A;N/A;N/A;N/A;NAO;NAO;" ";" ";-;SBT / SPC / VPa;Sir;Fortaleza;CE
20/10/2025 13:25:02;20/10/2025 13:25:02;NAO;683348,6;12875h 35m;0;-10;-;-;-;-;N/A;N/A;N/A;N/A;N/A;N/A;NAO;NAO;" ";" ";-;SBT / SPC / VPa;Sir;Fortaleza;CE
20/10/2025 13:22:25;20/10/2025 13:22:56;NAO;683348,6;12875h 35m;0;-13;-;-;-;-;N/A;N/A;N/A;N/A;N/A;N/A;NAO;NAO;" ";" ";-;SBT / SPC / VPa;Sir;Fortaleza;CE
20/10/2025 13:22:23;20/10/2025 13:22:23;NAO;683348,6;12875h 35m;568;-13;-;-;-;-;N/A;N/A;N/A;N/A;N/A;N/A;NAO;NAO;" ";" ";-;SBT / SPC / VPa;Sir;Fortaleza;CE
20/10/2025 13:22:15;20/10/2025 13:22:16;SIM;683348,6;12875h 35m;563;-13;-;-;-;-;N/A;N/A;N/A;N/A;N/A;N/A;NAO;NAO;" ";" ";-;SBT / SPC / VPa;Sir;Fortaleza;CE
20/10/2025 13:21:52;20/10/2025 13:21:53;SIM;683348,6;12875h 34m;566;-13;-;-;-;-;N/A;N/A;N/A;N/A;N/A;N/A;NAO;NAO;" ";" ";-;SBT / SPC / VPa;Sir;Fortaleza;CE
20/10/2025 13:21:30;20/10/2025 13:21:30;SIM;683348,6;12875h 34m;0;-13;-;-;-;-;N/A;N/A;N/A;N/A;N/A;N/A;NAO;NAO;" ";" ";-;SBT / SPC / VPa;Sir;Fortaleza;CE
20/10/2025 13:21:05;20/10/2025 13:21:06;NAO;683348,6;12875h 34m;0;-13;-;-;-;-;N/A;N/A;N/A;N/A;N/A;N/A;NAO;NAO;" ";" ";-;SBT / SPC / VPa;Sir;Fortaleza;CE
20/10/2025 13:17:05;20/10/2025 13:17:07;NAO;683348,6;12875h 34m;0;-6;-;-;-;-;N/A;N/A;N/A;N/A;N/A;N/A;NAO;NAO;" ";" ";-;SBT / SPC / VPa;Sir;Fortaleza;CE
20/10/2025 13:13:05;20/10/2025 13:13:06;NAO;683348,6;12875h 34m;0;-10;-;-;-;-;N/A;N/A;N/A;N/A;N/A;N/A;NAO;NAO;" ";" ";-;SBT / SPC / VPa;Sir;Fortaleza;CE
20/10/2025 13:09:52;20/10/2025 13:09:53;NAO;683348,6;12875h 34m;0;-13;-;-;-;-;N/A;N/A;N/A;N/A;N/A;N/A;NAO;NAO;" ";" ";-;SBT / SPC / VPa;Sir;Fortaleza;CE
20/10/2025 13:09:48;20/10/2025 13:09:49;NAO;683348,6;12875h 34m;0;-13;-;-;-;-;N/A;N/A;N/A;N/A;N/A;N/A;NAO;NAO;" ";" ";-;SBT / SPC / VPa;Sir;Fortaleza;CE
20/10/2025 13:09:05;20/10/2025 13:09:06;NAO;683348,6;12875h 34m;0;-13;-;-;-;-;N/A;N/A;N/A;N/A;N/A;N/A;NAO;NAO;" ";" ";-;SBT / SPC / VPa;Sir;Fortaleza;CE
20/10/2025 13:05:05;20/10/2025 13:05:07;NAO;683348,6;12875h 34m;0;-9;-;-;-;-;N/A;N/A;N/A;N/A;N/A;N/A;NAO;NAO;" ";" ";-;SBT / SPC / VPa;Sir;Fortaleza;CE
20/10/2025 13:01:05;20/10/2025 13:01:06;NAO;683348,6;12875h 34m;0;1;-;-;-;-;N/A;N/A;N/A;N/A;N/A;N/A;NAO;NAO;" ";" ";-;SBT / SPC / VPa;Sir;Fortaleza;CE
20/10/2025 12:57:05;20/10/2025 12:57:07;NAO;683348,6;12875h 34m;0;1;-;-;-;-;N/A;N/A;N/A;N/A;N/A;N/A;NAO;NAO;" ";" ";-;SBT / SPC / VPa;Sir;Fortaleza;CE
20/10/2025 12:53:05;20/10/2025 12:53:06;NAO;683348,6;12875h 34m;0;-1;-;-;-;-;N/A;N/A;N/A;N/A;N/A;N/A;NAO;NAO;" ";" ";-;SBT / SPC / VPa;Sir;Fortaleza;CE
20/10/2025 12:49:05;20/10/2025 12:49:06;NAO;683348,6;12875h 34m;0;-6;-;-;-;-;N/A;N/A;N/A;N/A;N/A;N/A;NAO;NAO;" ";" ";-;SBT / SPC / VPa;Sir;Fortaleza;CE
20/10/2025 12:45:05;20/10/2025 12:45:06;NAO;683348,6;12875h 34m;0;-9;-;-;-;-;N/A;N/A;N/A;N/A;N/A;N/A;NAO;NAO;" ";" ";-;SBT / SPC / VPa;Sir;Fortaleza;CE
20/10/2025 12:41:05;20/10/2025 12:41:07;NAO;683348,6;12875h 34m;0;-11;-;-;-;-;N/A;N/A;N/A;N/A;N/A;N/A;NAO;NAO;" ";" ";-;SBT / SPC / VPa;Sir;Fortaleza;CE
20/10/2025 12:37:08;20/10/2025 12:37:09;NAO;683348,6;12875h 34m;0;-10;-;-;-;-;N/A;N/A;N/A;N/A;N/A;N/A;NAO;NAO;" ";" ";-;SBT / SPC / VPa;Sir;Fortaleza;CE
20/10/2025 12:37:06;20/10/2025 12:37:07;NAO;683348,6;12875h 34m;0;-10;-;-;-;-;N/A;N/A;N/A;N/A;N/A;N/A;NAO;NAO;" ";" ";-;SBT / SPC / VPa;Sir;Fortaleza;CE
20/10/2025 12:36:57;20/10/2025 12:36:58;SIM;683348,6;12875h 34m;0;-10;-;-;-;-;N/A;N/A;N/A;N/A;N/A;N/A;NAO;NAO;" ";" ";-;SBT / SPC / VPa;Sir;Fortaleza;CE
20/10/2025 12:36:53;20/10/2025 12:36:54;NAO;683348,6;12875h 34m;0;-10;-;-;-;-;N/A;N/A;N/A;N/A;N/A;N/A;NAO;NAO;" ";" ";-;SBT / SPC / VPa;Sir;Fortaleza;CE
20/10/2025 12:36:43;20/10/2025 12:36:44;NAO;683348,6;12875h 34m;0;-9;-;-;-;-;N/A;N/A;N/A;N/A;N/A;N/A;NAO;NAO;" ";" ";-;SBT / SPC / VPa;Sir;Fortaleza;CE
20/10/2025 12:35:33;20/10/2025 12:35:35;NAO;683348,6;12875h 34m;0;-8;-;-;-;-;N/A;N/A;N/A;N/A;N/A;N/A;NAO;NAO;" ";" ";-;SBT / SPC / VPa;Sir;Fortaleza;CE
20/10/2025 12:31:33;20/10/2025 12:31:34;NAO;683348,6;12875h 34m;0;-9;-;-;-;-;N/A;N/A;N/A;N/A;N/A;N/A;NAO;NAO;" ";" ";-;SBT / SPC / VPa;Sir;Fortaleza;CE
20/10/2025 12:27:33;20/10/2025 12:27:35;NAO;683348,6;12875h 34m;0;-12;-;-;-;-;N/A;N/A;N/A;N/A;N/A;N/A;NAO;NAO;" ";" ";-;SBT / SPC / VPa;Sir;Fortaleza;CE
20/10/2025 12:23:33;20/10/2025 12:23:35;NAO;683348,6;12875h 34m;0;-9;-;-;-;-;N/A;N/A;N/A;N/A;N/A;N/A;NAO;NAO;" ";" ";-;SBT / SPC / VPa;Sir;Fortaleza;CE
20/10/2025 12:19:33;20/10/2025 12:19:34;NAO;683348,6;12875h 34m;0;-8;-;-;-;-;N/A;N/A;N/A;N/A;N/A;N/A;NAO;NAO;" ";" ";-;SBT / SPC / VPa;Sir;Fortaleza;CE
20/10/2025 12:15:33;20/10/2025 12:15:34;NAO;683348,6;12875h 34m;0;-11;-;-;-;-;N/A;N/A;N/A;N/A;N/A;N/A;NAO;NAO;" ";" ";-;SBT / SPC / VPa;Sir;Fortaleza;CE
20/10/2025 12:11:33;20/10/2025 12:11:34;NAO;683348,6;12875h 34m;0;-10;-;-;-;-;N/A;N/A;N/A;N/A;N/A;N/A;NAO;NAO;" ";" ";-;SBT / SPC / VPa;Sir;Fortaleza;CE
20/10/2025 12:07:57;20/10/2025 12:07:57;NAO;683348,6;12875h 34m;0;-9;-;-;-;-;N/A;N/A;N/A;N/A;N/A;N/A;NAO;NAO;" ";" ";-;SBT / SPC / VPa;Sir;Fortaleza;CE
20/10/2025 12:07:51;20/10/2025 12:07:52;NAO;683348,6;12875h 34m;0;-9;-;-;-;-;N/A;N/A;N/A;N/A;N/A;N/A;NAO;NAO;" ";" ";-;SBT / SPC / VPa;Sir;Fortaleza;CE
20/10/2025 12:07:33;20/10/2025 12:07:34;NAO;683348,6;12875h 34m;0;-9;-;-;-;-;N/A;N/A;N/A;N/A;N/A;N/A;NAO;NAO;" ";" ";-;SBT / SPC / VPa;Sir;Fortaleza;CE
20/10/2025 12:07:15;20/10/2025 12:07:15;NAO;683348,6;12875h 34m;0;-9;-;-;-;-;N/A;N/A;N/A;N/A;N/A;N/A;NAO;NAO;" ";" ";-;SBT / SPC / VPa;Sir;Fortaleza;CE
20/10/2025 12:07:11;20/10/2025 12:07:12;NAO;683348,6;12875h 34m;0;-9;-;-;-;-;N/A;N/A;N/A;N/A;N/A;N/A;NAO;NAO;" ";" ";-;SBT / SPC / VPa;Sir;Fortaleza;CE
20/10/2025 12:07:08;20/10/2025 12:07:08;NAO;683348,6;12875h 34m;0;-9;-;-;-;-;N/A;N/A;N/A;N/A;N/A;N/A;NAO;NAO;" ";" ";-;SBT / SPC / VPa;Sir;Fortaleza;CE
20/10/2025 12:07:03;20/10/2025 12:07:04;NAO;683348,6;12875h 34m;0;-8;-;-;-;-;N/A;N/A;N/A;N/A;N/A;N/A;NAO;NAO;" ";" ";-;SBT / SPC / VPa;Sir;Fortaleza;CE
20/10/2025 12:03:33;20/10/2025 12:03:34;NAO;683348,6;12875h 34m;0;-10;-;-;-;-;N/A;N/A;N/A;N/A;N/A;N/A;NAO;NAO;" ";" ";-;SBT / SPC / VPa;Sir;Fortaleza;CE
20/10/2025 11:59:33;20/10/2025 11:59:34;NAO;683348,6;12875h 34m;0;-13;-;-;-;-;N/A;N/A;N/A;N/A;N/A;N/A;NAO;NAO;" ";" ";-;SBT / SPC / VPa;Sir;Fortaleza;CE
20/10/2025 11:58:19;20/10/2025 11:58:19;NAO;683348,6;12875h 34m;0;-11;-;-;-;-;N/A;N/A;N/A;N/A;N/A;N/A;NAO;NAO;" ";" ";-;SBT / SPC / VPa;Sir;Fortaleza;CE
20/10/2025 11:57:18;20/10/2025 11:57:18;NAO;683348,6;12875h 34m;0;-10;-;-;-;-;N/A;N/A;N/A;N/A;N/A;N/A;NAO;NAO;" ";" ";-;SBT / SPC / VPa;Sir;Fortaleza;CE
20/10/2025 11:55:33;20/10/2025 11:55:34;NAO;683348,6;12875h 34m;0;-6;-;-;-;-;N/A;N/A;N/A;N/A;N/A;N/A;NAO;NAO;" ";" ";-;SBT / SPC / VPa;Sir;Fortaleza;CE
20/10/2025 11:51:33;20/10/2025 11:51:34;NAO;683348,6;12875h 34m;0;-9;-;-;-;-;N/A;N/A;N/A;N/A;N/A;N/A;NAO;NAO;" ";" ";-;SBT / SPC / VPa;Sir;Fortaleza;CE
20/10/2025 11:47:33;20/10/2025 11:47:34;NAO;683348,6;12875h 34m;0;-13;-;-;-;-;N/A;N/A;N/A;N/A;N/A;N/A;NAO;NAO;" ";" ";-;SBT / SPC / VPa;Sir;Fortaleza;CE
20/10/2025 11:45:59;20/10/2025 11:46:00;NAO;683348,6;12875h 34m;0;-13;-;-;-;-;N/A;N/A;N/A;N/A;N/A;N/A;NAO;NAO;" ";" ";-;SBT / SPC / VPa;Sir;Fortaleza;CE
20/10/2025 11:45:48;20/10/2025 11:45:49;NAO;683348,6;12875h 34m;0;-11;-;-;-;-;N/A;N/A;N/A;N/A;N/A;N/A;NAO;NAO;" ";" ";-;SBT / SPC / VPa;Sir;Fortaleza;CE
20/10/2025 11:44:10;20/10/2025 11:44:10;NAO;683348,6;12875h 34m;0;-9;-;-;-;-;N/A;N/A;N/A;N/A;N/A;N/A;NAO;NAO;" ";" ";-;SBT / Des / SPC / VPa;Sir / TBT;Fortaleza;CE
20/10/2025 11:44:01;20/10/2025 11:44:01;NAO;683348,6;12875h 34m;0;-9;-;-;-;-;N/A;N/A;N/A;N/A;N/A;N/A;NAO;NAO;" ";" ";-;SBT / Des / SPC / VPa;Sir / TBT;Fortaleza;CE
20/10/2025 11:43:47;20/10/2025 11:43:48;NAO;683348,6;12875h 34m;0;-9;-;-;-;-;N/A;N/A;N/A;N/A;N/A;N/A;NAO;NAO;" ";" ";-;SBT / Des / SPC / VPa;Sir / TBT;Fortaleza;CE
20/10/2025 11:43:39;20/10/2025 11:43:39;NAO;683348,6;12875h 34m;0;-9;-;-;-;-;N/A;N/A;N/A;N/A;N/A;N/A;NAO;NAO;" ";" ";-;SBT / Des / SPC / VPa;Sir / TBT;Fortaleza;CE
20/10/2025 11:43:36;20/10/2025 11:43:36;NAO;683348,6;12875h 34m;0;-9;-;-;-;-;N/A;N/A;N/A;N/A;N/A;N/A;NAO;NAO;" ";" ";-;SBT / Des / SPC / VPa;Sir / TBT;Fortaleza;CE
20/10/2025 11:43:34;20/10/2025 11:43:35;NAO;683348,6;12875h 34m;564;-9;-;-;-;-;N/A;N/A;N/A;N/A;N/A;N/A;NAO;NAO;" ";" ";-;SBT / Des / SPC / VPa;Sir / TBT;Fortaleza;CE
20/10/2025 11:43:25;20/10/2025 11:43:26;SIM;683348,6;12875h 33m;566;-9;-;-;-;-;N/A;N/A;N/A;N/A;N/A;N/A;NAO;NAO;" ";" ";-;SBT / Des / SPC / VPa;Sir / TBT;Fortaleza;CE
20/10/2025 11:40:46;20/10/2025 11:40:45;SIM;683348,3;12875h 31m;995;-8;-;-;-;-;N/A;N/A;N/A;N/A;N/A;N/A;NAO;NAO;" ";" ";-;SBT / Des / SPM / SPC / VPa;Sir / TBT;Fortaleza;CE
20/10/2025 11:40:30;20/10/2025 11:40:30;SIM;683348,3;12875h 31m;567;-8;-;-;-;-;N/A;N/A;N/A;N/A;N/A;N/A;NAO;NAO;" ";" ";-;SBT / Des / SPM / SPC / VPa;Sir / TBT;Fortaleza;CE
20/10/2025 11:38:45;20/10/2025 11:38:46;SIM;683347,5;12875h 29m;1142;-9;-;-;-;-;N/A;N/A;N/A;N/A;N/A;N/A;NAO;NAO;" ";" ";-;SBT / Des / SPM / SPC / VPa;Sir / TBT;Fortaleza;CE
20/10/2025 11:34:32;20/10/2025 11:34:32;SIM;683345,5;12875h 25m;1195;-13;-;-;-;-;N/A;N/A;N/A;N/A;N/A;N/A;NAO;NAO;" ";" ";-;SBT / Des / SPM / SPC / VPa;Sir / TBT;Fortaleza;CE
20/10/2025 11:32:59;20/10/2025 11:32:59;SIM;683344,9;12875h 23m;576;-13;-;-;-;-;N/A;N/A;N/A;N/A;N/A;N/A;NAO;NAO;" ";" ";-;SBT / Des / SPM / SPC / VPa;Sir / TBT;Fortaleza;CE
20/10/2025 11:32:24;20/10/2025 11:32:24;SIM;683344,6;12875h 22m;951;-11;-;-;-;-;N/A;N/A;N/A;N/A;N/A;N/A;NAO;NAO;" ";" ";-;SBT / Des / SPM / SPC / VPa;Sir / TBT;Fortaleza;CE
20/10/2025 11:30:18;20/10/2025 11:30:20;SIM;683343,4;12875h 20m;1061;-7;-;-;-;-;N/A;N/A;N/A;N/A;N/A;N/A;NAO;NAO;" ";" ";-;SBT / Des / SPM / SPC / VPa;Sir / TBT;Fortaleza;CE
20/10/2025 11:26:05;20/10/2025 11:26:06;SIM;683342,1;12875h 16m;1313;-9;-;-;-;-;N/A;N/A;N/A;N/A;N/A;N/A;NAO;NAO;" ";" ";-;SBT / Des / SPM / SPC / VPa;Sir / TBT;Fortaleza;CE
20/10/2025 11:25:49;20/10/2025 11:25:50;SIM;683342,1;12875h 16m;989;-9;-;-;-;-;N/A;N/A;N/A;N/A;N/A;N/A;NAO;NAO;" ";" ";-;SBT / Des / SPM / SPC / VPa;Sir / TBT;Fortaleza;CE
20/10/2025 11:25:32;20/10/2025 11:25:34;SIM;683341,9;12875h 16m;954;-9;-;-;-;-;N/A;N/A;N/A;N/A;N/A;N/A;NAO;NAO;" ";" ";-;SBT / Des / SPM / SPC / VPa;Sir / TBT;Fortaleza;CE
20/10/2025 11:25:10;20/10/2025 11:25:10;SIM;683341,9;12875h 15m;929;-10;-;-;-;-;N/A;N/A;N/A;N/A;N/A;N/A;NAO;NAO;" ";" ";-;SBT / Des / SPM / SPC / VPa;Sir / TBT;Fortaleza;CE
20/10/2025 11:22:15;20/10/2025 11:22:15;SIM;683341,8;12875h 12m;556;-13;-;-;-;-;N/A;N/A;N/A;N/A;N/A;N/A;NAO;NAO;" ";" ";-;SBT / Des / SPM / SPC / VPa;Sir / TBT;Fortaleza;CE
20/10/2025 11:22:11;20/10/2025 11:22:11;SIM;683341,8;12875h 12m;565;-13;-;-;-;-;N/A;N/A;N/A;N/A;N/A;N/A;NAO;NAO;" ";" ";-;SBT / Des / SPM / SPC / VPa;Sir / TBT;Fortaleza;CE
20/10/2025 11:21:51;20/10/2025 11:21:53;SIM;683341,8;12875h 12m;564;-13;-;-;-;-;N/A;N/A;N/A;N/A;N/A;N/A;NAO;NAO;" ";" ";-;SBT / Des / SPM / SPC / VPa;Sir / TBT;Fortaleza;CE
20/10/2025 11:17:38;20/10/2025 11:17:39;SIM;683341,7;12875h 8m;566;-6;-;-;-;-;N/A;N/A;N/A;N/A;N/A;N/A;NAO;NAO;" ";" ";-;SBT / SPC / VPa;Sir;Fortaleza;CE
20/10/2025 11:17:34;20/10/2025 11:17:36;SIM;683341,7;12875h 8m;565;-6;-;-;-;-;N/A;N/A;N/A;N/A;N/A;N/A;NAO;NAO;" ";" ";-;SBT / SPC / VPa;Sir;Fortaleza;CE
20/10/2025 11:17:24;20/10/2025 11:17:25;SIM;683341,7;12875h 8m;565;-6;-;-;-;-;N/A;N/A;N/A;N/A;N/A;N/A;NAO;NAO;" ";" ";-;SBT / SPC / VPa;Sir;Fortaleza;CE
20/10/2025 11:15:40;20/10/2025 11:15:53;SIM;683341,7;12875h 6m;564;-9;-;-;-;-;N/A;N/A;N/A;N/A;N/A;N/A;NAO;NAO;" ";" ";-;SBT / SPC / VPa;Sir;Fortaleza;CE
20/10/2025 11:15:37;20/10/2025 11:15:52;SIM;683341,7;12875h 6m;564;-9;-;-;-;-;N/A;N/A;N/A;N/A;N/A;N/A;NAO;NAO;" ";" ";-;SBT / SPC / VPa;Sir;Fortaleza;CE
20/10/2025 11:14:55;20/10/2025 11:14:56;SIM;683341,7;12875h 5m;564;-9;-;-;-;-;N/A;N/A;N/A;N/A;N/A;N/A;NAO;NAO;" ";" ";-;SBT / SPC / VPa;Sir;Fortaleza;CE
20/10/2025 11:14:30;20/10/2025 11:14:31;SIM;683341,7;12875h 5m;569;-9;-;-;-;-;N/A;N/A;N/A;N/A;N/A;N/A;NAO;NAO;" ";" ";-;SBT / SPC / VPa;Sir;Fortaleza;CE
20/10/2025 11:14:27;20/10/2025 11:14:28;SIM;683341,7;12875h 5m;564;-9;-;-;-;-;N/A;N/A;N/A;N/A;N/A;N/A;NAO;NAO;" ";" ";-;SBT / SPC / VPa;Sir;Fortaleza;CE
20/10/2025 11:13:45;20/10/2025 11:14:00;SIM;683341,7;12875h 4m;566;-9;-;-;-;-;N/A;N/A;N/A;N/A;N/A;N/A;NAO;NAO;" ";" ";-;SBT / SPC / VPa;Sir;Fortaleza;CE
20/10/2025 11:12:42;20/10/2025 11:12:43;SIM;683341,7;12875h 3m;564;-10;-;-;-;-;N/A;N/A;N/A;N/A;N/A;N/A;NAO;NAO;" ";" ";-;SBT / SPC / VPa;Sir;Fortaleza;CE
20/10/2025 11:11:56;20/10/2025 11:11:56;SIM;683341,7;12875h 2m;0;-10;-;-;-;-;N/A;N/A;N/A;N/A;N/A;N/A;NAO;NAO;" ";" ";-;SBT / SPC / VPa;Sir;Fortaleza;CE
20/10/2025 11:09:00;20/10/2025 11:09:02;NAO;683341,7;12875h 2m;0;-11;-;-;-;-;N/A;N/A;N/A;N/A;N/A;N/A;NAO;NAO;" ";" ";-;SBT / SPC / VPa;Sir;Fortaleza;CE
20/10/2025 11:06:18;20/10/2025 11:06:20;NAO;683341,7;12875h 2m;0;-10;-;-;-;-;N/A;N/A;N/A;N/A;N/A;N/A;NAO;NAO;" ";" ";-;SBT / SPC / VPa;Sir;Fortaleza;CE
20/10/2025 11:06:14;20/10/2025 11:06:15;NAO;683341,7;12875h 2m;0;-10;-;-;-;-;N/A;N/A;N/A;N/A;N/A;N/A;NAO;NAO;" ";" ";-;SBT / SPC / VPa;Sir;Fortaleza;CE
20/10/2025 11:05:00;20/10/2025 11:05:02;NAO;683341,7;12875h 2m;0;-9;-;-;-;-;N/A;N/A;N/A;N/A;N/A;N/A;NAO;NAO;" ";" ";-;SBT / SPC / VPa;Sir;Fortaleza;CE
20/10/2025 11:01:00;20/10/2025 11:01:02;NAO;683341,7;12875h 2m;0;-2;-;-;-;-;N/A;N/A;N/A;N/A;N/A;N/A;NAO;NAO;" ";" ";-;SBT / SPC / VPa;Sir;Fortaleza;CE
20/10/2025 10:57:00;20/10/2025 10:57:02;NAO;683341,7;12875h 2m;0;7;-;-;-;-;N/A;N/A;N/A;N/A;N/A;N/A;NAO;NAO;" ";" ";-;SBT / SPC / VPa;Sir;Fortaleza;CE
20/10/2025 10:53:00;20/10/2025 10:53:01;NAO;683341,7;12875h 2m;0;-3;-;-;-;-;N/A;N/A;N/A;N/A;N/A;N/A;NAO;NAO;" ";" ";-;SBT / SPC / VPa;Sir;Fortaleza;CE
20/10/2025 10:49:00;20/10/2025 10:49:01;NAO;683341,7;12875h 2m;0;-9;-;-;-;-;N/A;N/A;N/A;N/A;N/A;N/A;NAO;NAO;" ";" ";-;SBT / SPC / VPa;Sir;Fortaleza;CE
20/10/2025 10:45:00;20/10/2025 10:45:01;NAO;683341,7;12875h 2m;0;-10;-;-;-;-;N/A;N/A;N/A;N/A;N/A;N/A;NAO;NAO;" ";" ";-;SBT / SPC / VPa;Sir;Fortaleza;CE
20/10/2025 10:41:00;20/10/2025 10:41:02;NAO;683341,7;12875h 2m;0;-12;-;-;-;-;N/A;N/A;N/A;N/A;N/A;N/A;NAO;NAO;" ";" ";-;SBT / SPC / VPa;Sir;Fortaleza;CE
20/10/2025 10:37:00;20/10/2025 10:37:00;NAO;683341,7;12875h 2m;0;-8;-;-;-;-;N/A;N/A;N/A;N/A;N/A;N/A;NAO;NAO;" ";" ";-;SBT / SPC / VPa;Sir;Fortaleza;CE
20/10/2025 10:36:29;20/10/2025 10:36:30;NAO;683341,7;12875h 2m;0;-7;-;-;-;-;N/A;N/A;N/A;N/A;N/A;N/A;NAO;NAO;" ";" ";-;SBT / SPC / VPa;Sir;Fortaleza;CE
20/10/2025 10:36:12;20/10/2025 10:36:14;NAO;683341,7;12875h 2m;0;-6;-;-;-;-;N/A;N/A;N/A;N/A;N/A;N/A;NAO;NAO;" ";" ";-;SBT / SPC / VPa;Sir;Fortaleza;CE
20/10/2025 10:33:00;20/10/2025 10:33:01;NAO;683341,7;12875h 2m;0;-9;-;-;-;-;N/A;N/A;N/A;N/A;N/A;N/A;NAO;NAO;" ";" ";-;SBT / SPC / VPa;Sir;Fortaleza;CE
20/10/2025 10:29:57;20/10/2025 10:29:57;NAO;683341,7;12875h 2m;0;-10;-;-;-;-;N/A;N/A;N/A;N/A;N/A;N/A;NAO;NAO;" ";" ";-;SBT / SPC / VPa;Sir;Fortaleza;CE
20/10/2025 10:29:55;20/10/2025 10:29:57;NAO;683341,7;12875h 2m;0;-10;-;-;-;-;N/A;N/A;N/A;N/A;N/A;N/A;NAO;NAO;" ";" ";-;SBT / SPC / VPa;Sir;Fortaleza;CE
20/10/2025 10:29:45;20/10/2025 10:29:46;NAO;683341,7;12875h 2m;0;-10;-;-;-;-;N/A;N/A;N/A;N/A;N/A;N/A;NAO;NAO;" ";" ";-;SBT / SPC / VPa;Sir;Fortaleza;CE
20/10/2025 10:29:03;20/10/2025 10:29:05;NAO;683341,7;12875h 2m;0;-11;-;-;-;-;N/A;N/A;N/A;N/A;N/A;N/A;NAO;NAO;" ";" ";-;SBT / SPC / VPa;Sir;Fortaleza;CE
20/10/2025 10:29:01;20/10/2025 10:29:02;NAO;683341,7;12875h 2m;565;-11;-;-;-;-;N/A;N/A;N/A;N/A;N/A;N/A;NAO;NAO;" ";" ";-;SBT / SPC / VPa;Sir;Fortaleza;CE
20/10/2025 10:28:55;20/10/2025 10:28:57;SIM;683341,7;12875h 2m;566;-11;-;-;-;-;N/A;N/A;N/A;N/A;N/A;N/A;NAO;NAO;" ";" ";-;SBT / SPC / VPa;Sir;Fortaleza;CE
20/10/2025 10:28:02;20/10/2025 10:28:03;SIM;683341,7;12875h 1m;565;-11;-;-;-;-;N/A;N/A;N/A;N/A;N/A;N/A;NAO;NAO;" ";" ";-;SBT / SPC / VPa;Sir;Fortaleza;CE
20/10/2025 10:27:48;20/10/2025 10:27:49;SIM;683341,7;12875h 1m;569;-11;-;-;-;-;N/A;N/A;N/A;N/A;N/A;N/A;NAO;NAO;" ";" ";-;SBT / SPC / VPa;Sir;Fortaleza;CE
20/10/2025 10:24:30;20/10/2025 10:24:31;SIM;683341,7;12874h 58m;572;-13;-;-;-;-;N/A;N/A;N/A;N/A;N/A;N/A;NAO;NAO;" ";" ";-;SBT / SPC / VPa;Sir;Fortaleza;CE
20/10/2025 10:23:44;20/10/2025 10:24:00;SIM;683341,6;12874h 57m;564;-12;-;-;-;-;N/A;N/A;N/A;N/A;N/A;N/A;NAO;NAO;" ";" ";-;SBT / SPC / VPa;Sir;Fortaleza;CE
20/10/2025 10:22:18;20/10/2025 10:22:19;SIM;683341,6;12874h 55m;565;-10;-;-;-;-;N/A;N/A;N/A;N/A;N/A;N/A;NAO;NAO;" ";" ";-;SBT / SPC / VPa;Sir;Fortaleza;CE
20/10/2025 10:21:31;20/10/2025 10:21:32;SIM;683341,6;12874h 55m;0;-9;-;-;-;-;N/A;N/A;N/A;N/A;N/A;N/A;NAO;NAO;" ";" ";-;SBT / SPC / VPa;Sir;Fortaleza;CE
20/10/2025 10:21:27;20/10/2025 10:21:27;NAO;683341,6;12874h 55m;0;-9;-;-;-;-;N/A;N/A;N/A;N/A;N/A;N/A;NAO;NAO;" ";" ";-;SBT / SPC / VPa;Sir;Fortaleza;CE
20/10/2025 10:19:50;20/10/2025 10:19:51;NAO;683341,6;12874h 55m;0;-9;-;-;-;-;N/A;N/A;N/A;N/A;N/A;N/A;NAO;NAO;" ";" ";-;SBT / SPC / VPa;Sir;Fortaleza;CE
20/10/2025 10:15:50;20/10/2025 10:15:51;NAO;683341,6;12874h 55m;0;-10;-;-;-;-;N/A;N/A;N/A;N/A;N/A;N/A;NAO;NAO;" ";" ";-;SBT / SPC / VPa;Sir;Fortaleza;CE
20/10/2025 10:11:58;20/10/2025 10:11:58;NAO;683341,6;12874h 55m;0;-11;-;-;-;-;N/A;N/A;N/A;N/A;N/A;N/A;NAO;NAO;" ";" ";-;SBT / SPC / VPa;Sir;Fortaleza;CE
20/10/2025 10:11:55;20/10/2025 10:11:56;NAO;683341,6;12874h 55m;0;-11;-;-;-;-;N/A;N/A;N/A;N/A;N/A;N/A;NAO;NAO;" ";" ";-;SBT / SPC / VPa;Sir;Fortaleza;CE
20/10/2025 10:11:54;20/10/2025 10:11:55;NAO;683341,6;12874h 55m;0;-11;-;-;-;-;N/A;N/A;N/A;N/A;N/A;N/A;NAO;NAO;" ";" ";-;SBT / SPC / VPa;Sir;Fortaleza;CE
20/10/2025 10:11:53;20/10/2025 10:11:54;NAO;683341,6;12874h 55m;0;-11;-;-;-;-;N/A;N/A;N/A;N/A;N/A;N/A;NAO;NAO;" ";" ";-;SBT / SPC / VPa;Sir;Fortaleza;CE
20/10/2025 10:11:51;20/10/2025 10:11:51;NAO;683341,6;12874h 55m;566;-11;-;-;-;-;N/A;N/A;N/A;N/A;N/A;N/A;NAO;NAO;" ";" ";-;SBT / SPC / VPa;Sir;Fortaleza;CE
20/10/2025 10:11:49;20/10/2025 10:11:50;SIM;683341,6;12874h 55m;563;-11;-;-;-;-;N/A;N/A;N/A;N/A;N/A;N/A;NAO;NAO;" ";" ";-;SBT / SPC / VPa;Sir;Fortaleza;CE
20/10/2025 10:10:21;20/10/2025 10:10:26;SIM;683341,6;12874h 53m;565;-13;-;-;-;-;N/A;N/A;N/A;N/A;N/A;N/A;NAO;NAO;" ";" ";-;SBT / SPC / VPa;Sir;Fortaleza;CE
20/10/2025 10:10:10;20/10/2025 10:10:10;SIM;683341,6;12874h 53m;561;-13;-;-;-;-;N/A;N/A;N/A;N/A;N/A;N/A;NAO;NAO;" ";" ";-;SBT / SPC / VPa;Sir;Fortaleza;CE
20/10/2025 10:07:00;20/10/2025 10:07:02;SIM;683341,5;12874h 50m;543;-11;-;-;-;-;N/A;N/A;N/A;N/A;N/A;N/A;NAO;NAO;" ";" ";-;SBT / SPC / VPa;Sir;Fortaleza;CE
20/10/2025 10:04:57;20/10/2025 10:04:57;SIM;683341,5;12874h 48m;756;-8;-;-;-;-;N/A;N/A;N/A;N/A;N/A;N/A;NAO;NAO;" ";" ";-;SBT / SPC / VPa;Sir;Fortaleza;CE
20/10/2025 10:03:03;20/10/2025 10:03:04;SIM;683341,1;12874h 46m;975;-8;-;-;-;-;N/A;N/A;N/A;N/A;N/A;N/A;NAO;NAO;" ";" ";-;SBT / SPC / VPa;Sir;Fortaleza;CE
20/10/2025 10:02:13;20/10/2025 10:02:21;SIM;683340,9;12874h 45m;964;-9;-;-;-;-;N/A;N/A;N/A;N/A;N/A;N/A;NAO;NAO;" ";" ";-;SBT / SPC / VPa;Sir;Fortaleza;CE
20/10/2025 10:01:57;20/10/2025 10:02:13;SIM;683340,9;12874h 45m;918;-9;-;-;-;-;N/A;N/A;N/A;N/A;N/A;N/A;NAO;NAO;" ";" ";-;SBT / SPC / VPa;Sir;Fortaleza;CE
20/10/2025 10:00:29;20/10/2025 10:00:31;SIM;683340,6;12874h 43m;757;-9;-;-;-;-;N/A;N/A;N/A;N/A;N/A;N/A;NAO;NAO;" ";" ";-;SBT / SPC / VPa;Sir;Fortaleza;CE
20/10/2025 09:58:48;20/10/2025 09:58:51;SIM;683340,1;12874h 42m;1110;-10;-;-;-;-;N/A;N/A;N/A;N/A;N/A;N/A;NAO;NAO;" ";" ";-;SBT / SPC / VPa;Sir;Fortaleza;CE
20/10/2025 09:58:33;20/10/2025 09:58:34;SIM;683340,0;12874h 41m;1173;-10;-;-;-;-;N/A;N/A;N/A;N/A;N/A;N/A;NAO;NAO;" ";" ";-;SBT / SPC / VPa;Sir;Fortaleza;CE
20/10/2025 09:58:17;20/10/2025 09:58:18;SIM;683340,0;12874h 41m;887;-10;-;-;-;-;N/A;N/A;N/A;N/A;N/A;N/A;NAO;NAO;" ";" ";-;SBT / SPC / VPa;Sir;Fortaleza;CE
20/10/2025 09:56:30;20/10/2025 09:56:31;SIM;683339,9;12874h 39m;0;-11;-;-;-;-;N/A;N/A;N/A;N/A;N/A;N/A;NAO;NAO;" ";" ";-;SBT / SPC / VPa;Sir;Fortaleza;CE
20/10/2025 09:54:27;20/10/2025 09:54:28;NAO;683339,9;12874h 39m;0;-12;-;-;-;-;N/A;N/A;N/A;N/A;N/A;N/A;NAO;NAO;" ";" ";-;SBT / SPC / VPa;Sir;Fortaleza;CE
20/10/2025 09:50:27;20/10/2025 09:50:29;NAO;683339,9;12874h 39m;0;-11;-;-;-;-;N/A;N/A;N/A;N/A;N/A;N/A;NAO;NAO;" ";" ";-;SBT / SPC / VPa;Sir;Fortaleza;CE
20/10/2025 09:46:27;20/10/2025 09:46:29;NAO;683339,9;12874h 39m;0;-9;-;-;-;-;N/A;N/A;N/A;N/A;N/A;N/A;NAO;NAO;" ";" ";-;SBT / SPC / VPa;Sir;Fortaleza;CE
20/10/2025 09:42:27;20/10/2025 09:42:29;NAO;683339,9;12874h 39m;0;-10;-;-;-;-;N/A;N/A;N/A;N/A;N/A;N/A;NAO;NAO;" ";" ";-;SBT / SPC / VPa;Sir;Fortaleza;CE
20/10/2025 09:38:27;20/10/2025 09:38:29;NAO;683339,9;12874h 39m;0;-13;-;-;-;-;N/A;N/A;N/A;N/A;N/A;N/A;NAO;NAO;" ";" ";-;SBT / SPC / VPa;Sir;Fortaleza;CE
20/10/2025 09:34:27;20/10/2025 09:34:28;NAO;683339,9;12874h 39m;0;-11;-;-;-;-;N/A;N/A;N/A;N/A;N/A;N/A;NAO;NAO;" ";" ";-;SBT / SPC / VPa;Sir;Fortaleza;CE
20/10/2025 09:30:27;20/10/2025 09:30:29;NAO;683339,9;12874h 39m;0;-9;-;-;-;-;N/A;N/A;N/A;N/A;N/A;N/A;NAO;NAO;" ";" ";-;SBT / SPC / VPa;Sir;Fortaleza;CE
20/10/2025 09:26:27;20/10/2025 09:26:29;NAO;683339,9;12874h 39m;0;-10;-;-;-;-;N/A;N/A;N/A;N/A;N/A;N/A;NAO;NAO;" ";" ";-;SBT / SPC / VPa;Sir;Fortaleza;CE
20/10/2025 09:22:27;20/10/2025 09:22:29;NAO;683339,9;12874h 39m;0;-13;-;-;-;-;N/A;N/A;N/A;N/A;N/A;N/A;NAO;NAO;" ";" ";-;SBT / SPC / VPa;Sir;Fortaleza;CE
20/10/2025 09:18:27;20/10/2025 09:18:29;NAO;683339,9;12874h 39m;0;-13;-;-;-;-;N/A;N/A;N/A;N/A;N/A;N/A;NAO;NAO;" ";" ";-;SBT / SPC / VPa;Sir;Fortaleza;CE
20/10/2025 09:14:27;20/10/2025 09:14:29;NAO;683339,9;12874h 39m;0;-7;-;-;-;-;N/A;N/A;N/A;N/A;N/A;N/A;NAO;NAO;" ";" ";-;SBT / SPC / VPa;Sir;Fortaleza;CE
20/10/2025 09:10:27;20/10/2025 09:10:29;NAO;683339,9;12874h 39m;0;-10;-;-;-;-;N/A;N/A;N/A;N/A;N/A;N/A;NAO;NAO;" ";" ";-;SBT / SPC / VPa;Sir;Fortaleza;CE
20/10/2025 09:06:27;20/10/2025 09:06:29;NAO;683339,9;12874h 39m;0;-11;-;-;-;-;N/A;N/A;N/A;N/A;N/A;N/A;NAO;NAO;" ";" ";-;SBT / SPC / VPa;Sir;Fortaleza;CE
20/10/2025 09:02:27;20/10/2025 09:02:28;NAO;683339,9;12874h 39m;0;-14;-;-;-;-;N/A;N/A;N/A;N/A;N/A;N/A;NAO;NAO;" ";" ";-;SBT / SPC / VPa;Sir;Fortaleza;CE
20/10/2025 08:58:27;20/10/2025 08:58:29;NAO;683339,9;12874h 39m;0;-11;-;-;-;-;N/A;N/A;N/A;N/A;N/A;N/A;NAO;NAO;" ";" ";-;SBT / SPC / VPa;Sir;Fortaleza;CE
20/10/2025 08:54:28;20/10/2025 08:54:29;NAO;683339,9;12874h 39m;0;-9;-;-;-;-;N/A;N/A;N/A;N/A;N/A;N/A;NAO;NAO;" ";" ";-;SBT / SPC / VPa;Sir;Fortaleza;CE
20/10/2025 08:50:28;20/10/2025 08:50:28;NAO;683339,9;12874h 39m;0;-10;-;-;-;-;N/A;N/A;N/A;N/A;N/A;N/A;NAO;NAO;" ";" ";-;SBT / SPC / VPa;Sir;Fortaleza;CE
20/10/2025 08:46:27;20/10/2025 08:46:28;NAO;683339,9;12874h 39m;0;-11;-;-;-;-;N/A;N/A;N/A;N/A;N/A;N/A;NAO;NAO;" ";" ";-;SBT / SPC / VPa;Sir;Fortaleza;CE
20/10/2025 08:42:28;20/10/2025 08:42:28;NAO;683339,9;12874h 39m;0;-14;-;-;-;-;N/A;N/A;N/A;N/A;N/A;N/A;NAO;NAO;" ";" ";-;SBT / SPC / VPa;Sir;Fortaleza;CE
20/10/2025 08:38:54;20/10/2025 08:38:54;NAO;683339,9;12874h 39m;0;-15;-;-;-;-;N/A;N/A;N/A;N/A;N/A;N/A;NAO;NAO;" ";" ";-;SBT / SPC / VPa;Sir;Fortaleza;CE
20/10/2025 08:38:49;20/10/2025 08:38:49;NAO;683339,9;12874h 39m;0;-15;-;-;-;-;N/A;N/A;N/A;N/A;N/A;N/A;NAO;NAO;" ";" ";-;SBT / SPC / VPa;Sir;Fortaleza;CE
20/10/2025 08:38:28;20/10/2025 08:38:28;NAO;683339,9;12874h 39m;0;-15;-;-;-;-;N/A;N/A;N/A;N/A;N/A;N/A;NAO;NAO;" ";" ";-;SBT / SPC / VPa;Sir;Fortaleza;CE
20/10/2025 08:38:19;20/10/2025 08:38:19;NAO;683339,9;12874h 39m;0;-15;-;-;-;-;N/A;N/A;N/A;N/A;N/A;N/A;NAO;NAO;" ";" ";-;SBT / SPC / VPa;Sir;Fortaleza;CE
20/10/2025 08:38:13;20/10/2025 08:38:16;NAO;683339,9;12874h 39m;0;-15;-;-;-;-;N/A;N/A;N/A;N/A;N/A;N/A;NAO;NAO;" ";" ";-;SBT / SPC / VPa;Sir;Fortaleza;CE
20/10/2025 08:34:28;20/10/2025 08:34:28;NAO;683339,9;12874h 39m;0;-9;-;-;-;-;N/A;N/A;N/A;N/A;N/A;N/A;NAO;NAO;" ";" ";-;SBT / SPC / VPa;Sir;Fortaleza;CE
20/10/2025 08:32:35;20/10/2025 08:32:36;NAO;683339,9;12874h 39m;0;-11;-;-;-;-;N/A;N/A;N/A;N/A;N/A;N/A;NAO;NAO;" ";" ";-;SBT / SPC / VPa;Sir;Fortaleza;CE
20/10/2025 08:32:29;20/10/2025 08:32:30;NAO;683339,9;12874h 39m;0;-13;-;-;-;-;N/A;N/A;N/A;N/A;N/A;N/A;NAO;NAO;" ";" ";-;SBT / SPC / VPa;Sir;Fortaleza;CE
20/10/2025 08:31:37;20/10/2025 08:31:39;NAO;683339,9;12874h 39m;0;-13;-;-;-;-;N/A;N/A;N/A;N/A;N/A;N/A;NAO;NAO;" ";" ";-;SBT / SPC / VPa;Sir;Fortaleza;CE
20/10/2025 08:31:30;20/10/2025 08:31:31;NAO;683339,9;12874h 39m;0;-13;-;-;-;-;N/A;N/A;N/A;N/A;N/A;N/A;NAO;NAO;" ";" ";-;SBT / SPC / VPa;Sir;Fortaleza;CE
20/10/2025 08:30:28;20/10/2025 08:30:44;NAO;683339,9;12874h 39m;0;-13;-;-;-;-;N/A;N/A;N/A;N/A;N/A;N/A;NAO;NAO;" ";" ";-;SBT / SPC / VPa;Sir;Fortaleza;CE
20/10/2025 08:26:28;20/10/2025 08:26:28;NAO;683339,9;12874h 39m;0;-15;-;-;-;-;N/A;N/A;N/A;N/A;N/A;N/A;NAO;NAO;" ";" ";-;SBT / SPC / VPa;Sir;Fortaleza;CE
20/10/2025 08:22:28;20/10/2025 08:22:29;NAO;683339,9;12874h 39m;0;-13;-;-;-;-;N/A;N/A;N/A;N/A;N/A;N/A;NAO;NAO;" ";" ";-;SBT / SPC / VPa;Sir;Fortaleza;CE
20/10/2025 08:18:28;20/10/2025 08:18:28;NAO;683339,9;12874h 39m;0;-13;-;-;-;-;N/A;N/A;N/A;N/A;N/A;N/A;NAO;NAO;" ";" ";-;SBT / SPC / VPa;Sir;Fortaleza;CE
20/10/2025 08:14:31;20/10/2025 08:14:31;NAO;683339,9;12874h 39m;0;-14;-;-;-;-;N/A;N/A;N/A;N/A;N/A;N/A;NAO;NAO;" ";" ";-;SBT / SPC / VPa;Sir;Fortaleza;CE
20/10/2025 08:14:28;20/10/2025 08:14:29;NAO;683339,9;12874h 39m;0;-14;-;-;-;-;N/A;N/A;N/A;N/A;N/A;N/A;NAO;NAO;" ";" ";-;SBT / SPC / VPa;Sir;Fortaleza;CE
20/10/2025 08:14:13;20/10/2025 08:14:13;SIM;683339,9;12874h 39m;0;-14;-;-;-;-;N/A;N/A;N/A;N/A;N/A;N/A;NAO;NAO;" ";" ";-;SBT / SPC / VPa;Sir;Fortaleza;CE
20/10/2025 08:14:11;20/10/2025 08:14:12;NAO;683339,9;12874h 39m;0;-15;-;-;-;-;N/A;N/A;N/A;N/A;N/A;N/A;NAO;NAO;" ";" ";-;SBT / SPC / VPa;Sir;Fortaleza;CE
20/10/2025 08:14:03;20/10/2025 08:14:04;NAO;683339,9;12874h 39m;0;-14;-;-;-;-;N/A;N/A;N/A;N/A;N/A;N/A;NAO;NAO;" ";" ";-;SBT / SPC / VPa;Sir;Fortaleza;CE
20/10/2025 08:11:16;20/10/2025 08:11:17;NAO;683339,9;12874h 39m;0;-15;-;-;-;-;N/A;N/A;N/A;N/A;N/A;N/A;NAO;NAO;" ";" ";-;SBT / SPC / VPa;Sir;Fortaleza;CE
20/10/2025 08:07:16;20/10/2025 08:07:17;NAO;683339,9;12874h 39m;0;-9;-;-;-;-;N/A;N/A;N/A;N/A;N/A;N/A;NAO;NAO;" ";" ";-;SBT / SPC / VPa;Sir;Fortaleza;CE
20/10/2025 08:03:16;20/10/2025 08:03:16;NAO;683339,9;12874h 39m;0;-13;-;-;-;-;N/A;N/A;N/A;N/A;N/A;N/A;NAO;NAO;" ";" ";-;SBT / SPC / VPa;Sir;Fortaleza;CE
20/10/2025 07:59:16;20/10/2025 07:59:16;NAO;683339,9;12874h 39m;0;-15;-;-;-;-;N/A;N/A;N/A;N/A;N/A;N/A;NAO;NAO;" ";" ";-;SBT / SPC / VPa;Sir;Fortaleza;CE
20/10/2025 07:55:16;20/10/2025 07:55:21;NAO;683339,9;12874h 39m;0;-13;-;-;-;-;N/A;N/A;N/A;N/A;N/A;N/A;NAO;NAO;" ";" ";-;SBT / SPC / VPa;Sir;Fortaleza;CE
20/10/2025 07:51:16;20/10/2025 07:51:17;NAO;683339,9;12874h 39m;0;-13;-;-;-;-;N/A;N/A;N/A;N/A;N/A;N/A;NAO;NAO;" ";" ";-;SBT / SPC / VPa;Sir;Fortaleza;CE
20/10/2025 07:47:16;20/10/2025 07:47:16;NAO;683339,9;12874h 39m;0;-14;-;-;-;-;N/A;N/A;N/A;N/A;N/A;N/A;NAO;NAO;" ";" ";-;SBT / SPC / VPa;Sir;Fortaleza;CE
20/10/2025 07:43:16;20/10/2025 07:43:17;NAO;683339,9;12874h 39m;0;-15;-;-;-;-;N/A;N/A;N/A;N/A;N/A;N/A;NAO;NAO;" ";" ";-;SBT / SPC / VPa;Sir;Fortaleza;CE
20/10/2025 07:39:16;20/10/2025 07:39:17;NAO;683339,9;12874h 39m;0;-9;-;-;-;-;N/A;N/A;N/A;N/A;N/A;N/A;NAO;NAO;" ";" ";-;SBT / SPC / VPa;Sir;Fortaleza;CE
20/10/2025 07:35:16;20/10/2025 07:35:17;NAO;683339,9;12874h 39m;0;-12;-;-;-;-;N/A;N/A;N/A;N/A;N/A;N/A;NAO;NAO;" ";" ";-;SBT / SPC / VPa;Sir;Fortaleza;CE
20/10/2025 07:31:16;20/10/2025 07:31:17;NAO;683339,9;12874h 39m;0;-15;-;-;-;-;N/A;N/A;N/A;N/A;N/A;N/A;NAO;NAO;" ";" ";-;SBT / SPC / VPa;Sir;Fortaleza;CE
20/10/2025 07:27:16;20/10/2025 07:27:17;NAO;683339,9;12874h 39m;0;-14;-;-;-;-;N/A;N/A;N/A;N/A;N/A;N/A;NAO;NAO;" ";" ";-;SBT / SPC / VPa;Sir;Fortaleza;CE
20/10/2025 07:23:16;20/10/2025 07:23:17;NAO;683339,9;12874h 39m;0;-12;-;-;-;-;N/A;N/A;N/A;N/A;N/A;N/A;NAO;NAO;" ";" ";-;SBT / SPC / VPa;Sir;Fortaleza;CE
20/10/2025 07:19:16;20/10/2025 07:19:47;NAO;683339,9;12874h 39m;0;-14;-;-;-;-;N/A;N/A;N/A;N/A;N/A;N/A;NAO;NAO;" ";" ";-;SBT / SPC / VPa;Sir;Fortaleza;CE
20/10/2025 07:16:28;20/10/2025 07:16:30;NAO;683339,9;12874h 39m;0;-15;-;-;-;-;N/A;N/A;N/A;N/A;N/A;N/A;NAO;NAO;" ";" ";-;SBT / SPC / VPa;Sir;Fortaleza;CE
20/10/2025 07:16:24;20/10/2025 07:16:26;NAO;683339,9;12874h 39m;0;-15;-;-;-;-;N/A;N/A;N/A;N/A;N/A;N/A;NAO;NAO;" ";" ";-;SBT / SPC / VPa;Sir;Fortaleza;CE
20/10/2025 07:15:16;20/10/2025 07:15:17;NAO;683339,9;12874h 39m;0;-16;-;-;-;-;N/A;N/A;N/A;N/A;N/A;N/A;NAO;NAO;" ";" ";-;SBT / SPC / VPa;Sir;Fortaleza;CE
20/10/2025 07:11:16;20/10/2025 07:11:19;NAO;683339,9;12874h 39m;0;-10;-;-;-;-;N/A;N/A;N/A;N/A;N/A;N/A;NAO;NAO;" ";" ";-;SBT / SPC / VPa;Sir;Fortaleza;CE
20/10/2025 07:07:16;20/10/2025 07:07:17;NAO;683339,9;12874h 39m;0;-13;-;-;-;-;N/A;N/A;N/A;N/A;N/A;N/A;NAO;NAO;" ";" ";-;SBT / SPC / VPa;Sir;Fortaleza;CE
20/10/2025 07:03:16;20/10/2025 07:03:17;NAO;683339,9;12874h 39m;0;-14;-;-;-;-;N/A;N/A;N/A;N/A;N/A;N/A;NAO;NAO;" ";" ";-;SBT / SPC / VPa;Sir;Fortaleza;CE
20/10/2025 06:59:16;20/10/2025 06:59:17;NAO;683339,9;12874h 39m;0;-14;-;-;-;-;N/A;N/A;N/A;N/A;N/A;N/A;NAO;NAO;" ";" ";-;SBT / SPC / VPa;Sir;Fortaleza;CE
20/10/2025 06:55:16;20/10/2025 06:55:16;NAO;683339,9;12874h 39m;0;-11;-;-;-;-;N/A;N/A;N/A;N/A;N/A;N/A;NAO;NAO;" ";" ";-;SBT / SPC / VPa;Sir;Fortaleza;CE
20/10/2025 06:51:16;20/10/2025 06:51:16;NAO;683339,9;12874h 39m;0;-13;-;-;-;-;N/A;N/A;N/A;N/A;N/A;N/A;NAO;NAO;" ";" ";-;SBT / SPC / VPa;Sir;Fortaleza;CE
20/10/2025 06:47:16;20/10/2025 06:47:16;NAO;683339,9;12874h 39m;0;-15;-;-;-;-;N/A;N/A;N/A;N/A;N/A;N/A;NAO;NAO;" ";" ";-;SBT / SPC / VPa;Sir;Fortaleza;CE
20/10/2025 06:43:16;20/10/2025 06:43:16;NAO;683339,9;12874h 39m;0;-11;-;-;-;-;N/A;N/A;N/A;N/A;N/A;N/A;NAO;NAO;" ";" ";-;SBT / SPC / VPa;Sir;Fortaleza;CE
20/10/2025 06:40:00;20/10/2025 06:40:13;NAO;683339,9;12874h 39m;0;-13;-;-;-;-;N/A;N/A;N/A;N/A;N/A;N/A;NAO;NAO;" ";" ";-;SBT / SPC / VPa;Sir;Fortaleza;CE
20/10/2025 06:39:57;20/10/2025 06:39:57;NAO;683339,9;12874h 39m;0;-13;-;-;-;-;N/A;N/A;N/A;N/A;N/A;N/A;NAO;NAO;" ";" ";-;SBT / SPC / VPa;Sir;Fortaleza;CE
20/10/2025 06:39:26;20/10/2025 06:39:27;NAO;683339,9;12874h 39m;0;-13;-;-;-;-;N/A;N/A;N/A;N/A;N/A;N/A;NAO;NAO;" ";" ";-;SBT / SPC / VPa;Sir;Fortaleza;CE
20/10/2025 06:39:19;20/10/2025 06:39:20;NAO;683339,9;12874h 39m;0;-12;-;-;-;-;N/A;N/A;N/A;N/A;N/A;N/A;NAO;NAO;" ";" ";-;SBT / SPC / VPa;Sir;Fortaleza;CE
20/10/2025 06:39:16;20/10/2025 06:39:17;NAO;683339,9;12874h 39m;0;-13;-;-;-;-;N/A;N/A;N/A;N/A;N/A;N/A;NAO;NAO;" ";" ";-;SBT / SPC / VPa;Sir;Fortaleza;CE
20/10/2025 06:39:13;20/10/2025 06:39:14;SIM;683339,9;12874h 39m;0;-13;-;-;-;-;N/A;N/A;N/A;N/A;N/A;N/A;NAO;NAO;" ";" ";-;SBT / SPC / VPa;Sir;Fortaleza;CE
20/10/2025 06:39:00;20/10/2025 06:39:00;NAO;683339,9;12874h 39m;0;-12;-;-;-;-;N/A;N/A;N/A;N/A;N/A;N/A;NAO;NAO;" ";" ";-;SBT / SPC / VPa;Sir;Fortaleza;CE
20/10/2025 06:35:00;20/10/2025 06:34:59;NAO;683339,9;12874h 39m;0;-14;-;-;-;-;N/A;N/A;N/A;N/A;N/A;N/A;NAO;NAO;" ";" ";-;SBT / SPC / VPa;Sir;Fortaleza;CE
20/10/2025 06:31:03;20/10/2025 06:31:04;NAO;683339,9;12874h 39m;0;-16;-;-;-;-;N/A;N/A;N/A;N/A;N/A;N/A;NAO;NAO;" ";" ";-;SBT / SPC / VPa;Sir;Fortaleza;CE
20/10/2025 06:31:01;20/10/2025 06:31:00;NAO;683339,9;12874h 39m;0;-17;-;-;-;-;N/A;N/A;N/A;N/A;N/A;N/A;NAO;NAO;" ";" ";-;SBT / SPC / VPa;Sir;Fortaleza;CE
20/10/2025 06:30:51;20/10/2025 06:30:52;SIM;683339,9;12874h 39m;0;-16;-;-;-;-;N/A;N/A;N/A;N/A;N/A;N/A;NAO;NAO;" ";" ";-;SBT / SPC / VPa;Sir;Fortaleza;CE
20/10/2025 06:30:46;20/10/2025 06:30:47;NAO;683339,9;12874h 39m;0;-16;-;-;-;-;N/A;N/A;N/A;N/A;N/A;N/A;NAO;NAO;" ";" ";-;SBT / SPC / VPa;Sir;Fortaleza;CE
20/10/2025 06:30:30;20/10/2025 06:30:31;NAO;683339,9;12874h 39m;0;-15;-;-;-;-;N/A;N/A;N/A;N/A;N/A;N/A;NAO;NAO;" ";" ";-;SBT / SPC / VPa;Sir;Fortaleza;CE
20/10/2025 06:30:17;20/10/2025 06:30:18;NAO;683339,9;12874h 39m;0;-15;-;-;-;-;N/A;N/A;N/A;N/A;N/A;N/A;NAO;NAO;" ";" ";-;SBT / SPC / VPa;Sir;Fortaleza;CE
20/10/2025 06:30:13;20/10/2025 06:30:15;NAO;683339,9;12874h 39m;0;-15;-;-;-;-;N/A;N/A;N/A;N/A;N/A;N/A;NAO;NAO;" ";" ";-;SBT / SPC / VPa;Sir;Fortaleza;CE
20/10/2025 06:30:06;20/10/2025 06:30:14;NAO;683339,9;12874h 39m;0;-15;-;-;-;-;N/A;N/A;N/A;N/A;N/A;N/A;NAO;NAO;" ";" ";-;SBT / Des / SPC / VPa;Sir / TBT;Fortaleza;CE
20/10/2025 06:30:05;20/10/2025 06:30:07;NAO;683339,9;12874h 39m;0;-15;-;-;-;-;N/A;N/A;N/A;N/A;N/A;N/A;NAO;NAO;" ";" ";-;SBT / Des / SPC / VPa;Sir / TBT;Fortaleza;CE
20/10/2025 06:30:02;20/10/2025 06:30:02;NAO;683339,9;12874h 39m;566;-15;-;-;-;-;N/A;N/A;N/A;N/A;N/A;N/A;NAO;NAO;" ";" ";-;SBT / Des / SPC / VPa;Sir / TBT;Fortaleza;CE
20/10/2025 06:29:51;20/10/2025 06:29:51;SIM;683339,9;12874h 39m;565;-15;-;-;-;-;N/A;N/A;N/A;N/A;N/A;N/A;NAO;NAO;" ";" ";-;SBT / Des / SPC / VPa;Sir / TBT;Fortaleza;CE
20/10/2025 06:28:30;20/10/2025 06:28:30;SIM;683339,8;12874h 37m;1118;-13;-;-;-;-;N/A;N/A;N/A;N/A;N/A;N/A;NAO;NAO;" ";" ";-;SBT / Des / SPM / SPC / VPa;Sir / TBT;Fortaleza;CE
20/10/2025 06:27:14;20/10/2025 06:27:14;SIM;683339,7;12874h 36m;589;-10;-;-;-;-;N/A;N/A;N/A;N/A;N/A;N/A;NAO;NAO;" ";" ";-;SBT / Des / SPM / SPC / VPa;Sir / TBT;Fortaleza;CE
20/10/2025 06:23:00;20/10/2025 06:23:01;SIM;683338,0;12874h 32m;571;-13;-;-;-;-;N/A;N/A;N/A;N/A;N/A;N/A;NAO;NAO;" ";" ";-;SBT / Des / SPM / SPC / VPa;Sir / TBT;Fortaleza;CE
20/10/2025 06:19:03;20/10/2025 06:19:03;SIM;683337,1;12874h 28m;1094;-14;-;-;-;-;N/A;N/A;N/A;N/A;N/A;N/A;NAO;NAO;" ";" ";-;SBT / Des / SPM / SPC / VPa;Sir / TBT;Fortaleza;CE
20/10/2025 06:17:17;20/10/2025 06:17:19;SIM;683336,0;12874h 26m;960;-16;-;-;-;-;N/A;N/A;N/A;N/A;N/A;N/A;NAO;NAO;" ";" ";-;SBT / Des / SPM / SPC / VPa;Sir / TBT;Fortaleza;CE
20/10/2025 06:16:41;20/10/2025 06:16:42;SIM;683335,6;12874h 25m;1220;-16;-;-;-;-;N/A;N/A;N/A;N/A;N/A;N/A;NAO;NAO;" ";" ";-;SBT / Des / SPM / SPC / VPa;Sir / TBT;Fortaleza;CE
20/10/2025 06:14:37;20/10/2025 06:14:39;SIM;683334,1;12874h 23m;1144;-15;-;-;-;-;N/A;N/A;N/A;N/A;N/A;N/A;NAO;NAO;" ";" ";-;SBT / Des / SPM / SPC / VPa;Sir / TBT;Fortaleza;CE
20/10/2025 06:13:32;20/10/2025 06:13:32;SIM;683333,6;12874h 22m;943;-13;-;-;-;-;N/A;N/A;N/A;N/A;N/A;N/A;NAO;NAO;" ";" ";-;SBT / Des / SPM / SPC / VPa;Sir / TBT;Fortaleza;CE
20/10/2025 06:13:02;20/10/2025 06:13:02;SIM;683333,3;12874h 22m;1103;-14;-;-;-;-;N/A;N/A;N/A;N/A;N/A;N/A;NAO;NAO;" ";" ";-;SBT / Des / SPM / SPC / VPa;Sir / TBT;Fortaleza;CE
20/10/2025 06:08:57;20/10/2025 06:08:58;SIM;683330,0;12874h 18m;989;-12;-;-;-;-;N/A;N/A;N/A;N/A;N/A;N/A;NAO;NAO;" ";" ";-;SBT / Des / SPM / SPC / VPa;Sir / TBT;Fortaleza;CE
20/10/2025 06:04:43;20/10/2025 06:04:43;SIM;683325,9;12874h 13m;1070;-14;-;-;-;-;N/A;N/A;N/A;N/A;N/A;N/A;NAO;NAO;" ";" ";-;SBT / Des / SPM / SPC / VPa;Sir / TBT;Fortaleza;CE
20/10/2025 06:00:29;20/10/2025 06:00:30;SIM;683322,1;12874h 9m;1195;-15;-;-;-;-;N/A;N/A;N/A;N/A;N/A;N/A;NAO;NAO;" ";" ";-;SBT / Des / SPM / SPC / VPa;Sir / TBT;Fortaleza;CE
20/10/2025 06:00:13;20/10/2025 06:00:14;SIM;683322,0;12874h 9m;1114;-15;-;-;-;-;N/A;N/A;N/A;N/A;N/A;N/A;NAO;NAO;" ";" ";-;SBT / Des / SPM / SPC / VPa;Sir / TBT;Fortaleza;CE
20/10/2025 05:59:59;20/10/2025 06:00:01;SIM;683321,9;12874h 9m;989;-15;-;-;-;-;N/A;N/A;N/A;N/A;N/A;N/A;NAO;NAO;" ";" ";-;SBT / Des / SPM / SPC / VPa;Sir / TBT;Fortaleza;CE
20/10/2025 05:59:58;20/10/2025 05:59:58;SIM;683321,9;12874h 9m;1023;-15;-;-;-;-;N/A;N/A;N/A;N/A;N/A;N/A;NAO;NAO;" ";" ";-;SBT / Des / SPM / SPC / VPa;Sir / TBT;Fortaleza;CE
20/10/2025 05:59:28;20/10/2025 05:59:29;SIM;683321,7;12874h 8m;1135;-15;-;-;-;-;N/A;N/A;N/A;N/A;N/A;N/A;NAO;NAO;" ";" ";-;SBT / Des / SPM / SPC / VPa;Sir / TBT;Fortaleza;CE
20/10/2025 05:57:08;20/10/2025 05:57:08;SIM;683321,4;12874h 6m;753;-10;-;-;-;-;N/A;N/A;N/A;N/A;N/A;N/A;NAO;NAO;" ";" ";-;SBT / Des / SPM / SPC / VPa;Sir / TBT;Fortaleza;CE
20/10/2025 05:54:08;20/10/2025 05:54:09;SIM;683321,4;12874h 3m;0;-13;-;-;-;-;N/A;N/A;N/A;N/A;N/A;N/A;NAO;NAO;" ";" ";-;SBT / Des / SPM / SPC / VPa;Sir / TBT;Fortaleza;CE
20/10/2025 05:54:02;20/10/2025 05:54:02;NAO;683321,4;12874h 3m;0;-13;-;-;-;-;N/A;N/A;N/A;N/A;N/A;N/A;NAO;NAO;" ";" ";-;SBT / Des / SPM / SPC / VPa;Sir / TBT;Fortaleza;CE
20/10/2025 05:54:00;20/10/2025 05:54:00;NAO;683321,4;12874h 3m;0;-13;-;-;-;-;N/A;N/A;N/A;N/A;N/A;N/A;NAO;NAO;" ";" ";-;SBT / Des / SPM / SPC / VPa;Sir / TBT;Fortaleza;CE
20/10/2025 05:53:57;20/10/2025 05:53:58;NAO;683321,4;12874h 3m;0;-13;-;-;-;-;N/A;N/A;N/A;N/A;N/A;N/A;NAO;NAO;" ";" ";-;SBT / Des / SPM / SPC / VPa;Sir / TBT;Fortaleza;CE
20/10/2025 05:53:27;20/10/2025 05:53:28;SIM;683321,4;12874h 2m;0;-13;-;-;-;-;N/A;N/A;N/A;N/A;N/A;N/A;NAO;NAO;" ";" ";-;SBT / Des / SPM / SPC / VPa;Sir / TBT;Fortaleza;CE
20/10/2025 05:53:25;20/10/2025 05:53:26;NAO;683321,4;12874h 2m;0;-12;-;-;-;-;N/A;N/A;N/A;N/A;N/A;N/A;NAO;NAO;" ";" ";-;SBT / Des / SPM / SPC / VPa;Sir / TBT;Fortaleza;CE
20/10/2025 05:53:22;20/10/2025 05:53:23;NAO;683321,4;12874h 2m;0;-13;-;-;-;-;N/A;N/A;N/A;N/A;N/A;N/A;NAO;NAO;" ";" ";-;SBT / Des / SPM / SPC / VPa;Sir / TBT;Fortaleza;CE
20/10/2025 05:52:44;20/10/2025 05:52:45;SIM;683321,4;12874h 2m;0;-13;-;-;-;-;N/A;N/A;N/A;N/A;N/A;N/A;NAO;NAO;" ";" ";-;SBT / Des / SPM / SPC / VPa;Sir / TBT;Fortaleza;CE
20/10/2025 05:52:41;20/10/2025 05:52:42;NAO;683321,4;12874h 2m;0;-12;-;-;-;-;N/A;N/A;N/A;N/A;N/A;N/A;NAO;NAO;" ";" ";-;SBT / Des / SPM / SPC / VPa;Sir / TBT;Fortaleza;CE
20/10/2025 05:51:06;20/10/2025 05:51:06;SIM;683321,4;12874h 0m;0;-13;-;-;-;-;N/A;N/A;N/A;N/A;N/A;N/A;NAO;NAO;" ";" ";-;SBT / Des / SPM / SPC / VPa;Sir / TBT;Fortaleza;CE
20/10/2025 05:51:04;20/10/2025 05:51:04;NAO;683321,4;12874h 0m;0;-14;-;-;-;-;N/A;N/A;N/A;N/A;N/A;N/A;NAO;NAO;" ";" ";-;SBT / Des / SPM / SPC / VPa;Sir / TBT;Fortaleza;CE
20/10/2025 05:51:00;20/10/2025 05:51:00;SIM;683321,4;12874h 0m;0;-14;-;-;-;-;N/A;N/A;N/A;N/A;N/A;N/A;NAO;NAO;" ";" ";-;SBT / Des / SPM / SPC / VPa;Sir / TBT;Fortaleza;CE
20/10/2025 05:50:49;20/10/2025 05:50:51;SIM;683321,4;12874h 0m;0;-13;-;-;-;-;N/A;N/A;N/A;N/A;N/A;N/A;NAO;NAO;" ";" ";-;SBT / Des / SPM / SPC / VPa;Sir / TBT;Fortaleza;CE
20/10/2025 05:50:39;20/10/2025 05:50:40;NAO;683321,4;12874h 0m;0;-13;-;-;-;-;N/A;N/A;N/A;N/A;N/A;N/A;NAO;NAO;" ";" ";-;SBT / Des / SPM / SPC / VPa;Sir / TBT;Fortaleza;CE
20/10/2025 05:50:30;20/10/2025 05:50:31;NAO;683321,4;12874h 0m;0;-14;-;-;-;-;N/A;N/A;N/A;N/A;N/A;N/A;NAO;NAO;" ";" ";-;SBT / Des / SPM / SPC / VPa;Sir / TBT;Fortaleza;CE
20/10/2025 05:50:10;20/10/2025 05:50:26;NAO;683321,4;12874h 0m;0;-14;-;-;-;-;N/A;N/A;N/A;N/A;N/A;N/A;NAO;NAO;" ";" ";-;SBT / Des / SPM / SPC / VPa;Sir / TBT;Fortaleza;CE
20/10/2025 05:49:46;20/10/2025 05:49:47;NAO;683321,4;12874h 0m;0;-14;-;-;-;-;N/A;N/A;N/A;N/A;N/A;N/A;NAO;NAO;" ";" ";-;SBT / Des / SPM / SPC / VPa;Sir / TBT;Fortaleza;CE
20/10/2025 05:49:40;20/10/2025 05:49:42;NAO;683321,4;12874h 0m;0;-15;-;-;-;-;N/A;N/A;N/A;N/A;N/A;N/A;NAO;NAO;" ";" ";-;SBT / Des / SPM / SPC / VPa;Sir / TBT;Fortaleza;CE
20/10/2025 05:49:24;20/10/2025 05:49:25;NAO;683321,4;12874h 0m;0;-15;-;-;-;-;N/A;N/A;N/A;N/A;N/A;N/A;NAO;NAO;" ";" ";-;SBT / Des / SPM / SPC / VPa;Sir / TBT;Fortaleza;CE
20/10/2025 05:49:12;20/10/2025 05:49:13;NAO;683321,4;12874h 0m;0;-15;-;-;-;-;N/A;N/A;N/A;N/A;N/A;N/A;NAO;NAO;" ";" ";-;SBT / Des / SPM / SPC / VPa;Sir / TBT;Fortaleza;CE
20/10/2025 05:49:06;20/10/2025 05:49:06;NAO;683321,4;12874h 0m;0;-14;-;-;-;-;N/A;N/A;N/A;N/A;N/A;N/A;NAO;NAO;" ";" ";-;SBT / Des / SPM / SPC / VPa;Sir / TBT;Fortaleza;CE
20/10/2025 05:49:03;20/10/2025 05:49:04;NAO;683321,4;12874h 0m;0;-15;-;-;-;-;N/A;N/A;N/A;N/A;N/A;N/A;NAO;NAO;" ";" ";-;SBT / Des / SPM / SPC / VPa;Sir / TBT;Fortaleza;CE
20/10/2025 05:48:48;20/10/2025 05:48:49;SIM;683321,4;12874h 0m;0;-15;-;-;-;-;N/A;N/A;N/A;N/A;N/A;N/A;NAO;NAO;" ";" ";-;SBT / Des / SPM / SPC / VPa;Sir / TBT;Fortaleza;CE
20/10/2025 05:48:41;20/10/2025 05:48:42;NAO;683321,4;12874h 0m;0;-15;-;-;-;-;N/A;N/A;N/A;N/A;N/A;N/A;NAO;NAO;" ";" ";-;SBT / Des / SPM / SPC / VPa;Sir / TBT;Fortaleza;CE
20/10/2025 05:47:34;20/10/2025 05:47:35;NAO;683321,4;12874h 0m;0;-15;-;-;-;-;N/A;N/A;N/A;N/A;N/A;N/A;NAO;NAO;" ";" ";-;SBT / Des / SPM / SPC / VPa;Sir / TBT;Fortaleza;CE
20/10/2025 05:47:24;20/10/2025 05:47:24;NAO;683321,4;12874h 0m;0;-15;-;-;-;-;N/A;N/A;N/A;N/A;N/A;N/A;NAO;NAO;" ";" ";-;SBT / Des / SPM / SPC / VPa;Sir / TBT;Fortaleza;CE
20/10/2025 05:44:57;20/10/2025 05:44:58;NAO;683321,4;12874h 0m;0;-14;-;-;-;-;N/A;N/A;N/A;N/A;N/A;N/A;NAO;NAO;" ";" ";-;SBT / Des / SPM / SPC / VPa;Sir / TBT;Fortaleza;CE
20/10/2025 05:40:57;20/10/2025 05:40:58;NAO;683321,4;12874h 0m;0;-11;-;-;-;-;N/A;N/A;N/A;N/A;N/A;N/A;NAO;NAO;" ";" ";-;SBT / Des / SPM / SPC / VPa;Sir / TBT;Fortaleza;CE
20/10/2025 05:36:57;20/10/2025 05:36:58;NAO;683321,4;12874h 0m;0;-14;-;-;-;-;N/A;N/A;N/A;N/A;N/A;N/A;NAO;NAO;" ";" ";-;SBT / Des / SPM / SPC / VPa;Sir / TBT;Fortaleza;CE
20/10/2025 05:32:57;20/10/2025 05:32:58;NAO;683321,4;12874h 0m;0;-15;-;-;-;-;N/A;N/A;N/A;N/A;N/A;N/A;NAO;NAO;" ";" ";-;SBT / Des / SPM / SPC / VPa;Sir / TBT;Fortaleza;CE
20/10/2025 05:28:57;20/10/2025 05:28:58;NAO;683321,4;12874h 0m;0;-14;-;-;-;-;N/A;N/A;N/A;N/A;N/A;N/A;NAO;NAO;" ";" ";-;SBT / Des / SPM / SPC / VPa;Sir / TBT;Fortaleza;CE
20/10/2025 05:26:01;20/10/2025 05:26:01;NAO;683321,4;12874h 0m;0;-12;-;-;-;-;N/A;N/A;N/A;N/A;N/A;N/A;NAO;NAO;" ";" ";-;SBT / Des / SPM / SPC / VPa;Sir / TBT;Fortaleza;CE
20/10/2025 05:24:57;20/10/2025 05:24:58;NAO;683321,4;12874h 0m;0;-13;-;-;-;-;N/A;N/A;N/A;N/A;N/A;N/A;NAO;NAO;" ";" ";-;SBT / Des / SPM / SPC / VPa;Sir / TBT;Fortaleza;CE
20/10/2025 05:24:49;20/10/2025 05:24:50;NAO;683321,4;12874h 0m;0;-12;-;-;-;-;N/A;N/A;N/A;N/A;N/A;N/A;NAO;NAO;" ";" ";-;SBT / Des / SPM / SPC / VPa;Sir / TBT;Fortaleza;CE
20/10/2025 05:20:57;20/10/2025 05:20:58;NAO;683321,4;12874h 0m;0;-15;-;-;-;-;N/A;N/A;N/A;N/A;N/A;N/A;NAO;NAO;" ";" ";-;SBT / Des / SPM / SPC / VPa;Sir / TBT;Fortaleza;CE
20/10/2025 05:16:57;20/10/2025 05:16:58;NAO;683321,4;12874h 0m;0;-16;-;-;-;-;N/A;N/A;N/A;N/A;N/A;N/A;NAO;NAO;" ";" ";-;SBT / Des / SPM / SPC / VPa;Sir / TBT;Fortaleza;CE
20/10/2025 05:12:57;20/10/2025 05:12:58;NAO;683321,4;12874h 0m;0;-10;-;-;-;-;N/A;N/A;N/A;N/A;N/A;N/A;NAO;NAO;" ";" ";-;SBT / Des / SPM / SPC / VPa;Sir / TBT;Fortaleza;CE
20/10/2025 05:08:57;20/10/2025 05:08:57;NAO;683321,4;12874h 0m;0;-12;-;-;-;-;N/A;N/A;N/A;N/A;N/A;N/A;NAO;NAO;" ";" ";-;SBT / Des / SPM / SPC / VPa;Sir / TBT;Fortaleza;CE
20/10/2025 05:04:57;20/10/2025 05:04:57;NAO;683321,4;12874h 0m;0;-14;-;-;-;-;N/A;N/A;N/A;N/A;N/A;N/A;NAO;NAO;" ";" ";-;SBT / Des / SPM / SPC / VPa;Sir / TBT;Fortaleza;CE
20/10/2025 05:00:57;20/10/2025 05:00:57;NAO;683321,4;12874h 0m;0;-15;-;-;-;-;N/A;N/A;N/A;N/A;N/A;N/A;NAO;NAO;" ";" ";-;SBT / Des / SPM / SPC / VPa;Sir / TBT;Fortaleza;CE
20/10/2025 04:56:57;20/10/2025 04:56:57;NAO;683321,4;12874h 0m;0;-11;-;-;-;-;N/A;N/A;N/A;N/A;N/A;N/A;NAO;NAO;" ";" ";-;SBT / Des / SPM / SPC / VPa;Sir / TBT;Fortaleza;CE
20/10/2025 04:52:57;20/10/2025 04:52:57;NAO;683321,4;12874h 0m;0;-13;-;-;-;-;N/A;N/A;N/A;N/A;N/A;N/A;NAO;NAO;" ";" ";-;SBT / Des / SPM / SPC / VPa;Sir / TBT;Fortaleza;CE
20/10/2025 04:48:57;20/10/2025 04:48:57;NAO;683321,4;12874h 0m;0;-15;-;-;-;-;N/A;N/A;N/A;N/A;N/A;N/A;NAO;NAO;" ";" ";-;SBT / Des / SPM / SPC / VPa;Sir / TBT;Fortaleza;CE
20/10/2025 04:44:57;20/10/2025 04:44:58;NAO;683321,4;12874h 0m;0;-14;-;-;-;-;N/A;N/A;N/A;N/A;N/A;N/A;NAO;NAO;" ";" ";-;SBT / Des / SPM / SPC / VPa;Sir / TBT;Fortaleza;CE
20/10/2025 04:40:57;20/10/2025 04:40:58;NAO;683321,4;12874h 0m;0;-13;-;-;-;-;N/A;N/A;N/A;N/A;N/A;N/A;NAO;NAO;" ";" ";-;SBT / Des / SPM / SPC / VPa;Sir / TBT;Fortaleza;CE
20/10/2025 04:36:57;20/10/2025 04:36:57;NAO;683321,4;12874h 0m;0;-13;-;-;-;-;N/A;N/A;N/A;N/A;N/A;N/A;NAO;NAO;" ";" ";-;SBT / Des / SPM / SPC / VPa;Sir / TBT;Fortaleza;CE
20/10/2025 04:32:57;20/10/2025 04:32:57;NAO;683321,4;12874h 0m;0;-16;-;-;-;-;N/A;N/A;N/A;N/A;N/A;N/A;NAO;NAO;" ";" ";-;SBT / Des / SPM / SPC / VPa;Sir / TBT;Fortaleza;CE
20/10/2025 04:28:57;20/10/2025 04:28:57;NAO;683321,4;12874h 0m;0;-11;-;-;-;-;N/A;N/A;N/A;N/A;N/A;N/A;NAO;NAO;" ";" ";-;SBT / Des / SPM / SPC / VPa;Sir / TBT;Fortaleza;CE
20/10/2025 04:24:57;20/10/2025 04:24:58;NAO;683321,4;12874h 0m;0;-13;-;-;-;-;N/A;N/A;N/A;N/A;N/A;N/A;NAO;NAO;" ";" ";-;SBT / Des / SPM / SPC / VPa;Sir / TBT;Fortaleza;CE
20/10/2025 04:20:57;20/10/2025 04:20:58;NAO;683321,4;12874h 0m;0;-14;-;-;-;-;N/A;N/A;N/A;N/A;N/A;N/A;NAO;NAO;" ";" ";-;SBT / Des / SPM / SPC / VPa;Sir / TBT;Fortaleza;CE
20/10/2025 04:16:57;20/10/2025 04:16:58;NAO;683321,4;12874h 0m;0;-15;-;-;-;-;N/A;N/A;N/A;N/A;N/A;N/A;NAO;NAO;" ";" ";-;SBT / Des / SPM / SPC / VPa;Sir / TBT;Fortaleza;CE
20/10/2025 04:12:57;20/10/2025 04:12:58;NAO;683321,4;12874h 0m;0;-10;-;-;-;-;N/A;N/A;N/A;N/A;N/A;N/A;NAO;NAO;" ";" ";-;SBT / Des / SPM / SPC / VPa;Sir / TBT;Fortaleza;CE
20/10/2025 04:08:57;20/10/2025 04:08:58;NAO;683321,4;12874h 0m;0;-14;-;-;-;-;N/A;N/A;N/A;N/A;N/A;N/A;NAO;NAO;" ";" ";-;SBT / Des / SPM / SPC / VPa;Sir / TBT;Fortaleza;CE
20/10/2025 04:04:57;20/10/2025 04:04:58;NAO;683321,4;12874h 0m;0;-15;-;-;-;-;N/A;N/A;N/A;N/A;N/A;N/A;NAO;NAO;" ";" ";-;SBT / Des / SPM / SPC / VPa;Sir / TBT;Fortaleza;CE
20/10/2025 04:00:57;20/10/2025 04:00:58;NAO;683321,4;12874h 0m;0;-14;-;-;-;-;N/A;N/A;N/A;N/A;N/A;N/A;NAO;NAO;" ";" ";-;SBT / Des / SPM / SPC / VPa;Sir / TBT;Fortaleza;CE
20/10/2025 03:56:57;20/10/2025 03:56:58;NAO;683321,4;12874h 0m;0;-12;-;-;-;-;N/A;N/A;N/A;N/A;N/A;N/A;NAO;NAO;" ";" ";-;SBT / Des / SPM / SPC / VPa;Sir / TBT;Fortaleza;CE
20/10/2025 03:52:57;20/10/2025 03:52:58;NAO;683321,4;12874h 0m;0;-14;-;-;-;-;N/A;N/A;N/A;N/A;N/A;N/A;NAO;NAO;" ";" ";-;SBT / Des / SPM / SPC / VPa;Sir / TBT;Fortaleza;CE
20/10/2025 03:48:57;20/10/2025 03:48:58;NAO;683321,4;12874h 0m;0;-15;-;-;-;-;N/A;N/A;N/A;N/A;N/A;N/A;NAO;NAO;" ";" ";-;SBT / Des / SPM / SPC / VPa;Sir / TBT;Fortaleza;CE
20/10/2025 03:44:57;20/10/2025 03:44:58;NAO;683321,4;12874h 0m;0;-13;-;-;-;-;N/A;N/A;N/A;N/A;N/A;N/A;NAO;NAO;" ";" ";-;SBT / Des / SPM / SPC / VPa;Sir / TBT;Fortaleza;CE
20/10/2025 03:40:57;20/10/2025 03:40:58;NAO;683321,4;12874h 0m;0;-13;-;-;-;-;N/A;N/A;N/A;N/A;N/A;N/A;NAO;NAO;" ";" ";-;SBT / Des / SPM / SPC / VPa;Sir / TBT;Fortaleza;CE
20/10/2025 03:36:57;20/10/2025 03:36:58;NAO;683321,4;12874h 0m;0;-14;-;-;-;-;N/A;N/A;N/A;N/A;N/A;N/A;NAO;NAO;" ";" ";-;SBT / Des / SPM / SPC / VPa;Sir / TBT;Fortaleza;CE
20/10/2025 03:32:57;20/10/2025 03:32:58;NAO;683321,4;12874h 0m;0;-15;-;-;-;-;N/A;N/A;N/A;N/A;N/A;N/A;NAO;NAO;" ";" ";-;SBT / Des / SPM / SPC / VPa;Sir / TBT;Fortaleza;CE
20/10/2025 03:28:57;20/10/2025 03:28:58;NAO;683321,4;12874h 0m;0;-10;-;-;-;-;N/A;N/A;N/A;N/A;N/A;N/A;NAO;NAO;" ";" ";-;SBT / Des / SPM / SPC / VPa;Sir / TBT;Fortaleza;CE
20/10/2025 03:24:57;20/10/2025 03:24:58;NAO;683321,4;12874h 0m;0;-14;-;-;-;-;N/A;N/A;N/A;N/A;N/A;N/A;NAO;NAO;" ";" ";-;SBT / Des / SPM / SPC / VPa;Sir / TBT;Fortaleza;CE
20/10/2025 03:20:57;20/10/2025 03:21:59;NAO;683321,4;12874h 0m;0;-15;-;-;-;-;N/A;N/A;N/A;N/A;N/A;N/A;SIM;NAO;" ";" ";-;SBT / Des / SPM / SPC / VPa;Sir / TBT;Fortaleza;CE
20/10/2025 03:16:57;20/10/2025 03:16:58;NAO;683321,4;12874h 0m;0;-14;-;-;-;-;N/A;N/A;N/A;N/A;N/A;N/A;NAO;NAO;" ";" ";-;SBT / Des / SPM / SPC / VPa;Sir / TBT;Fortaleza;CE
20/10/2025 03:12:57;20/10/2025 03:12:58;NAO;683321,4;12874h 0m;0;-13;-;-;-;-;N/A;N/A;N/A;N/A;N/A;N/A;NAO;NAO;" ";" ";-;SBT / Des / SPM / SPC / VPa;Sir / TBT;Fortaleza;CE
20/10/2025 03:08:57;20/10/2025 03:08:57;NAO;683321,4;12874h 0m;0;-14;-;-;-;-;N/A;N/A;N/A;N/A;N/A;N/A;NAO;NAO;" ";" ";-;SBT / Des / SPM / SPC / VPa;Sir / TBT;Fortaleza;CE
20/10/2025 03:04:57;20/10/2025 03:04:57;NAO;683321,4;12874h 0m;0;-15;-;-;-;-;N/A;N/A;N/A;N/A;N/A;N/A;NAO;NAO;" ";" ";-;SBT / Des / SPM / SPC / VPa;Sir / TBT;Fortaleza;CE
20/10/2025 03:00:57;20/10/2025 03:00:57;NAO;683321,4;12874h 0m;0;-13;-;-;-;-;N/A;N/A;N/A;N/A;N/A;N/A;NAO;NAO;" ";" ";-;SBT / Des / SPM / SPC / VPa;Sir / TBT;Fortaleza;CE
20/10/2025 02:56:57;20/10/2025 02:56:58;NAO;683321,4;12874h 0m;0;-13;-;-;-;-;N/A;N/A;N/A;N/A;N/A;N/A;NAO;NAO;" ";" ";-;SBT / Des / SPM / SPC / VPa;Sir / TBT;Fortaleza;CE
20/10/2025 02:52:57;20/10/2025 02:52:57;NAO;683321,4;12874h 0m;0;-14;-;-;-;-;N/A;N/A;N/A;N/A;N/A;N/A;NAO;NAO;" ";" ";-;SBT / Des / SPM / SPC / VPa;Sir / TBT;Fortaleza;CE
20/10/2025 02:48:57;20/10/2025 02:48:57;NAO;683321,4;12874h 0m;0;-15;-;-;-;-;N/A;N/A;N/A;N/A;N/A;N/A;NAO;NAO;" ";" ";-;SBT / Des / SPM / SPC / VPa;Sir / TBT;Fortaleza;CE
20/10/2025 02:44:57;20/10/2025 02:44:57;NAO;683321,4;12874h 0m;0;-10;-;-;-;-;N/A;N/A;N/A;N/A;N/A;N/A;NAO;NAO;" ";" ";-;SBT / Des / SPM / SPC / VPa;Sir / TBT;Fortaleza;CE
20/10/2025 02:40:57;20/10/2025 02:40:57;NAO;683321,4;12874h 0m;0;-14;-;-;-;-;N/A;N/A;N/A;N/A;N/A;N/A;NAO;NAO;" ";" ";-;SBT / Des / SPM / SPC / VPa;Sir / TBT;Fortaleza;CE
20/10/2025 02:36:57;20/10/2025 02:36:57;NAO;683321,4;12874h 0m;0;-15;-;-;-;-;N/A;N/A;N/A;N/A;N/A;N/A;NAO;NAO;" ";" ";-;SBT / Des / SPM / SPC / VPa;Sir / TBT;Fortaleza;CE
20/10/2025 02:32:57;20/10/2025 02:32:58;NAO;683321,4;12874h 0m;0;-14;-;-;-;-;N/A;N/A;N/A;N/A;N/A;N/A;NAO;NAO;" ";" ";-;SBT / Des / SPM / SPC / VPa;Sir / TBT;Fortaleza;CE
20/10/2025 02:28:57;20/10/2025 02:28:57;NAO;683321,4;12874h 0m;0;-13;-;-;-;-;N/A;N/A;N/A;N/A;N/A;N/A;NAO;NAO;" ";" ";-;SBT / Des / SPM / SPC / VPa;Sir / TBT;Fortaleza;CE
20/10/2025 02:24:57;20/10/2025 02:24:58;NAO;683321,4;12874h 0m;0;-14;-;-;-;-;N/A;N/A;N/A;N/A;N/A;N/A;NAO;NAO;" ";" ";-;SBT / Des / SPM / SPC / VPa;Sir / TBT;Fortaleza;CE
20/10/2025 02:20:57;20/10/2025 02:21:13;NAO;683321,4;12874h 0m;0;-15;-;-;-;-;N/A;N/A;N/A;N/A;N/A;N/A;NAO;NAO;" ";" ";-;SBT / Des / SPM / SPC / VPa;Sir / TBT;Fortaleza;CE
20/10/2025 02:16:57;20/10/2025 02:16:58;NAO;683321,4;12874h 0m;0;-11;-;-;-;-;N/A;N/A;N/A;N/A;N/A;N/A;NAO;NAO;" ";" ";-;SBT / Des / SPM / SPC / VPa;Sir / TBT;Fortaleza;CE
20/10/2025 02:12:57;20/10/2025 02:12:58;NAO;683321,4;12874h 0m;0;-13;-;-;-;-;N/A;N/A;N/A;N/A;N/A;N/A;NAO;NAO;" ";" ";-;SBT / Des / SPM / SPC / VPa;Sir / TBT;Fortaleza;CE
20/10/2025 02:08:57;20/10/2025 02:08:58;NAO;683321,4;12874h 0m;0;-15;-;-;-;-;N/A;N/A;N/A;N/A;N/A;N/A;NAO;NAO;" ";" ";-;SBT / Des / SPM / SPC / VPa;Sir / TBT;Fortaleza;CE
20/10/2025 02:04:57;20/10/2025 02:04:58;NAO;683321,4;12874h 0m;0;-16;-;-;-;-;N/A;N/A;N/A;N/A;N/A;N/A;NAO;NAO;" ";" ";-;SBT / Des / SPM / SPC / VPa;Sir / TBT;Fortaleza;CE
20/10/2025 02:00:57;20/10/2025 02:00:58;NAO;683321,4;12874h 0m;0;-10;-;-;-;-;N/A;N/A;N/A;N/A;N/A;N/A;NAO;NAO;" ";" ";-;SBT / Des / SPM / SPC / VPa;Sir / TBT;Fortaleza;CE
20/10/2025 01:56:57;20/10/2025 01:56:58;NAO;683321,4;12874h 0m;0;-12;-;-;-;-;N/A;N/A;N/A;N/A;N/A;N/A;NAO;NAO;" ";" ";-;SBT / Des / SPM / SPC / VPa;Sir / TBT;Fortaleza;CE
20/10/2025 01:52:57;20/10/2025 01:52:58;NAO;683321,4;12874h 0m;0;-14;-;-;-;-;N/A;N/A;N/A;N/A;N/A;N/A;NAO;NAO;" ";" ";-;SBT / Des / SPM / SPC / VPa;Sir / TBT;Fortaleza;CE
20/10/2025 01:48:57;20/10/2025 01:48:58;NAO;683321,4;12874h 0m;0;-16;-;-;-;-;N/A;N/A;N/A;N/A;N/A;N/A;NAO;NAO;" ";" ";-;SBT / Des / SPM / SPC / VPa;Sir / TBT;Fortaleza;CE
20/10/2025 01:44:57;20/10/2025 01:44:58;NAO;683321,4;12874h 0m;0;-10;-;-;-;-;N/A;N/A;N/A;N/A;N/A;N/A;NAO;NAO;" ";" ";-;SBT / Des / SPM / SPC / VPa;Sir / TBT;Fortaleza;CE
20/10/2025 01:40:57;20/10/2025 01:40:58;NAO;683321,4;12874h 0m;0;-13;-;-;-;-;N/A;N/A;N/A;N/A;N/A;N/A;NAO;NAO;" ";" ";-;SBT / Des / SPM / SPC / VPa;Sir / TBT;Fortaleza;CE
20/10/2025 01:36:57;20/10/2025 01:36:58;NAO;683321,4;12874h 0m;0;-15;-;-;-;-;N/A;N/A;N/A;N/A;N/A;N/A;NAO;NAO;" ";" ";-;SBT / Des / SPM / SPC / VPa;Sir / TBT;Fortaleza;CE
20/10/2025 01:32:57;20/10/2025 01:32:58;NAO;683321,4;12874h 0m;0;-14;-;-;-;-;N/A;N/A;N/A;N/A;N/A;N/A;NAO;NAO;" ";" ";-;SBT / Des / SPM / SPC / VPa;Sir / TBT;Fortaleza;CE
20/10/2025 01:28:57;20/10/2025 01:28:58;NAO;683321,4;12874h 0m;0;-11;-;-;-;-;N/A;N/A;N/A;N/A;N/A;N/A;NAO;NAO;" ";" ";-;SBT / Des / SPM / SPC / VPa;Sir / TBT;Fortaleza;CE
20/10/2025 01:24:57;20/10/2025 01:24:58;NAO;683321,4;12874h 0m;0;-14;-;-;-;-;N/A;N/A;N/A;N/A;N/A;N/A;NAO;NAO;" ";" ";-;SBT / Des / SPM / SPC / VPa;Sir / TBT;Fortaleza;CE
20/10/2025 01:20:57;20/10/2025 01:20:58;NAO;683321,4;12874h 0m;0;-15;-;-;-;-;N/A;N/A;N/A;N/A;N/A;N/A;NAO;NAO;" ";" ";-;SBT / Des / SPM / SPC / VPa;Sir / TBT;Fortaleza;CE
20/10/2025 01:16:57;20/10/2025 01:16:58;NAO;683321,4;12874h 0m;0;-10;-;-;-;-;N/A;N/A;N/A;N/A;N/A;N/A;NAO;NAO;" ";" ";-;SBT / Des / SPM / SPC / VPa;Sir / TBT;Fortaleza;CE
20/10/2025 01:12:57;20/10/2025 01:12:58;NAO;683321,4;12874h 0m;0;-13;-;-;-;-;N/A;N/A;N/A;N/A;N/A;N/A;NAO;NAO;" ";" ";-;SBT / Des / SPM / SPC / VPa;Sir / TBT;Fortaleza;CE
20/10/2025 01:08:57;20/10/2025 01:08:58;NAO;683321,4;12874h 0m;0;-14;-;-;-;-;N/A;N/A;N/A;N/A;N/A;N/A;NAO;NAO;" ";" ";-;SBT / Des / SPM / SPC / VPa;Sir / TBT;Fortaleza;CE
20/10/2025 01:04:57;20/10/2025 01:04:58;NAO;683321,4;12874h 0m;0;-14;-;-;-;-;N/A;N/A;N/A;N/A;N/A;N/A;NAO;NAO;" ";" ";-;SBT / Des / SPM / SPC / VPa;Sir / TBT;Fortaleza;CE
20/10/2025 01:00:57;20/10/2025 01:00:58;NAO;683321,4;12874h 0m;0;-11;-;-;-;-;N/A;N/A;N/A;N/A;N/A;N/A;NAO;NAO;" ";" ";-;SBT / Des / SPM / SPC / VPa;Sir / TBT;Fortaleza;CE
20/10/2025 00:56:57;20/10/2025 00:56:57;NAO;683321,4;12874h 0m;0;-14;-;-;-;-;N/A;N/A;N/A;N/A;N/A;N/A;NAO;NAO;" ";" ";-;SBT / Des / SPM / SPC / VPa;Sir / TBT;Fortaleza;CE
20/10/2025 00:52:57;20/10/2025 00:52:57;NAO;683321,4;12874h 0m;0;-16;-;-;-;-;N/A;N/A;N/A;N/A;N/A;N/A;NAO;NAO;" ";" ";-;SBT / Des / SPM / SPC / VPa;Sir / TBT;Fortaleza;CE
20/10/2025 00:48:57;20/10/2025 00:48:58;NAO;683321,4;12874h 0m;0;-14;-;-;-;-;N/A;N/A;N/A;N/A;N/A;N/A;NAO;NAO;" ";" ";-;SBT / Des / SPM / SPC / VPa;Sir / TBT;Fortaleza;CE
20/10/2025 00:44:57;20/10/2025 00:44:58;NAO;683321,4;12874h 0m;0;-11;-;-;-;-;N/A;N/A;N/A;N/A;N/A;N/A;NAO;NAO;" ";" ";-;SBT / Des / SPM / SPC / VPa;Sir / TBT;Fortaleza;CE
20/10/2025 00:40:57;20/10/2025 00:40:57;NAO;683321,4;12874h 0m;0;-14;-;-;-;-;N/A;N/A;N/A;N/A;N/A;N/A;NAO;NAO;" ";" ";-;SBT / Des / SPM / SPC / VPa;Sir / TBT;Fortaleza;CE
20/10/2025 00:36:57;20/10/2025 00:36:57;NAO;683321,4;12874h 0m;0;-15;-;-;-;-;N/A;N/A;N/A;N/A;N/A;N/A;NAO;NAO;" ";" ";-;SBT / Des / SPM / SPC / VPa;Sir / TBT;Fortaleza;CE
20/10/2025 00:32:57;20/10/2025 00:32:57;NAO;683321,4;12874h 0m;0;-12;-;-;-;-;N/A;N/A;N/A;N/A;N/A;N/A;NAO;NAO;" ";" ";-;SBT / Des / SPM / SPC / VPa;Sir / TBT;Fortaleza;CE
20/10/2025 00:28:57;20/10/2025 00:28:58;NAO;683321,4;12874h 0m;0;-13;-;-;-;-;N/A;N/A;N/A;N/A;N/A;N/A;NAO;NAO;" ";" ";-;SBT / Des / SPM / SPC / VPa;Sir / TBT;Fortaleza;CE
20/10/2025 00:24:57;20/10/2025 00:24:57;NAO;683321,4;12874h 0m;0;-14;-;-;-;-;N/A;N/A;N/A;N/A;N/A;N/A;NAO;NAO;" ";" ";-;SBT / Des / SPM / SPC / VPa;Sir / TBT;Fortaleza;CE
20/10/2025 00:20:57;20/10/2025 00:20:58;NAO;683321,4;12874h 0m;0;-15;-;-;-;-;N/A;N/A;N/A;N/A;N/A;N/A;NAO;NAO;" ";" ";-;SBT / Des / SPM / SPC / VPa;Sir / TBT;Fortaleza;CE
20/10/2025 00:16:57;20/10/2025 00:16:58;NAO;683321,4;12874h 0m;0;-11;-;-;-;-;N/A;N/A;N/A;N/A;N/A;N/A;NAO;NAO;" ";" ";-;SBT / Des / SPM / SPC / VPa;Sir / TBT;Fortaleza;CE
20/10/2025 00:12:57;20/10/2025 00:12:58;NAO;683321,4;12874h 0m;0;-14;-;-;-;-;N/A;N/A;N/A;N/A;N/A;N/A;NAO;NAO;" ";" ";-;SBT / Des / SPM / SPC / VPa;Sir / TBT;Fortaleza;CE
20/10/2025 00:08:57;20/10/2025 00:08:58;NAO;683321,4;12874h 0m;0;-15;-;-;-;-;N/A;N/A;N/A;N/A;N/A;N/A;NAO;NAO;" ";" ";-;SBT / Des / SPM / SPC / VPa;Sir / TBT;Fortaleza;CE
20/10/2025 00:04:57;20/10/2025 00:04:58;NAO;683321,4;12874h 0m;0;-14;-;-;-;-;N/A;N/A;N/A;N/A;N/A;N/A;NAO;NAO;" ";" ";-;SBT / Des / SPM / SPC / VPa;Sir / TBT;Fortaleza;CE
20/10/2025 00:00:57;20/10/2025 00:00:58;NAO;683321,4;12874h 0m;0;-13;-;-;-;-;N/A;N/A;N/A;N/A;N/A;N/A;NAO;NAO;" ";" ";-;SBT / Des / SPM / SPC / VPa;Sir / TBT;Fortaleza;CE
19/10/2025 23:56:57;19/10/2025 23:56:58;NAO;683321,4;12874h 0m;0;-14;-;-;-;-;N/A;N/A;N/A;N/A;N/A;N/A;NAO;NAO;" ";" ";-;SBT / Des / SPM / SPC / VPa;Sir / TBT;Fortaleza;CE
19/10/2025 23:52:57;19/10/2025 23:52:58;NAO;683321,4;12874h 0m;0;-15;-;-;-;-;N/A;N/A;N/A;N/A;N/A;N/A;NAO;NAO;" ";" ";-;SBT / Des / SPM / SPC / VPa;Sir / TBT;Fortaleza;CE
19/10/2025 23:48:57;19/10/2025 23:48:58;NAO;683321,4;12874h 0m;0;-9;-;-;-;-;N/A;N/A;N/A;N/A;N/A;N/A;NAO;NAO;" ";" ";-;SBT / Des / SPM / SPC / VPa;Sir / TBT;Fortaleza;CE
19/10/2025 23:44:57;19/10/2025 23:44:58;NAO;683321,4;12874h 0m;0;-12;-;-;-;-;N/A;N/A;N/A;N/A;N/A;N/A;NAO;NAO;" ";" ";-;SBT / Des / SPM / SPC / VPa;Sir / TBT;Fortaleza;CE
19/10/2025 23:40:57;19/10/2025 23:40:58;NAO;683321,4;12874h 0m;0;-14;-;-;-;-;N/A;N/A;N/A;N/A;N/A;N/A;NAO;NAO;" ";" ";-;SBT / Des / SPM / SPC / VPa;Sir / TBT;Fortaleza;CE
19/10/2025 23:36:57;19/10/2025 23:36:58;NAO;683321,4;12874h 0m;0;-15;-;-;-;-;N/A;N/A;N/A;N/A;N/A;N/A;NAO;NAO;" ";" ";-;SBT / Des / SPM / SPC / VPa;Sir / TBT;Fortaleza;CE
19/10/2025 23:32:57;19/10/2025 23:32:58;NAO;683321,4;12874h 0m;0;-11;-;-;-;-;N/A;N/A;N/A;N/A;N/A;N/A;NAO;NAO;" ";" ";-;SBT / Des / SPM / SPC / VPa;Sir / TBT;Fortaleza;CE
19/10/2025 23:28:57;19/10/2025 23:28:58;NAO;683321,4;12874h 0m;0;-13;-;-;-;-;N/A;N/A;N/A;N/A;N/A;N/A;NAO;NAO;" ";" ";-;SBT / Des / SPM / SPC / VPa;Sir / TBT;Fortaleza;CE
19/10/2025 23:24:57;19/10/2025 23:24:58;NAO;683321,4;12874h 0m;0;-15;-;-;-;-;N/A;N/A;N/A;N/A;N/A;N/A;NAO;NAO;" ";" ";-;SBT / Des / SPM / SPC / VPa;Sir / TBT;Fortaleza;CE
19/10/2025 23:20:57;19/10/2025 23:20:58;NAO;683321,4;12874h 0m;0;-13;-;-;-;-;N/A;N/A;N/A;N/A;N/A;N/A;NAO;NAO;" ";" ";-;SBT / Des / SPM / SPC / VPa;Sir / TBT;Fortaleza;CE
19/10/2025 23:16:57;19/10/2025 23:16:58;NAO;683321,4;12874h 0m;0;-13;-;-;-;-;N/A;N/A;N/A;N/A;N/A;N/A;NAO;NAO;" ";" ";-;SBT / Des / SPM / SPC / VPa;Sir / TBT;Fortaleza;CE
19/10/2025 23:12:57;19/10/2025 23:12:58;NAO;683321,4;12874h 0m;0;-14;-;-;-;-;N/A;N/A;N/A;N/A;N/A;N/A;NAO;NAO;" ";" ";-;SBT / Des / SPM / SPC / VPa;Sir / TBT;Fortaleza;CE
19/10/2025 23:08:57;19/10/2025 23:08:58;NAO;683321,4;12874h 0m;0;-15;-;-;-;-;N/A;N/A;N/A;N/A;N/A;N/A;NAO;NAO;" ";" ";-;SBT / Des / SPM / SPC / VPa;Sir / TBT;Fortaleza;CE
19/10/2025 23:04:57;19/10/2025 23:04:58;NAO;683321,4;12874h 0m;0;-9;-;-;-;-;N/A;N/A;N/A;N/A;N/A;N/A;NAO;NAO;" ";" ";-;SBT / Des / SPM / SPC / VPa;Sir / TBT;Fortaleza;CE
19/10/2025 23:00:57;19/10/2025 23:00:58;NAO;683321,4;12874h 0m;0;-13;-;-;-;-;N/A;N/A;N/A;N/A;N/A;N/A;NAO;NAO;" ";" ";-;SBT / Des / SPM / SPC / VPa;Sir / TBT;Fortaleza;CE
19/10/2025 22:56:57;19/10/2025 22:56:58;NAO;683321,4;12874h 0m;0;-15;-;-;-;-;N/A;N/A;N/A;N/A;N/A;N/A;NAO;NAO;" ";" ";-;SBT / Des / SPM / SPC / VPa;Sir / TBT;Fortaleza;CE
19/10/2025 22:52:57;19/10/2025 22:52:58;NAO;683321,4;12874h 0m;0;-15;-;-;-;-;N/A;N/A;N/A;N/A;N/A;N/A;NAO;NAO;" ";" ";-;SBT / Des / SPM / SPC / VPa;Sir / TBT;Fortaleza;CE
19/10/2025 22:48:57;19/10/2025 22:48:58;NAO;683321,4;12874h 0m;0;-11;-;-;-;-;N/A;N/A;N/A;N/A;N/A;N/A;NAO;NAO;" ";" ";-;SBT / Des / SPM / SPC / VPa;Sir / TBT;Fortaleza;CE
19/10/2025 22:44:57;19/10/2025 22:44:57;NAO;683321,4;12874h 0m;0;-13;-;-;-;-;N/A;N/A;N/A;N/A;N/A;N/A;NAO;NAO;" ";" ";-;SBT / Des / SPM / SPC / VPa;Sir / TBT;Fortaleza;CE
19/10/2025 22:40:57;19/10/2025 22:40:57;NAO;683321,4;12874h 0m;0;-15;-;-;-;-;N/A;N/A;N/A;N/A;N/A;N/A;NAO;NAO;" ";" ";-;SBT / Des / SPM / SPC / VPa;Sir / TBT;Fortaleza;CE
19/10/2025 22:36:57;19/10/2025 22:36:57;NAO;683321,4;12874h 0m;0;-12;-;-;-;-;N/A;N/A;N/A;N/A;N/A;N/A;NAO;NAO;" ";" ";-;SBT / Des / SPM / SPC / VPa;Sir / TBT;Fortaleza;CE
19/10/2025 22:32:57;19/10/2025 22:32:58;NAO;683321,4;12874h 0m;0;-13;-;-;-;-;N/A;N/A;N/A;N/A;N/A;N/A;NAO;NAO;" ";" ";-;SBT / Des / SPM / SPC / VPa;Sir / TBT;Fortaleza;CE
19/10/2025 22:28:57;19/10/2025 22:28:57;NAO;683321,4;12874h 0m;0;-14;-;-;-;-;N/A;N/A;N/A;N/A;N/A;N/A;NAO;NAO;" ";" ";-;SBT / Des / SPM / SPC / VPa;Sir / TBT;Fortaleza;CE
19/10/2025 22:24:57;19/10/2025 22:24:58;NAO;683321,4;12874h 0m;0;-15;-;-;-;-;N/A;N/A;N/A;N/A;N/A;N/A;NAO;NAO;" ";" ";-;SBT / Des / SPM / SPC / VPa;Sir / TBT;Fortaleza;CE
19/10/2025 22:20:57;19/10/2025 22:20:58;NAO;683321,4;12874h 0m;0;-12;-;-;-;-;N/A;N/A;N/A;N/A;N/A;N/A;NAO;NAO;" ";" ";-;SBT / Des / SPM / SPC / VPa;Sir / TBT;Fortaleza;CE
19/10/2025 22:16:57;19/10/2025 22:16:58;NAO;683321,4;12874h 0m;0;-14;-;-;-;-;N/A;N/A;N/A;N/A;N/A;N/A;NAO;NAO;" ";" ";-;SBT / Des / SPM / SPC / VPa;Sir / TBT;Fortaleza;CE
19/10/2025 22:12:57;19/10/2025 22:12:58;NAO;683321,4;12874h 0m;0;-15;-;-;-;-;N/A;N/A;N/A;N/A;N/A;N/A;NAO;NAO;" ";" ";-;SBT / Des / SPM / SPC / VPa;Sir / TBT;Fortaleza;CE
19/10/2025 22:08:57;19/10/2025 22:08:58;NAO;683321,4;12874h 0m;0;-12;-;-;-;-;N/A;N/A;N/A;N/A;N/A;N/A;NAO;NAO;" ";" ";-;SBT / Des / SPM / SPC / VPa;Sir / TBT;Fortaleza;CE
19/10/2025 22:04:57;19/10/2025 22:04:58;NAO;683321,4;12874h 0m;0;-13;-;-;-;-;N/A;N/A;N/A;N/A;N/A;N/A;NAO;NAO;" ";" ";-;SBT / Des / SPM / SPC / VPa;Sir / TBT;Fortaleza;CE
19/10/2025 22:00:57;19/10/2025 22:00:58;NAO;683321,4;12874h 0m;0;-14;-;-;-;-;N/A;N/A;N/A;N/A;N/A;N/A;NAO;NAO;" ";" ";-;SBT / Des / SPM / SPC / VPa;Sir / TBT;Fortaleza;CE
19/10/2025 21:56:57;19/10/2025 21:56:58;NAO;683321,4;12874h 0m;0;-14;-;-;-;-;N/A;N/A;N/A;N/A;N/A;N/A;NAO;NAO;" ";" ";-;SBT / Des / SPM / SPC / VPa;Sir / TBT;Fortaleza;CE
19/10/2025 21:52:57;19/10/2025 21:52:58;NAO;683321,4;12874h 0m;0;-11;-;-;-;-;N/A;N/A;N/A;N/A;N/A;N/A;NAO;NAO;" ";" ";-;SBT / Des / SPM / SPC / VPa;Sir / TBT;Fortaleza;CE
19/10/2025 21:48:57;19/10/2025 21:48:58;NAO;683321,4;12874h 0m;0;-13;-;-;-;-;N/A;N/A;N/A;N/A;N/A;N/A;NAO;NAO;" ";" ";-;SBT / Des / SPM / SPC / VPa;Sir / TBT;Fortaleza;CE
19/10/2025 21:44:57;19/10/2025 21:44:58;NAO;683321,4;12874h 0m;0;-15;-;-;-;-;N/A;N/A;N/A;N/A;N/A;N/A;NAO;NAO;" ";" ";-;SBT / Des / SPM / SPC / VPa;Sir / TBT;Fortaleza;CE
19/10/2025 21:40:57;19/10/2025 21:40:58;NAO;683321,4;12874h 0m;0;-13;-;-;-;-;N/A;N/A;N/A;N/A;N/A;N/A;NAO;NAO;" ";" ";-;SBT / Des / SPM / SPC / VPa;Sir / TBT;Fortaleza;CE
19/10/2025 21:36:57;19/10/2025 21:36:58;NAO;683321,4;12874h 0m;0;-13;-;-;-;-;N/A;N/A;N/A;N/A;N/A;N/A;NAO;NAO;" ";" ";-;SBT / Des / SPM / SPC / VPa;Sir / TBT;Fortaleza;CE
19/10/2025 21:32:57;19/10/2025 21:32:58;NAO;683321,4;12874h 0m;0;-15;-;-;-;-;N/A;N/A;N/A;N/A;N/A;N/A;NAO;NAO;" ";" ";-;SBT / Des / SPM / SPC / VPa;Sir / TBT;Fortaleza;CE
19/10/2025 21:28:57;19/10/2025 21:28:58;NAO;683321,4;12874h 0m;0;-15;-;-;-;-;N/A;N/A;N/A;N/A;N/A;N/A;NAO;NAO;" ";" ";-;SBT / Des / SPM / SPC / VPa;Sir / TBT;Fortaleza;CE
19/10/2025 21:24:57;19/10/2025 21:24:58;NAO;683321,4;12874h 0m;0;-10;-;-;-;-;N/A;N/A;N/A;N/A;N/A;N/A;NAO;NAO;" ";" ";-;SBT / Des / SPM / SPC / VPa;Sir / TBT;Fortaleza;CE
19/10/2025 21:16:52;19/10/2025 21:16:54;NAO;683321,4;12874h 0m;0;-15;-;-;-;-;N/A;N/A;N/A;N/A;N/A;N/A;NAO;NAO;" ";" ";-;SBT / Des / SPM / SPC / VPa;Sir / TBT;Fortaleza;CE
19/10/2025 21:12:52;19/10/2025 21:12:55;NAO;683321,4;12874h 0m;0;-13;-;-;-;-;N/A;N/A;N/A;N/A;N/A;N/A;NAO;NAO;" ";" ";-;SBT / Des / SPM / SPC / VPa;Sir / TBT;Fortaleza;CE
19/10/2025 21:08:52;19/10/2025 21:08:55;NAO;683321,4;12874h 0m;0;-12;-;-;-;-;N/A;N/A;N/A;N/A;N/A;N/A;NAO;NAO;" ";" ";-;SBT / Des / SPM / SPC / VPa;Sir / TBT;Fortaleza;CE
19/10/2025 21:04:52;19/10/2025 21:04:54;NAO;683321,4;12874h 0m;0;-15;-;-;-;-;N/A;N/A;N/A;N/A;N/A;N/A;NAO;NAO;" ";" ";-;SBT / Des / SPM / SPC / VPa;Sir / TBT;Fortaleza;CE
19/10/2025 21:00:52;19/10/2025 21:00:55;NAO;683321,4;12874h 0m;0;-15;-;-;-;-;N/A;N/A;N/A;N/A;N/A;N/A;NAO;NAO;" ";" ";-;SBT / Des / SPM / SPC / VPa;Sir / TBT;Fortaleza;CE
19/10/2025 20:56:52;19/10/2025 20:56:54;NAO;683321,4;12874h 0m;0;-11;-;-;-;-;N/A;N/A;N/A;N/A;N/A;N/A;NAO;NAO;" ";" ";-;SBT / Des / SPM / SPC / VPa;Sir / TBT;Fortaleza;CE
19/10/2025 20:52:52;19/10/2025 20:52:53;NAO;683321,4;12874h 0m;0;-14;-;-;-;-;N/A;N/A;N/A;N/A;N/A;N/A;NAO;NAO;" ";" ";-;SBT / Des / SPM / SPC / VPa;Sir / TBT;Fortaleza;CE
19/10/2025 20:48:52;19/10/2025 20:48:53;NAO;683321,4;12874h 0m;0;-15;-;-;-;-;N/A;N/A;N/A;N/A;N/A;N/A;NAO;NAO;" ";" ";-;SBT / Des / SPM / SPC / VPa;Sir / TBT;Fortaleza;CE
19/10/2025 20:44:52;19/10/2025 20:44:53;NAO;683321,4;12874h 0m;0;-11;-;-;-;-;N/A;N/A;N/A;N/A;N/A;N/A;NAO;NAO;" ";" ";-;SBT / Des / SPM / SPC / VPa;Sir / TBT;Fortaleza;CE
19/10/2025 20:40:52;19/10/2025 20:40:55;NAO;683321,4;12874h 0m;0;-13;-;-;-;-;N/A;N/A;N/A;N/A;N/A;N/A;NAO;NAO;" ";" ";-;SBT / Des / SPM / SPC / VPa;Sir / TBT;Fortaleza;CE
19/10/2025 20:36:52;19/10/2025 20:36:54;NAO;683321,4;12874h 0m;0;-15;-;-;-;-;N/A;N/A;N/A;N/A;N/A;N/A;NAO;NAO;" ";" ";-;SBT / Des / SPM / SPC / VPa;Sir / TBT;Fortaleza;CE
19/10/2025 20:32:52;19/10/2025 20:32:54;NAO;683321,4;12874h 0m;0;-15;-;-;-;-;N/A;N/A;N/A;N/A;N/A;N/A;NAO;NAO;" ";" ";-;SBT / Des / SPM / SPC / VPa;Sir / TBT;Fortaleza;CE
19/10/2025 20:28:52;19/10/2025 20:28:54;NAO;683321,4;12874h 0m;0;-11;-;-;-;-;N/A;N/A;N/A;N/A;N/A;N/A;NAO;NAO;" ";" ";-;SBT / Des / SPM / SPC / VPa;Sir / TBT;Fortaleza;CE
19/10/2025 20:24:52;19/10/2025 20:24:54;NAO;683321,4;12874h 0m;0;-13;-;-;-;-;N/A;N/A;N/A;N/A;N/A;N/A;NAO;NAO;" ";" ";-;SBT / Des / SPM / SPC / VPa;Sir / TBT;Fortaleza;CE
19/10/2025 20:20:52;19/10/2025 20:20:54;NAO;683321,4;12874h 0m;0;-14;-;-;-;-;N/A;N/A;N/A;N/A;N/A;N/A;NAO;NAO;" ";" ";-;SBT / Des / SPM / SPC / VPa;Sir / TBT;Fortaleza;CE
19/10/2025 20:16:52;19/10/2025 20:16:54;NAO;683321,4;12874h 0m;0;-10;-;-;-;-;N/A;N/A;N/A;N/A;N/A;N/A;NAO;NAO;" ";" ";-;SBT / Des / SPM / SPC / VPa;Sir / TBT;Fortaleza;CE
19/10/2025 20:12:52;19/10/2025 20:12:54;NAO;683321,4;12874h 0m;0;-13;-;-;-;-;N/A;N/A;N/A;N/A;N/A;N/A;NAO;NAO;" ";" ";-;SBT / Des / SPM / SPC / VPa;Sir / TBT;Fortaleza;CE
19/10/2025 20:08:52;19/10/2025 20:08:54;NAO;683321,4;12874h 0m;0;-15;-;-;-;-;N/A;N/A;N/A;N/A;N/A;N/A;NAO;NAO;" ";" ";-;SBT / Des / SPM / SPC / VPa;Sir / TBT;Fortaleza;CE
19/10/2025 20:04:52;19/10/2025 20:04:54;NAO;683321,4;12874h 0m;0;-11;-;-;-;-;N/A;N/A;N/A;N/A;N/A;N/A;NAO;NAO;" ";" ";-;SBT / Des / SPM / SPC / VPa;Sir / TBT;Fortaleza;CE
19/10/2025 20:00:52;19/10/2025 20:00:54;NAO;683321,4;12874h 0m;0;-3;-;-;-;-;N/A;N/A;N/A;N/A;N/A;N/A;NAO;NAO;" ";" ";-;SBT / Des / SPM / SPC / VPa;Sir / TBT;Fortaleza;CE
19/10/2025 19:56:52;19/10/2025 19:56:54;NAO;683321,4;12874h 0m;0;0;-;-;-;-;N/A;N/A;N/A;N/A;N/A;N/A;NAO;NAO;" ";" ";-;SBT / Des / SPM / SPC / VPa;Sir / TBT;Fortaleza;CE
19/10/2025 19:52:52;19/10/2025 19:52:53;NAO;683321,4;12874h 0m;0;-3;-;-;-;-;N/A;N/A;N/A;N/A;N/A;N/A;NAO;NAO;" ";" ";-;SBT / Des / SPM / SPC / VPa;Sir / TBT;Fortaleza;CE
19/10/2025 19:49:51;19/10/2025 19:49:53;NAO;683321,4;12874h 0m;0;-3;-;-;-;-;N/A;N/A;N/A;N/A;N/A;N/A;NAO;NAO;" ";" ";-;SBT / Des / SPM / SPC / VPa;Sir / TBT;Fortaleza;CE
19/10/2025 19:49:39;19/10/2025 19:49:40;NAO;683321,4;12874h 0m;0;-3;-;-;-;-;N/A;N/A;N/A;N/A;N/A;N/A;NAO;NAO;" ";" ";-;SBT / Des / SPM / SPC / VPa;Sir / TBT;Fortaleza;CE
19/10/2025 19:48:52;19/10/2025 19:48:54;NAO;683321,4;12874h 0m;0;-5;-;-;-;-;N/A;N/A;N/A;N/A;N/A;N/A;NAO;NAO;" ";" ";-;SBT / Des / SPM / SPC / VPa;Sir / TBT;Fortaleza;CE
19/10/2025 19:44:52;19/10/2025 19:44:54;NAO;683321,4;12874h 0m;0;-10;-;-;-;-;N/A;N/A;N/A;N/A;N/A;N/A;NAO;NAO;" ";" ";-;SBT / Des / SPM / SPC / VPa;Sir / TBT;Fortaleza;CE
19/10/2025 19:40:52;19/10/2025 19:40:54;NAO;683321,4;12874h 0m;0;-13;-;-;-;-;N/A;N/A;N/A;N/A;N/A;N/A;NAO;NAO;" ";" ";-;SBT / Des / SPM / SPC / VPa;Sir / TBT;Fortaleza;CE
19/10/2025 19:36:52;19/10/2025 19:36:53;NAO;683321,4;12874h 0m;0;-15;-;-;-;-;N/A;N/A;N/A;N/A;N/A;N/A;NAO;NAO;" ";" ";-;SBT / Des / SPM / SPC / VPa;Sir / TBT;Fortaleza;CE
19/10/2025 19:32:52;19/10/2025 19:32:53;NAO;683321,4;12874h 0m;0;-12;-;-;-;-;N/A;N/A;N/A;N/A;N/A;N/A;NAO;NAO;" ";" ";-;SBT / Des / SPM / SPC / VPa;Sir / TBT;Fortaleza;CE
19/10/2025 19:28:52;19/10/2025 19:28:54;NAO;683321,4;12874h 0m;0;-13;-;-;-;-;N/A;N/A;N/A;N/A;N/A;N/A;NAO;NAO;" ";" ";-;SBT / Des / SPM / SPC / VPa;Sir / TBT;Fortaleza;CE
19/10/2025 19:24:52;19/10/2025 19:24:54;NAO;683321,4;12874h 0m;0;-14;-;-;-;-;N/A;N/A;N/A;N/A;N/A;N/A;NAO;NAO;" ";" ";-;SBT / Des / SPM / SPC / VPa;Sir / TBT;Fortaleza;CE
19/10/2025 19:20:52;19/10/2025 19:20:54;NAO;683321,4;12874h 0m;0;-15;-;-;-;-;N/A;N/A;N/A;N/A;N/A;N/A;NAO;NAO;" ";" ";-;SBT / Des / SPM / SPC / VPa;Sir / TBT;Fortaleza;CE
19/10/2025 19:17:08;19/10/2025 19:17:09;NAO;683321,4;12874h 0m;0;-11;-;-;-;-;N/A;N/A;N/A;N/A;N/A;N/A;NAO;NAO;" ";" ";-;SBT / Des / SPM / SPC / VPa;Sir / TBT;Fortaleza;CE
19/10/2025 19:16:55;19/10/2025 19:16:57;NAO;683321,4;12874h 0m;0;-11;-;-;-;-;N/A;N/A;N/A;N/A;N/A;N/A;NAO;NAO;" ";" ";-;SBT / Des / SPM / SPC / VPa;Sir / TBT;Fortaleza;CE
19/10/2025 19:16:52;19/10/2025 19:16:55;NAO;683321,4;12874h 0m;0;-11;-;-;-;-;N/A;N/A;N/A;N/A;N/A;N/A;NAO;NAO;" ";" ";-;SBT / Des / SPM / SPC / VPa;Sir / TBT;Fortaleza;CE
19/10/2025 19:16:42;19/10/2025 19:16:44;SIM;683321,4;12874h 0m;0;-11;-;-;-;-;N/A;N/A;N/A;N/A;N/A;N/A;NAO;NAO;" ";" ";-;SBT / Des / SPM / SPC / VPa;Sir / TBT;Fortaleza;CE
19/10/2025 19:16:23;19/10/2025 19:16:40;NAO;683321,4;12874h 0m;0;-13;-;-;-;-;N/A;N/A;N/A;N/A;N/A;N/A;NAO;NAO;" ";" ";-;SBT / Des / SPM / SPC / VPa;Sir / TBT;Fortaleza;CE
19/10/2025 19:16:21;19/10/2025 19:16:22;NAO;683321,4;12874h 0m;0;-13;-;-;-;-;N/A;N/A;N/A;N/A;N/A;N/A;NAO;NAO;" ";" ";-;SBT / Des / SPM / SPC / VPa;Sir / TBT;Fortaleza;CE
19/10/2025 19:15:35;19/10/2025 19:15:37;SIM;683321,4;12873h 59m;0;-13;-;-;-;-;N/A;N/A;N/A;N/A;N/A;N/A;NAO;NAO;" ";" ";-;SBT / Des / SPM / SPC / VPa;Sir / TBT;Fortaleza;CE
19/10/2025 19:13:06;19/10/2025 19:13:08;NAO;683321,4;12873h 59m;0;-14;-;-;-;-;N/A;N/A;N/A;N/A;N/A;N/A;NAO;NAO;" ";" ";-;SBT / Des / SPM / SPC / VPa;Sir / TBT;Fortaleza;CE
19/10/2025 19:11:47;19/10/2025 19:11:48;NAO;683321,4;12873h 59m;0;-14;-;-;-;-;N/A;N/A;N/A;N/A;N/A;N/A;NAO;NAO;" ";" ";-;SBT / Des / SPM / SPC / VPa;Sir / TBT;Fortaleza;CE
19/10/2025 19:09:06;19/10/2025 19:09:08;NAO;683321,4;12873h 59m;0;-17;-;-;-;-;N/A;N/A;N/A;N/A;N/A;N/A;NAO;NAO;" ";" ";-;SBT / Des / SPM / SPC / VPa;Sir / TBT;Fortaleza;CE
19/10/2025 19:05:06;19/10/2025 19:05:09;NAO;683321,4;12873h 59m;0;-10;-;-;-;-;N/A;N/A;N/A;N/A;N/A;N/A;NAO;NAO;" ";" ";-;SBT / Des / SPM / SPC / VPa;Sir / TBT;Fortaleza;CE
19/10/2025 19:01:06;19/10/2025 19:01:08;NAO;683321,4;12873h 59m;0;-13;-;-;-;-;N/A;N/A;N/A;N/A;N/A;N/A;NAO;NAO;" ";" ";-;SBT / Des / SPM / SPC / VPa;Sir / TBT;Fortaleza;CE
19/10/2025 18:57:06;19/10/2025 18:57:08;NAO;683321,4;12873h 59m;0;-15;-;-;-;-;N/A;N/A;N/A;N/A;N/A;N/A;NAO;NAO;" ";" ";-;SBT / Des / SPM / SPC / VPa;Sir / TBT;Fortaleza;CE
19/10/2025 18:53:06;19/10/2025 18:53:08;NAO;683321,4;12873h 59m;0;-14;-;-;-;-;N/A;N/A;N/A;N/A;N/A;N/A;NAO;NAO;" ";" ";-;SBT / Des / SPM / SPC / VPa;Sir / TBT;Fortaleza;CE
19/10/2025 18:49:06;19/10/2025 18:49:07;NAO;683321,4;12873h 59m;0;-13;-;-;-;-;N/A;N/A;N/A;N/A;N/A;N/A;NAO;NAO;" ";" ";-;SBT / Des / SPM / SPC / VPa;Sir / TBT;Fortaleza;CE
19/10/2025 18:45:06;19/10/2025 18:45:07;NAO;683321,4;12873h 59m;0;-14;-;-;-;-;N/A;N/A;N/A;N/A;N/A;N/A;NAO;NAO;" ";" ";-;SBT / Des / SPM / SPC / VPa;Sir / TBT;Fortaleza;CE
19/10/2025 18:41:06;19/10/2025 18:41:07;NAO;683321,4;12873h 59m;0;-15;-;-;-;-;N/A;N/A;N/A;N/A;N/A;N/A;NAO;NAO;" ";" ";-;SBT / Des / SPM / SPC / VPa;Sir / TBT;Fortaleza;CE
19/10/2025 18:37:06;19/10/2025 18:37:07;NAO;683321,4;12873h 59m;0;-11;-;-;-;-;N/A;N/A;N/A;N/A;N/A;N/A;NAO;NAO;" ";" ";-;SBT / Des / SPM / SPC / VPa;Sir / TBT;Fortaleza;CE
19/10/2025 18:33:06;19/10/2025 18:33:08;NAO;683321,4;12873h 59m;0;-14;-;-;-;-;N/A;N/A;N/A;N/A;N/A;N/A;NAO;NAO;" ";" ";-;SBT / Des / SPM / SPC / VPa;Sir / TBT;Fortaleza;CE
19/10/2025 18:29:06;19/10/2025 18:29:07;NAO;683321,4;12873h 59m;0;-15;-;-;-;-;N/A;N/A;N/A;N/A;N/A;N/A;NAO;NAO;" ";" ";-;SBT / Des / SPM / SPC / VPa;Sir / TBT;Fortaleza;CE
19/10/2025 18:25:06;19/10/2025 18:25:07;NAO;683321,4;12873h 59m;0;-11;-;-;-;-;N/A;N/A;N/A;N/A;N/A;N/A;NAO;NAO;" ";" ";-;SBT / Des / SPM / SPC / VPa;Sir / TBT;Fortaleza;CE
19/10/2025 18:21:06;19/10/2025 18:21:07;NAO;683321,4;12873h 59m;0;-13;-;-;-;-;N/A;N/A;N/A;N/A;N/A;N/A;NAO;NAO;" ";" ";-;SBT / Des / SPM / SPC / VPa;Sir / TBT;Fortaleza;CE
19/10/2025 18:17:06;19/10/2025 18:17:08;NAO;683321,4;12873h 59m;0;-15;-;-;-;-;N/A;N/A;N/A;N/A;N/A;N/A;NAO;NAO;" ";" ";-;SBT / Des / SPM / SPC / VPa;Sir / TBT;Fortaleza;CE
19/10/2025 18:13:06;19/10/2025 18:13:09;NAO;683321,4;12873h 59m;0;-14;-;-;-;-;N/A;N/A;N/A;N/A;N/A;N/A;NAO;NAO;" ";" ";-;SBT / Des / SPM / SPC / VPa;Sir / TBT;Fortaleza;CE
19/10/2025 18:09:06;19/10/2025 18:09:08;NAO;683321,4;12873h 59m;0;-13;-;-;-;-;N/A;N/A;N/A;N/A;N/A;N/A;NAO;NAO;" ";" ";-;SBT / Des / SPM / SPC / VPa;Sir / TBT;Fortaleza;CE
19/10/2025 18:06:38;19/10/2025 18:06:39;NAO;683321,4;12873h 59m;0;-13;-;-;-;-;N/A;N/A;N/A;N/A;N/A;N/A;NAO;NAO;" ";" ";-;SBT / Des / SPM / SPC / VPa;Sir / TBT;Fortaleza;CE
19/10/2025 18:05:09;19/10/2025 18:05:10;NAO;683321,4;12873h 59m;0;-14;-;-;-;-;N/A;N/A;N/A;N/A;N/A;N/A;NAO;NAO;" ";" ";-;SBT / Des / SPM / SPC / VPa;Sir / TBT;Fortaleza;CE
19/10/2025 18:05:07;19/10/2025 18:05:09;NAO;683321,4;12873h 59m;0;-14;-;-;-;-;N/A;N/A;N/A;N/A;N/A;N/A;NAO;NAO;" ";" ";-;SBT / Des / SPM / SPC / VPa;Sir / TBT;Fortaleza;CE
19/10/2025 18:04:48;19/10/2025 18:04:49;SIM;683321,4;12873h 58m;0;-15;-;-;-;-;N/A;N/A;N/A;N/A;N/A;N/A;NAO;NAO;" ";" ";-;SBT / Des / SPM / SPC / VPa;Sir / TBT;Fortaleza;CE
19/10/2025 18:04:33;19/10/2025 18:04:35;NAO;683321,4;12873h 58m;0;-14;-;-;-;-;N/A;N/A;N/A;N/A;N/A;N/A;NAO;NAO;" ";" ";-;SBT / Des / SPM / SPC / VPa;Sir / TBT;Fortaleza;CE
19/10/2025 18:00:52;19/10/2025 18:00:54;NAO;683321,4;12873h 58m;0;-14;-;-;-;-;N/A;N/A;N/A;N/A;N/A;N/A;NAO;NAO;" ";" ";-;SBT / Des / SPM / SPC / VPa;Sir / TBT;Fortaleza;CE
19/10/2025 17:56:52;19/10/2025 17:56:53;NAO;683321,4;12873h 58m;0;-11;-;-;-;-;N/A;N/A;N/A;N/A;N/A;N/A;NAO;NAO;" ";" ";-;SBT / Des / SPM / SPC / VPa;Sir / TBT;Fortaleza;CE
19/10/2025 17:55:04;19/10/2025 17:55:05;NAO;683321,4;12873h 58m;0;-13;-;-;-;-;N/A;N/A;N/A;N/A;N/A;N/A;NAO;NAO;" ";" ";-;SBT / Des / SPM / SPC / VPa;Sir / TBT;Fortaleza;CE
19/10/2025 17:54:50;19/10/2025 17:54:50;NAO;683321,4;12873h 58m;0;-13;-;-;-;-;N/A;N/A;N/A;N/A;N/A;N/A;NAO;NAO;" ";" ";-;SBT / Des / SPM / SPC / VPa;Sir / TBT;Fortaleza;CE
19/10/2025 17:54:47;19/10/2025 17:54:47;NAO;683321,4;12873h 58m;0;-13;-;-;-;-;N/A;N/A;N/A;N/A;N/A;N/A;NAO;NAO;" ";" ";-;SBT / Des / SPM / SPC / VPa;Sir / TBT;Fortaleza;CE
19/10/2025 17:54:45;19/10/2025 17:54:46;NAO;683321,4;12873h 58m;0;-13;-;-;-;-;N/A;N/A;N/A;N/A;N/A;N/A;NAO;NAO;" ";" ";-;SBT / Des / SPM / SPC / VPa;Sir / TBT;Fortaleza;CE
19/10/2025 17:54:36;19/10/2025 17:54:37;NAO;683321,4;12873h 58m;0;-12;-;-;-;-;N/A;N/A;N/A;N/A;N/A;N/A;NAO;NAO;" ";" ";-;SBT / Des / SPM / SPC / VPa;Sir / TBT;Fortaleza;CE
19/10/2025 17:54:31;19/10/2025 17:54:33;NAO;683321,4;12873h 58m;0;-13;-;-;-;-;N/A;N/A;N/A;N/A;N/A;N/A;NAO;NAO;" ";" ";-;SBT / Des / SPM / SPC / VPa;Sir / TBT;Fortaleza;CE
19/10/2025 17:54:15;19/10/2025 17:54:16;NAO;683321,4;12873h 58m;0;-13;-;-;-;-;N/A;N/A;N/A;N/A;N/A;N/A;NAO;NAO;" ";" ";-;SBT / Des / SPM / SPC / VPa;Sir / TBT;Fortaleza;CE
19/10/2025 17:53:51;19/10/2025 17:53:53;NAO;683321,4;12873h 58m;0;-13;-;-;-;-;N/A;N/A;N/A;N/A;N/A;N/A;NAO;NAO;" ";" ";-;SBT / Des / SPM / SPC / VPa;Sir / TBT;Fortaleza;CE
19/10/2025 17:53:37;19/10/2025 17:53:39;NAO;683321,4;12873h 58m;0;-14;-;-;-;-;N/A;N/A;N/A;N/A;N/A;N/A;NAO;NAO;" ";" ";-;SBT / Des / SPM / SPC / VPa;Sir / TBT;Fortaleza;CE
19/10/2025 17:53:31;19/10/2025 17:53:32;NAO;683321,4;12873h 58m;0;-13;-;-;-;-;N/A;N/A;N/A;N/A;N/A;N/A;NAO;NAO;" ";" ";-;SBT / Des / SPM / SPC / VPa;Sir / TBT;Fortaleza;CE
19/10/2025 17:52:55;19/10/2025 17:52:57;NAO;683321,4;12873h 58m;0;-14;-;-;-;-;N/A;N/A;N/A;N/A;N/A;N/A;NAO;NAO;" ";" ";-;SBT / Des / SPM / SPC / VPa;Sir / TBT;Fortaleza;CE
19/10/2025 17:52:53;19/10/2025 17:52:56;NAO;683321,4;12873h 58m;565;-14;-;-;-;-;N/A;N/A;N/A;N/A;N/A;N/A;NAO;NAO;" ";" ";-;SBT / Des / SPM / SPC / VPa;Sir / TBT;Fortaleza;CE
19/10/2025 17:52:44;19/10/2025 17:52:45;SIM;683321,4;12873h 58m;565;-13;-;-;-;-;N/A;N/A;N/A;N/A;N/A;N/A;NAO;NAO;" ";" ";-;SBT / Des / SPM / SPC / VPa;Sir / TBT;Fortaleza;CE
19/10/2025 17:52:36;19/10/2025 17:52:38;SIM;683321,4;12873h 58m;563;-14;-;-;-;-;N/A;N/A;N/A;N/A;N/A;N/A;NAO;NAO;" ";" ";-;SBT / Des / SPM / SPC / VPa;Sir / TBT;Fortaleza;CE
19/10/2025 17:48:22;19/10/2025 17:48:24;SIM;683321,3;12873h 54m;546;-14;-;-;-;-;N/A;N/A;N/A;N/A;N/A;N/A;NAO;NAO;" ";" ";-;SBT / Des / SPM / SPC / VPa;Sir / TBT;Fortaleza;CE
19/10/2025 17:44:09;19/10/2025 17:44:10;SIM;683321,2;12873h 50m;860;-11;-;-;-;-;N/A;N/A;N/A;N/A;N/A;N/A;NAO;NAO;" ";" ";-;SBT / Des / SPM / SPC / VPa;Sir / TBT;Fortaleza;CE
19/10/2025 17:41:06;19/10/2025 17:41:08;SIM;683321,1;12873h 47m;563;-12;-;-;-;-;N/A;N/A;N/A;N/A;N/A;N/A;NAO;NAO;" ";" ";-;SBT / Des / SPM / SPC / VPa;Sir / TBT;Fortaleza;CE
19/10/2025 17:38:07;19/10/2025 17:38:07;SIM;683321,0;12873h 44m;0;-14;-;-;-;-;N/A;N/A;N/A;N/A;N/A;N/A;NAO;NAO;" ";" ";-;SBT / Des / SPM / SPC / VPa;Sir / TBT;Fortaleza;CE
19/10/2025 17:38:04;19/10/2025 17:38:05;NAO;683321,0;12873h 44m;0;-15;-;-;-;-;N/A;N/A;N/A;N/A;N/A;N/A;NAO;NAO;" ";" ";-;SBT / Des / SPM / SPC / VPa;Sir / TBT;Fortaleza;CE
19/10/2025 17:37:54;19/10/2025 17:37:55;NAO;683321,0;12873h 44m;0;-15;-;-;-;-;N/A;N/A;N/A;N/A;N/A;N/A;NAO;NAO;" ";" ";-;SBT / Des / SPM / SPC / VPa;Sir / TBT;Fortaleza;CE
19/10/2025 17:35:52;19/10/2025 17:35:53;NAO;683321,0;12873h 44m;0;-15;-;-;-;-;N/A;N/A;N/A;N/A;N/A;N/A;NAO;NAO;" ";" ";-;SBT / Des / SPM / SPC / VPa;Sir / TBT;Fortaleza;CE
19/10/2025 17:31:52;19/10/2025 17:31:54;NAO;683321,0;12873h 44m;0;-10;-;-;-;-;N/A;N/A;N/A;N/A;N/A;N/A;NAO;NAO;" ";" ";-;SBT / Des / SPM / SPC / VPa;Sir / TBT;Fortaleza;CE
19/10/2025 17:28:13;19/10/2025 17:28:14;NAO;683321,0;12873h 44m;0;-13;-;-;-;-;N/A;N/A;N/A;N/A;N/A;N/A;NAO;NAO;" ";" ";-;SBT / Des / SPM / SPC / VPa;Sir / TBT;Fortaleza;CE
19/10/2025 17:28:00;19/10/2025 17:28:12;NAO;683321,0;12873h 44m;0;-13;-;-;-;-;N/A;N/A;N/A;N/A;N/A;N/A;NAO;NAO;" ";" ";-;SBT / Des / SPM / SPC / VPa;Sir / TBT;Fortaleza;CE
19/10/2025 17:27:55;19/10/2025 17:28:10;NAO;683321,0;12873h 44m;0;-13;-;-;-;-;N/A;N/A;N/A;N/A;N/A;N/A;NAO;NAO;" ";" ";-;SBT / Des / SPM / SPC / VPa;Sir / TBT;Fortaleza;CE
19/10/2025 17:27:53;19/10/2025 17:28:08;NAO;683321,0;12873h 44m;567;-14;-;-;-;-;N/A;N/A;N/A;N/A;N/A;N/A;NAO;NAO;" ";" ";-;SBT / Des / SPM / SPC / VPa;Sir / TBT;Fortaleza;CE
19/10/2025 17:27:04;19/10/2025 17:27:07;SIM;683321,0;12873h 43m;564;-14;-;-;-;-;N/A;N/A;N/A;N/A;N/A;N/A;NAO;NAO;" ";" ";-;SBT / Des / SPM / SPC / VPa;Sir / TBT;Fortaleza;CE
19/10/2025 17:26:53;19/10/2025 17:26:56;SIM;683321,0;12873h 43m;0;-15;-;-;-;-;N/A;N/A;N/A;N/A;N/A;N/A;NAO;NAO;" ";" ";-;SBT / Des / SPM / SPC / VPa;Sir / TBT;Fortaleza;CE
19/10/2025 17:25:03;19/10/2025 17:25:04;NAO;683321,0;12873h 43m;0;-15;-;-;-;-;N/A;N/A;N/A;N/A;N/A;N/A;NAO;NAO;" ";" ";-;SBT / Des / SPM / SPC / VPa;Sir / TBT;Fortaleza;CE
19/10/2025 17:22:58;19/10/2025 17:23:00;NAO;683321,0;12873h 43m;0;-15;-;-;-;-;N/A;N/A;N/A;N/A;N/A;N/A;NAO;NAO;" ";" ";-;SBT / Des / SPM / SPC / VPa;Sir / TBT;Fortaleza;CE
19/10/2025 17:18:58;19/10/2025 17:19:00;NAO;683321,0;12873h 43m;0;-9;-;-;-;-;N/A;N/A;N/A;N/A;N/A;N/A;NAO;NAO;" ";" ";-;SBT / Des / SPM / SPC / VPa;Sir / TBT;Fortaleza;CE
19/10/2025 17:15:08;19/10/2025 17:15:09;NAO;683321,0;12873h 43m;0;-14;-;-;-;-;N/A;N/A;N/A;N/A;N/A;N/A;NAO;NAO;" ";" ";-;SBT / Des / SPM / SPC / VPa;Sir / TBT;Fortaleza;CE
19/10/2025 17:15:01;19/10/2025 17:15:04;NAO;683321,0;12873h 43m;0;-13;-;-;-;-;N/A;N/A;N/A;N/A;N/A;N/A;NAO;NAO;" ";" ";-;SBT / Des / SPM / SPC / VPa;Sir / TBT;Fortaleza;CE
19/10/2025 17:14:59;19/10/2025 17:15:02;NAO;683321,0;12873h 43m;0;-14;-;-;-;-;N/A;N/A;N/A;N/A;N/A;N/A;NAO;NAO;" ";" ";-;SBT / Des / SPM / SPC / VPa;Sir / TBT;Fortaleza;CE
19/10/2025 17:14:50;19/10/2025 17:14:51;SIM;683321,0;12873h 43m;0;-14;-;-;-;-;N/A;N/A;N/A;N/A;N/A;N/A;NAO;NAO;" ";" ";-;SBT / Des / SPM / SPC / VPa;Sir / TBT;Fortaleza;CE
19/10/2025 17:14:44;19/10/2025 17:14:46;NAO;683321,0;12873h 43m;0;-14;-;-;-;-;N/A;N/A;N/A;N/A;N/A;N/A;NAO;NAO;" ";" ";-;SBT / Des / SPM / SPC / VPa;Sir / TBT;Fortaleza;CE
19/10/2025 17:14:42;19/10/2025 17:14:43;NAO;683321,0;12873h 43m;0;-14;-;-;-;-;N/A;N/A;N/A;N/A;N/A;N/A;NAO;NAO;" ";" ";-;SBT / Des / SPM / SPC / VPa;Sir / TBT;Fortaleza;CE
19/10/2025 17:14:39;19/10/2025 17:14:41;SIM;683321,0;12873h 42m;0;-14;-;-;-;-;N/A;N/A;N/A;N/A;N/A;N/A;NAO;NAO;" ";" ";-;SBT / Des / SPM / SPC / VPa;Sir / TBT;Fortaleza;CE
19/10/2025 17:14:17;19/10/2025 17:14:21;SIM;683321,0;12873h 42m;0;-13;-;-;-;-;N/A;N/A;N/A;N/A;N/A;N/A;NAO;NAO;" ";" ";-;SBT / Des / SPM / SPC / VPa;Sir / TBT;Fortaleza;CE
19/10/2025 17:14:01;19/10/2025 17:14:19;NAO;683321,0;12873h 42m;0;-14;-;-;-;-;N/A;N/A;N/A;N/A;N/A;N/A;NAO;NAO;" ";" ";-;SBT / Des / SPM / SPC / VPa;Sir / TBT;Fortaleza;CE
19/10/2025 17:13:35;19/10/2025 17:13:35;NAO;683321,0;12873h 42m;0;-14;-;-;-;-;N/A;N/A;N/A;N/A;N/A;N/A;NAO;NAO;" ";" ";-;SBT / Des / SPM / SPC / VPa;Sir / TBT;Fortaleza;CE
19/10/2025 17:13:33;19/10/2025 17:13:34;NAO;683321,0;12873h 42m;0;-14;-;-;-;-;N/A;N/A;N/A;N/A;N/A;N/A;NAO;NAO;" ";" ";-;SBT / Des / SPM / SPC / VPa;Sir / TBT;Fortaleza;CE
19/10/2025 17:13:31;19/10/2025 17:13:32;NAO;683321,0;12873h 42m;564;-14;-;-;-;-;N/A;N/A;N/A;N/A;N/A;N/A;NAO;NAO;" ";" ";-;SBT / Des / SPM / SPC / VPa;Sir / TBT;Fortaleza;CE
19/10/2025 17:13:05;19/10/2025 17:13:07;SIM;683321,0;12873h 42m;564;-15;-;-;-;-;N/A;N/A;N/A;N/A;N/A;N/A;NAO;NAO;" ";" ";-;SBT / Des / SPM / SPC / VPa;Sir / TBT;Fortaleza;CE
19/10/2025 17:08:52;19/10/2025 17:08:52;SIM;683319,0;12873h 37m;1381;-15;-;-;-;-;N/A;N/A;N/A;N/A;N/A;N/A;NAO;NAO;" ";" ";-;SBT / Des / SPM / SPC / VPa;Sir / TBT;Fortaleza;CE
19/10/2025 17:08:36;19/10/2025 17:08:37;SIM;683318,9;12873h 37m;918;-15;-;-;-;-;N/A;N/A;N/A;N/A;N/A;N/A;NAO;NAO;" ";" ";-;SBT / Des / SPM / SPC / VPa;Sir / TBT;Fortaleza;CE
19/10/2025 17:08:18;19/10/2025 17:08:19;SIM;683318,9;12873h 37m;564;-14;-;-;-;-;N/A;N/A;N/A;N/A;N/A;N/A;NAO;NAO;" ";" ";-;SBT / Des / SPM / SPC / VPa;Sir / TBT;Fortaleza;CE
19/10/2025 17:05:37;19/10/2025 17:05:39;SIM;683316,5;12873h 34m;1034;-10;-;-;-;-;N/A;N/A;N/A;N/A;N/A;N/A;NAO;NAO;" ";" ";-;SBT / Des / SPM / SPC / VPa;Sir / TBT;Fortaleza;CE
19/10/2025 17:05:21;19/10/2025 17:05:23;SIM;683316,4;12873h 34m;1154;-11;-;-;-;-;N/A;N/A;N/A;N/A;N/A;N/A;NAO;NAO;" ";" ";-;SBT / Des / SPM / SPC / VPa;Sir / TBT;Fortaleza;CE
19/10/2025 17:05:05;19/10/2025 17:05:05;SIM;683316,0;12873h 34m;1136;-11;-;-;-;-;N/A;N/A;N/A;N/A;N/A;N/A;NAO;NAO;" ";" ";-;SBT / Des / SPM / SPC / VPa;Sir / TBT;Fortaleza;CE
19/10/2025 17:04:49;19/10/2025 17:04:49;SIM;683316,0;12873h 33m;905;-13;-;-;-;-;N/A;N/A;N/A;N/A;N/A;N/A;NAO;NAO;" ";" ";-;SBT / Des / SPM / SPC / VPa;Sir / TBT;Fortaleza;CE
19/10/2025 17:01:11;19/10/2025 17:01:12;SIM;683312,6;12873h 30m;1070;-14;-;-;-;-;N/A;N/A;N/A;N/A;N/A;N/A;NAO;NAO;" ";" ";-;SBT / Des / SPM / SPC / VPa;Sir / TBT;Eusébio;CE
19/10/2025 17:00:54;19/10/2025 17:00:54;SIM;683312,2;12873h 29m;1206;-14;-;-;-;-;N/A;N/A;N/A;N/A;N/A;N/A;NAO;NAO;" ";" ";-;SBT / Des / SPM / SPC / VPa;Sir / TBT;Eusébio;CE
19/10/2025 16:57:31;19/10/2025 16:57:30;SIM;683308,8;12873h 26m;1217;-15;-;-;-;-;N/A;N/A;N/A;N/A;N/A;N/A;NAO;NAO;" ";" ";-;SBT / Des / SPM / SPC / VPa;Sir / TBT;Eusébio;CE
19/10/2025 16:56:57;19/10/2025 16:56:58;SIM;683308,1;12873h 26m;1176;-15;-;-;-;-;N/A;N/A;N/A;N/A;N/A;N/A;NAO;NAO;" ";" ";-;SBT / Des / SPM / SPC / VPa;Sir / TBT;Aquiraz;CE
19/10/2025 16:54:27;19/10/2025 16:54:42;SIM;683305,4;12873h 23m;1195;-11;-;-;-;-;N/A;N/A;N/A;N/A;N/A;N/A;NAO;NAO;" ";" ";-;SBT / Des / SPM / SPC / VPa;Sir / TBT;Aquiraz;CE
19/10/2025 16:53:45;19/10/2025 16:53:46;SIM;683304,6;12873h 22m;1208;-10;-;-;-;-;N/A;N/A;N/A;N/A;N/A;N/A;NAO;NAO;" ";" ";-;SBT / Des / SPM / SPC / VPa;Sir / TBT;Aquiraz;CE
19/10/2025 16:52:43;19/10/2025 16:52:44;SIM;683303,4;12873h 21m;1220;-12;-;-;-;-;N/A;N/A;N/A;N/A;N/A;N/A;NAO;NAO;" ";" ";-;SBT / Des / SPM / SPC / VPa;Sir / TBT;Aquiraz;CE
19/10/2025 16:48:29;19/10/2025 16:48:31;SIM;683298,7;12873h 17m;1807;-14;-;-;-;-;N/A;N/A;N/A;N/A;N/A;N/A;NAO;NAO;" ";" ";-;SBT / Des / SPM / SPC / VPa;Sir / TBT;Aquiraz;CE
19/10/2025 16:44:15;19/10/2025 16:44:17;SIM;683294,3;12873h 13m;1227;-14;-;-;-;-;N/A;N/A;N/A;N/A;N/A;N/A;NAO;NAO;" ";" ";-;SBT / Des / SPM / SPC / VPa;Sir / TBT;Aquiraz;CE
19/10/2025 16:40:02;19/10/2025 16:40:02;SIM;683289,9;12873h 9m;1085;-11;-;-;-;-;N/A;N/A;N/A;N/A;N/A;N/A;NAO;NAO;" ";" ";-;SBT / Des / SPM / SPC / VPa;Sir / TBT;Horizonte;CE
19/10/2025 16:39:02;19/10/2025 16:39:02;SIM;683289,0;12873h 8m;1104;-12;-;-;-;-;N/A;N/A;N/A;N/A;N/A;N/A;NAO;NAO;" ";" ";-;SBT / Des / SPM / SPC / VPa;Sir / TBT;Horizonte;CE
19/10/2025 16:34:48;19/10/2025 16:34:49;SIM;683284,5;12873h 3m;1016;-15;-;-;-;-;N/A;N/A;N/A;N/A;N/A;N/A;NAO;NAO;" ";" ";-;SBT / Des / SPM / SPC / VPa;Sir / TBT;Horizonte;CE
19/10/2025 16:30:35;19/10/2025 16:30:35;SIM;683279,7;12872h 59m;1120;-13;-;-;-;-;N/A;N/A;N/A;N/A;N/A;N/A;NAO;NAO;" ";" ";-;SBT / Des / SPM / SPC / VPa;Sir / TBT;Pacajus;CE
19/10/2025 16:29:26;19/10/2025 16:29:26;SIM;683278,3;12872h 58m;1211;-10;-;-;-;-;N/A;N/A;N/A;N/A;N/A;N/A;NAO;NAO;" ";" ";-;SBT / Des / SPM / SPC / VPa;Sir / TBT;Pacajus;CE
19/10/2025 16:28:23;19/10/2025 16:28:24;SIM;683277,0;12872h 57m;1111;-11;-;-;-;-;N/A;N/A;N/A;N/A;N/A;N/A;NAO;NAO;" ";" ";-;SBT / Des / SPM / SPC / VPa;Sir / TBT;Pacajus;CE
19/10/2025 16:26:46;19/10/2025 16:26:46;SIM;683275,2;12872h 55m;1144;-13;-;-;-;-;N/A;N/A;N/A;N/A;N/A;N/A;NAO;NAO;" ";" ";-;SBT / Des / SPM / SPC / VPa;Sir / TBT;Pacajus;CE
19/10/2025 16:23:18;19/10/2025 16:23:19;SIM;683271,3;12872h 52m;1100;-14;-;-;-;-;N/A;N/A;N/A;N/A;N/A;N/A;NAO;NAO;" ";" ";-;SBT / Des / SPM / SPC / VPa;Sir / TBT;Pacajus;CE
19/10/2025 16:19:04;19/10/2025 16:19:05;SIM;683266,5;12872h 48m;1058;-13;-;-;-;-;N/A;N/A;N/A;N/A;N/A;N/A;NAO;NAO;" ";" ";-;SBT / Des / SPM / SPC / VPa;Sir / TBT;Chorozinho;CE
19/10/2025 16:14:51;19/10/2025 16:14:52;SIM;683262,6;12872h 43m;1054;-13;-;-;-;-;N/A;N/A;N/A;N/A;N/A;N/A;NAO;NAO;" ";" ";-;SBT / Des / SPM / SPC / VPa;Sir / TBT;Chorozinho;CE
19/10/2025 16:12:48;19/10/2025 16:12:50;SIM;683260,8;12872h 41m;1102;-14;-;-;-;-;N/A;N/A;N/A;N/A;N/A;N/A;NAO;NAO;" ";" ";-;SBT / Des / SPM / SPC / VPa;Sir / TBT;Chorozinho;CE
19/10/2025 16:10:24;19/10/2025 16:10:23;SIM;683258,5;12872h 39m;1171;-15;-;-;-;-;N/A;N/A;N/A;N/A;N/A;N/A;NAO;NAO;" ";" ";-;SBT / Des / SPM / SPC / VPa;Sir / TBT;Chorozinho;CE
19/10/2025 16:08:41;19/10/2025 16:08:40;SIM;683258,3;12872h 37m;0;-14;-;-;-;-;N/A;N/A;N/A;N/A;N/A;N/A;NAO;NAO;" ";" ";-;SBT / Des / SPM / SPC / VPa;Sir / TBT;Chorozinho;CE
19/10/2025 16:08:35;19/10/2025 16:08:35;SIM;683258,3;12872h 37m;0;-15;-;-;-;-;N/A;N/A;N/A;N/A;N/A;N/A;NAO;NAO;" ";" ";-;SBT / Des / SPM / SPC / VPa;Sir / TBT;Chorozinho;CE
19/10/2025 16:08:09;19/10/2025 16:08:09;SIM;683258,3;12872h 37m;0;-14;-;-;-;-;N/A;N/A;N/A;N/A;N/A;N/A;NAO;NAO;" ";" ";-;SBT / Des / SPM / SPC / VPa;Sir / TBT;Chorozinho;CE
19/10/2025 16:08:03;19/10/2025 16:08:03;SIM;683258,3;12872h 37m;0;-13;-;-;-;-;N/A;N/A;N/A;N/A;N/A;N/A;NAO;NAO;" ";" ";-;SBT / Des / SPM / SPC / VPa;Sir / TBT;Chorozinho;CE
19/10/2025 16:07:56;19/10/2025 16:07:56;NAO;683258,3;12872h 37m;0;-13;-;-;-;-;N/A;N/A;N/A;N/A;N/A;N/A;NAO;NAO;" ";" ";-;SBT / Des / SPM / SPC / VPa;Sir / TBT;Chorozinho;CE
19/10/2025 16:07:41;19/10/2025 16:07:40;NAO;683258,3;12872h 37m;0;-13;-;-;-;-;N/A;N/A;N/A;N/A;N/A;N/A;NAO;NAO;" ";" ";-;SBT / Des / SPM / SPC / VPa;Sir / TBT;Chorozinho;CE
19/10/2025 16:07:24;19/10/2025 16:07:24;NAO;683258,3;12872h 37m;0;-13;-;-;-;-;N/A;N/A;N/A;N/A;N/A;N/A;NAO;NAO;" ";" ";-;SBT / Des / SPM / SPC / VPa;Sir / TBT;Chorozinho;CE
19/10/2025 16:04:43;19/10/2025 16:04:43;NAO;683258,3;12872h 37m;0;-9;-;-;-;-;N/A;N/A;N/A;N/A;N/A;N/A;NAO;NAO;" ";" ";-;SBT / Des / SPM / SPC / VPa;Sir / TBT;Chorozinho;CE
19/10/2025 16:00:43;19/10/2025 16:00:43;NAO;683258,3;12872h 37m;0;-14;-;-;-;-;N/A;N/A;N/A;N/A;N/A;N/A;NAO;NAO;" ";" ";-;SBT / Des / SPM / SPC / VPa;Sir / TBT;Chorozinho;CE
19/10/2025 15:56:43;19/10/2025 15:56:43;NAO;683258,3;12872h 37m;0;-15;-;-;-;-;N/A;N/A;N/A;N/A;N/A;N/A;NAO;NAO;" ";" ";-;SBT / Des / SPM / SPC / VPa;Sir / TBT;Chorozinho;CE
19/10/2025 15:52:43;19/10/2025 15:52:43;NAO;683258,3;12872h 37m;0;-10;-;-;-;-;N/A;N/A;N/A;N/A;N/A;N/A;NAO;NAO;" ";" ";-;SBT / Des / SPM / SPC / VPa;Sir / TBT;Chorozinho;CE
19/10/2025 15:48:43;19/10/2025 15:48:44;NAO;683258,3;12872h 37m;0;-13;-;-;-;-;N/A;N/A;N/A;N/A;N/A;N/A;NAO;NAO;" ";" ";-;SBT / Des / SPM / SPC / VPa;Sir / TBT;Chorozinho;CE
19/10/2025 15:44:43;19/10/2025 15:44:43;NAO;683258,3;12872h 37m;0;-16;-;-;-;-;N/A;N/A;N/A;N/A;N/A;N/A;NAO;NAO;" ";" ";-;SBT / Des / SPM / SPC / VPa;Sir / TBT;Chorozinho;CE
19/10/2025 15:40:43;19/10/2025 15:40:43;NAO;683258,3;12872h 37m;0;-11;-;-;-;-;N/A;N/A;N/A;N/A;N/A;N/A;NAO;NAO;" ";" ";-;SBT / Des / SPM / SPC / VPa;Sir / TBT;Chorozinho;CE
19/10/2025 15:36:43;19/10/2025 15:36:44;NAO;683258,3;12872h 37m;0;-13;-;-;-;-;N/A;N/A;N/A;N/A;N/A;N/A;NAO;NAO;" ";" ";-;SBT / Des / SPM / SPC / VPa;Sir / TBT;Chorozinho;CE
19/10/2025 15:32:43;19/10/2025 15:32:43;NAO;683258,3;12872h 37m;0;-14;-;-;-;-;N/A;N/A;N/A;N/A;N/A;N/A;NAO;NAO;" ";" ";-;SBT / Des / SPM / SPC / VPa;Sir / TBT;Chorozinho;CE
19/10/2025 15:28:43;19/10/2025 15:28:44;NAO;683258,3;12872h 37m;0;-13;-;-;-;-;N/A;N/A;N/A;N/A;N/A;N/A;NAO;NAO;" ";" ";-;SBT / Des / SPM / SPC / VPa;Sir / TBT;Chorozinho;CE
19/10/2025 15:26:07;19/10/2025 15:26:07;NAO;683258,3;12872h 37m;0;-10;-;-;-;-;N/A;N/A;N/A;N/A;N/A;N/A;NAO;NAO;" ";" ";-;SBT / Des / SPM / SPC / VPa;Sir / TBT;Chorozinho;CE
19/10/2025 15:25:59;19/10/2025 15:25:59;NAO;683258,3;12872h 37m;0;-10;-;-;-;-;N/A;N/A;N/A;N/A;N/A;N/A;NAO;NAO;" ";" ";-;SBT / Des / SPM / SPC / VPa;Sir / TBT;Chorozinho;CE
19/10/2025 15:25:20;19/10/2025 15:25:20;NAO;683258,3;12872h 37m;0;-11;-;-;-;-;N/A;N/A;N/A;N/A;N/A;N/A;NAO;NAO;" ";" ";-;SBT / Des / SPM / SPC / VPa;Sir / TBT;Chorozinho;CE
19/10/2025 15:25:11;19/10/2025 15:25:11;NAO;683258,3;12872h 37m;0;-11;-;-;-;-;N/A;N/A;N/A;N/A;N/A;N/A;NAO;NAO;" ";" ";-;SBT / Des / SPM / SPC / VPa;Sir / TBT;Chorozinho;CE
19/10/2025 15:25:07;19/10/2025 15:25:07;NAO;683258,3;12872h 37m;0;-11;-;-;-;-;N/A;N/A;N/A;N/A;N/A;N/A;NAO;NAO;" ";" ";-;SBT / Des / SPM / SPC / VPa;Sir / TBT;Chorozinho;CE
19/10/2025 15:24:46;19/10/2025 15:24:46;NAO;683258,3;12872h 37m;0;-11;-;-;-;-;N/A;N/A;N/A;N/A;N/A;N/A;NAO;NAO;" ";" ";-;SBT / Des / SPM / SPC / VPa;Sir / TBT;Chorozinho;CE
19/10/2025 15:24:44;19/10/2025 15:24:44;NAO;683258,3;12872h 37m;566;-11;-;-;-;-;N/A;N/A;N/A;N/A;N/A;N/A;NAO;NAO;" ";" ";-;SBT / Des / SPM / SPC / VPa;Sir / TBT;Chorozinho;CE
19/10/2025 15:23:27;19/10/2025 15:23:27;SIM;683258,3;12872h 35m;567;-13;-;-;-;-;N/A;N/A;N/A;N/A;N/A;N/A;NAO;NAO;" ";" ";-;SBT / Des / SPM / SPC / VPa;Sir / TBT;Chorozinho;CE
19/10/2025 15:19:13;19/10/2025 15:19:13;SIM;683254,6;12872h 31m;1182;-15;-;-;-;-;N/A;N/A;N/A;N/A;N/A;N/A;NAO;NAO;" ";" ";-;SBT / Des / SPM / SPC / VPa;Sir / TBT;Chorozinho;CE
19/10/2025 15:19:00;19/10/2025 15:19:00;SIM;683254,3;12872h 31m;1208;-15;-;-;-;-;N/A;N/A;N/A;N/A;N/A;N/A;NAO;NAO;" ";" ";-;SBT / Des / SPM / SPC / VPa;Sir / TBT;Chorozinho;CE
19/10/2025 15:14:59;19/10/2025 15:15:12;SIM;683249,3;12872h 27m;1188;-10;-;-;-;-;N/A;N/A;N/A;N/A;N/A;N/A;NAO;NAO;" ";" ";-;SBT / Des / SPM / SPC / VPa;Sir / TBT;Cascavel;CE
19/10/2025 15:14:39;19/10/2025 15:14:39;SIM;683248,8;12872h 27m;1206;-10;-;-;-;-;N/A;N/A;N/A;N/A;N/A;N/A;NAO;NAO;" ";" ";-;SBT / Des / SPM / SPC / VPa;Sir / TBT;Cascavel;CE
19/10/2025 15:14:34;19/10/2025 15:14:34;SIM;683248,7;12872h 27m;1209;-10;-;-;-;-;N/A;N/A;N/A;N/A;N/A;N/A;NAO;NAO;" ";" ";-;SBT / Des / SPM / SPC / VPa;Sir / TBT;Cascavel;CE
19/10/2025 15:14:27;19/10/2025 15:14:31;SIM;683248,6;12872h 26m;1199;-9;-;-;-;-;N/A;N/A;N/A;N/A;N/A;N/A;SIM;NAO;" ";" ";-;SBT / Des / SPM / SPC / VPa;Sir / TBT;Cascavel;CE
19/10/2025 15:13:00;19/10/2025 15:14:18;SIM;683246,8;12872h 25m;1199;-11;-;-;-;-;N/A;N/A;N/A;N/A;N/A;N/A;NAO;NAO;" ";" ";-;SBT / Des / SPM / SPC / VPa;Sir / TBT;Cascavel;CE
19/10/2025 15:12:15;19/10/2025 15:12:48;SIM;683245,8;12872h 24m;1203;-12;-;-;-;-;N/A;N/A;N/A;N/A;N/A;N/A;SIM;NAO;" ";" ";-;SBT / Des / SPM / SPC / VPa;Sir / TBT;Cascavel;CE
19/10/2025 15:12:10;19/10/2025 15:12:48;SIM;683245,7;12872h 24m;1211;-12;-;-;-;-;N/A;N/A;N/A;N/A;N/A;N/A;SIM;NAO;" ";" ";-;SBT / Des / SPM / SPC / VPa;Sir / TBT;Cascavel;CE
19/10/2025 15:11:55;19/10/2025 15:12:48;SIM;683245,4;12872h 24m;1204;-13;-;-;-;-;N/A;N/A;N/A;N/A;N/A;N/A;SIM;NAO;" ";" ";-;SBT / Des / SPM / SPC / VPa;Sir / TBT;Cascavel;CE
19/10/2025 15:10:46;19/10/2025 15:12:47;SIM;683243,9;12872h 23m;1156;-12;-;-;-;-;N/A;N/A;N/A;N/A;N/A;N/A;SIM;NAO;" ";" ";-;SBT / Des / SPM / SPC / VPa;Sir / TBT;Cascavel;CE
19/10/2025 15:08:30;19/10/2025 15:12:47;SIM;683241,2;12872h 20m;1209;-14;-;-;-;-;N/A;N/A;N/A;N/A;N/A;N/A;SIM;NAO;" ";" ";-;SBT / Des / SPM / SPC / VPa;Sir / TBT;Cascavel;CE
19/10/2025 15:06:31;19/10/2025 15:06:31;SIM;683238,5;12872h 18m;1166;-15;-;-;-;-;N/A;N/A;N/A;N/A;N/A;N/A;NAO;NAO;" ";" ";-;SBT / Des / SPM / SPC / VPa;Sir / TBT;Cascavel;CE
19/10/2025 15:05:15;19/10/2025 15:06:14;SIM;683237,1;12872h 17m;1203;-14;-;-;-;-;N/A;N/A;N/A;N/A;N/A;N/A;SIM;NAO;" ";" ";-;SBT / Des / SPM / SPC / VPa;Sir / TBT;Cascavel;CE
19/10/2025 15:02:18;19/10/2025 15:02:18;SIM;683233,6;12872h 14m;1091;-9;-;-;-;-;N/A;N/A;N/A;N/A;N/A;N/A;NAO;NAO;" ";" ";-;SBT / Des / SPM / SPC / VPa;Sir / TBT;Morada Nova;CE
19/10/2025 15:00:57;19/10/2025 15:00:57;SIM;683232,0;12872h 13m;1021;-11;-;-;-;-;N/A;N/A;N/A;N/A;N/A;N/A;NAO;NAO;" ";" ";-;SBT / Des / SPM / SPC / VPa;Sir / TBT;Morada Nova;CE
19/10/2025 15:00:30;19/10/2025 15:00:29;SIM;683231,5;12872h 12m;1209;-11;-;-;-;-;N/A;N/A;N/A;N/A;N/A;N/A;NAO;NAO;" ";" ";-;SBT / Des / SPM / SPC / VPa;Sir / TBT;Morada Nova;CE
19/10/2025 14:56:43;19/10/2025 14:56:45;SIM;683226,9;12872h 9m;1047;-14;-;-;-;-;N/A;N/A;N/A;N/A;N/A;N/A;NAO;NAO;" ";" ";-;SBT / Des / SPM / SPC / VPa;Sir / TBT;Morada Nova;CE
19/10/2025 14:55:58;19/10/2025 14:55:59;SIM;683226,0;12872h 8m;1140;-14;-;-;-;-;N/A;N/A;N/A;N/A;N/A;N/A;NAO;NAO;" ";" ";-;SBT / Des / SPM / SPC / VPa;Sir / TBT;Morada Nova;CE
19/10/2025 14:51:57;19/10/2025 14:51:58;SIM;683221,2;12872h 4m;1081;-13;-;-;-;-;N/A;N/A;N/A;N/A;N/A;N/A;NAO;NAO;" ";" ";-;SBT / Des / SPM / SPC / VPa;Sir / TBT;Morada Nova;CE
19/10/2025 14:47:43;19/10/2025 14:47:44;SIM;683216,0;12872h 0m;1204;-13;-;-;-;-;N/A;N/A;N/A;N/A;N/A;N/A;NAO;NAO;" ";" ";-;SBT / Des / SPM / SPC / VPa;Sir / TBT;Morada Nova;CE
19/10/2025 14:47:42;19/10/2025 14:47:43;SIM;683216,0;12872h 0m;1204;-13;-;-;-;-;N/A;N/A;N/A;N/A;N/A;N/A;NAO;NAO;" ";" ";-;SBT / Des / SPM / SPC / VPa;Sir / TBT;Morada Nova;CE
19/10/2025 14:46:50;19/10/2025 14:46:51;SIM;683214,8;12871h 59m;1205;-13;-;-;-;-;N/A;N/A;N/A;N/A;N/A;N/A;NAO;NAO;" ";" ";-;SBT / Des / SPM / SPC / VPa;Sir / TBT;Morada Nova;CE
19/10/2025 14:46:41;19/10/2025 14:46:43;SIM;683214,6;12871h 59m;1205;-13;-;-;-;-;N/A;N/A;N/A;N/A;N/A;N/A;NAO;NAO;" ";" ";-;SBT / Des / SPM / SPC / VPa;Sir / TBT;Morada Nova;CE
19/10/2025 14:45:10;19/10/2025 14:45:11;SIM;683213,3;12871h 57m;917;-14;-;-;-;-;N/A;N/A;N/A;N/A;N/A;N/A;NAO;NAO;" ";" ";-;SBT / Des / SPM / SPC / VPa;Sir / TBT;Beberibe;CE
19/10/2025 14:44:52;19/10/2025 14:44:53;SIM;683213,1;12871h 57m;1072;-14;-;-;-;-;N/A;N/A;N/A;N/A;N/A;N/A;NAO;NAO;" ";" ";-;SBT / Des / SPM / SPC / VPa;Sir / TBT;Beberibe;CE
19/10/2025 14:42:00;19/10/2025 14:42:07;SIM;683209,9;12871h 54m;1030;-15;-;-;-;-;N/A;N/A;N/A;N/A;N/A;N/A;NAO;NAO;" ";" ";-;SBT / Des / SPM / SPC / VPa;Sir / TBT;Beberibe;CE
19/10/2025 14:37:46;19/10/2025 14:37:48;SIM;683204,9;12871h 50m;1049;-9;-;-;-;-;N/A;N/A;N/A;N/A;N/A;N/A;NAO;NAO;" ";" ";-;SBT / Des / SPM / SPC / VPa;Sir / TBT;Beberibe;CE
19/10/2025 14:33:32;19/10/2025 14:33:34;SIM;683199,9;12871h 45m;1032;-14;-;-;-;-;N/A;N/A;N/A;N/A;N/A;N/A;NAO;NAO;" ";" ";-;SBT / Des / SPM / SPC / VPa;Sir / TBT;Beberibe;CE
19/10/2025 14:32:48;19/10/2025 14:32:49;SIM;683199,1;12871h 45m;1137;-13;-;-;-;-;N/A;N/A;N/A;N/A;N/A;N/A;NAO;NAO;" ";" ";-;SBT / Des / SPM / SPC / VPa;Sir / TBT;Beberibe;CE
19/10/2025 14:29:43;19/10/2025 14:29:45;SIM;683195,6;12871h 42m;1142;-14;-;-;-;-;N/A;N/A;N/A;N/A;N/A;N/A;NAO;NAO;" ";" ";-;SBT / Des / SPM / SPC / VPa;Sir / TBT;Beberibe;CE
19/10/2025 14:28:34;19/10/2025 14:28:37;SIM;683194,2;12871h 41m;1043;-15;-;-;-;-;N/A;N/A;N/A;N/A;N/A;N/A;NAO;NAO;" ";" ";-;SBT / Des / SPM / SPC / VPa;Sir / TBT;Beberibe;CE
19/10/2025 14:26:27;19/10/2025 14:26:27;SIM;683191,8;12871h 38m;1061;-11;-;-;-;-;N/A;N/A;N/A;N/A;N/A;N/A;NAO;NAO;" ";" ";-;SBT / Des / SPM / SPC / VPa;Sir / TBT;Beberibe;CE
19/10/2025 14:22:43;19/10/2025 14:25:05;SIM;683187,4;12871h 35m;1206;-12;-;-;-;-;N/A;N/A;N/A;N/A;N/A;N/A;SIM;NAO;" ";" ";-;SBT / Des / SPM / SPC / VPa;Sir / TBT;Aracati;CE
19/10/2025 14:22:13;19/10/2025 14:22:35;SIM;683186,8;12871h 34m;1041;-12;-;-;-;-;N/A;N/A;N/A;N/A;N/A;N/A;SIM;NAO;" ";" ";-;SBT / Des / SPM / SPC / VPa;Sir / TBT;Aracati;CE
19/10/2025 14:17:59;19/10/2025 14:22:19;SIM;683181,8;12871h 30m;1116;-15;-;-;-;-;N/A;N/A;N/A;N/A;N/A;N/A;SIM;NAO;" ";" ";-;SBT / Des / SPM / SPC / VPa;Sir / TBT;Aracati;CE
19/10/2025 14:13:45;19/10/2025 14:22:16;SIM;683176,9;12871h 26m;1057;-10;-;-;-;-;N/A;N/A;N/A;N/A;N/A;N/A;SIM;NAO;" ";" ";-;SBT / Des / SPM / SPC / VPa;Sir / TBT;Aracati;CE
19/10/2025 14:10:06;19/10/2025 14:22:15;SIM;683172,6;12871h 22m;1854;-13;-;-;-;-;N/A;N/A;N/A;N/A;N/A;N/A;SIM;NAO;" ";" ";-;SBT / Des / SPM / SPC / VPa;Sir / TBT;Aracati;CE
19/10/2025 14:09:31;19/10/2025 14:22:12;SIM;683171,9;12871h 21m;1126;-12;-;-;-;-;N/A;N/A;N/A;N/A;N/A;N/A;SIM;NAO;" ";" ";-;SBT / Des / SPM / SPC / VPa;Sir / TBT;Aracati;CE
19/10/2025 14:05:17;19/10/2025 14:05:17;SIM;683166,8;12871h 17m;1098;-15;-;-;-;-;N/A;N/A;N/A;N/A;N/A;N/A;NAO;NAO;" ";" ";-;SBT / Des / SPM / SPC / VPa;Sir / TBT;Aracati;CE
19/10/2025 14:01:03;19/10/2025 14:01:03;SIM;683163,3;12871h 13m;1057;-9;-;-;-;-;N/A;N/A;N/A;N/A;N/A;N/A;NAO;NAO;" ";" ";-;SBT / Des / SPM / SPC / VPa;Sir / TBT;Aracati;CE
19/10/2025 13:59:30;19/10/2025 13:59:29;SIM;683162,2;12871h 11m;1271;-11;-;-;-;-;N/A;N/A;N/A;N/A;N/A;N/A;NAO;NAO;" ";" ";-;SBT / Des / SPM / SPC / VPa;Sir / TBT;Aracati;CE
19/10/2025 13:55:16;19/10/2025 13:55:16;SIM;683160,3;12871h 7m;1303;-14;-;-;-;-;N/A;N/A;N/A;N/A;N/A;N/A;NAO;NAO;" ";" ";-;SBT / Des / SPM / SPC / VPa;Sir / TBT;Aracati;CE
19/10/2025 13:51:02;19/10/2025 13:51:04;SIM;683156,8;12871h 3m;1146;-14;-;-;-;-;N/A;N/A;N/A;N/A;N/A;N/A;NAO;NAO;" ";" ";-;SBT / Des / SPM / SPC / VPa;Sir / TBT;Aracati;CE
19/10/2025 13:46:55;19/10/2025 13:46:55;SIM;683151,8;12870h 59m;1197;-11;-;-;-;-;N/A;N/A;N/A;N/A;N/A;N/A;NAO;NAO;" ";" ";-;SBT / Des / SPM / SPC / VPa;Sir / TBT;Aracati;CE
19/10/2025 13:46:48;19/10/2025 13:46:48;SIM;683151,6;12870h 59m;1211;-11;-;-;-;-;N/A;N/A;N/A;N/A;N/A;N/A;NAO;NAO;" ";" ";-;SBT / Des / SPM / SPC / VPa;Sir / TBT;Aracati;CE
19/10/2025 13:42:48;19/10/2025 13:42:49;SIM;683147,2;12870h 55m;1247;-14;-;-;-;-;N/A;N/A;N/A;N/A;N/A;N/A;NAO;NAO;" ";" ";-;SBT / Des / SPM / SPC / VPa;Sir / TBT;Aracati;CE
19/10/2025 13:42:34;19/10/2025 13:42:35;SIM;683147,1;12870h 55m;1476;-14;-;-;-;-;N/A;N/A;N/A;N/A;N/A;N/A;NAO;NAO;" ";" ";-;SBT / Des / SPM / SPC / VPa;Sir / TBT;Aracati;CE
19/10/2025 13:42:18;19/10/2025 13:42:19;SIM;683147,1;12870h 54m;980;-14;-;-;-;-;N/A;N/A;N/A;N/A;N/A;N/A;NAO;NAO;" ";" ";-;SBT / Des / SPM / SPC / VPa;Sir / TBT;Aracati;CE
19/10/2025 13:41:34;19/10/2025 13:41:38;SIM;683147,0;12870h 54m;1306;-15;-;-;-;-;N/A;N/A;N/A;N/A;N/A;N/A;SIM;NAO;" ";" ";-;SBT / Des / SPM / SPC / VPa;Sir / TBT;Aracati;CE
19/10/2025 13:41:18;19/10/2025 13:41:37;SIM;683147,0;12870h 53m;905;-16;-;-;-;-;N/A;N/A;N/A;N/A;N/A;N/A;SIM;NAO;" ";" ";-;SBT / Des / SPM / SPC / VPa;Sir / TBT;Aracati;CE
19/10/2025 13:40:55;19/10/2025 13:40:57;SIM;683146,9;12870h 53m;1054;-15;-;-;-;-;N/A;N/A;N/A;N/A;N/A;N/A;NAO;NAO;" ";" ";-;SBT / Des / SPM / SPC / VPa;Sir / TBT;Aracati;CE
19/10/2025 13:40:00;19/10/2025 13:40:01;SIM;683146,9;12870h 52m;0;-15;-;-;-;-;N/A;N/A;N/A;N/A;N/A;N/A;NAO;NAO;" ";" ";-;SBT / Des / SPM / SPC / VPa;Sir / TBT;Aracati;CE
19/10/2025 13:39:56;19/10/2025 13:39:57;NAO;683146,9;12870h 52m;0;-15;-;-;-;-;N/A;N/A;N/A;N/A;N/A;N/A;NAO;NAO;" ";" ";-;SBT / Des / SPM / SPC / VPa;Sir / TBT;Aracati;CE
19/10/2025 13:39:28;19/10/2025 13:39:30;NAO;683146,9;12870h 52m;0;-14;-;-;-;-;N/A;N/A;N/A;N/A;N/A;N/A;NAO;NAO;" ";" ";-;SBT / Des / SPM / SPC / VPa;Sir / TBT;Aracati;CE
19/10/2025 13:39:15;19/10/2025 13:39:16;NAO;683146,9;12870h 52m;0;-15;-;-;-;-;N/A;N/A;N/A;N/A;N/A;N/A;NAO;NAO;" ";" ";-;SBT / Des / SPM / SPC / VPa;Sir / TBT;Aracati;CE
19/10/2025 13:38:53;19/10/2025 13:38:55;NAO;683146,9;12870h 52m;0;-14;-;-;-;-;N/A;N/A;N/A;N/A;N/A;N/A;NAO;NAO;" ";" ";-;SBT / Des / SPM / SPC / VPa;Sir / TBT;Aracati;CE
19/10/2025 13:38:23;19/10/2025 13:38:25;NAO;683146,9;12870h 52m;0;-13;-;-;-;-;N/A;N/A;N/A;N/A;N/A;N/A;NAO;NAO;" ";" ";-;SBT / Des / SPM / SPC / VPa;Sir / TBT;Aracati;CE
19/10/2025 13:38:12;19/10/2025 13:38:12;NAO;683146,9;12870h 52m;0;-13;-;-;-;-;N/A;N/A;N/A;N/A;N/A;N/A;NAO;NAO;" ";" ";-;SBT / Des / SPM / SPC / VPa;Sir / TBT;Aracati;CE
19/10/2025 13:36:02;19/10/2025 13:36:03;NAO;683146,9;12870h 52m;0;-9;-;-;-;-;N/A;N/A;N/A;N/A;N/A;N/A;NAO;NAO;" ";" ";-;SBT / Des / SPM / SPC / VPa;Sir / TBT;Aracati;CE
19/10/2025 13:34:53;19/10/2025 13:34:54;NAO;683146,9;12870h 52m;0;-11;-;-;-;-;N/A;N/A;N/A;N/A;N/A;N/A;NAO;NAO;" ";" ";-;SBT / Des / SPM / SPC / VPa;Sir / TBT;Aracati;CE
19/10/2025 13:30:53;19/10/2025 13:30:56;NAO;683146,9;12870h 52m;0;-14;-;-;-;-;N/A;N/A;N/A;N/A;N/A;N/A;NAO;NAO;" ";" ";-;SBT / Des / SPM / SPC / VPa;Sir / TBT;Aracati;CE
19/10/2025 13:26:53;19/10/2025 13:26:54;NAO;683146,9;12870h 52m;0;-15;-;-;-;-;N/A;N/A;N/A;N/A;N/A;N/A;NAO;NAO;" ";" ";-;SBT / Des / SPM / SPC / VPa;Sir / TBT;Aracati;CE
19/10/2025 13:22:53;19/10/2025 13:22:54;NAO;683146,9;12870h 52m;0;-10;-;-;-;-;N/A;N/A;N/A;N/A;N/A;N/A;NAO;NAO;" ";" ";-;SBT / Des / SPM / SPC / VPa;Sir / TBT;Aracati;CE
19/10/2025 13:18:53;19/10/2025 13:18:54;NAO;683146,9;12870h 52m;0;-14;-;-;-;-;N/A;N/A;N/A;N/A;N/A;N/A;NAO;NAO;" ";" ";-;SBT / Des / SPM / SPC / VPa;Sir / TBT;Aracati;CE
19/10/2025 13:15:57;19/10/2025 13:15:59;NAO;683146,9;12870h 52m;0;-15;-;-;-;-;N/A;N/A;N/A;N/A;N/A;N/A;NAO;NAO;" ";" ";-;SBT / Des / SPM / SPC / VPa;Sir / TBT;Aracati;CE
19/10/2025 13:15:50;19/10/2025 13:15:50;NAO;683146,9;12870h 52m;0;-15;-;-;-;-;N/A;N/A;N/A;N/A;N/A;N/A;NAO;NAO;" ";" ";-;SBT / Des / SPM / SPC / VPa;Sir / TBT;Aracati;CE
19/10/2025 13:15:47;19/10/2025 13:15:47;NAO;683146,9;12870h 52m;0;-15;-;-;-;-;N/A;N/A;N/A;N/A;N/A;N/A;NAO;NAO;" ";" ";-;SBT / Des / SPM / SPC / VPa;Sir / TBT;Aracati;CE
19/10/2025 13:15:41;19/10/2025 13:15:44;NAO;683146,9;12870h 52m;0;-15;-;-;-;-;N/A;N/A;N/A;N/A;N/A;N/A;NAO;NAO;" ";" ";-;SBT / Des / SPM / SPC / VPa;Sir / TBT;Aracati;CE
19/10/2025 13:15:21;19/10/2025 13:15:22;NAO;683146,9;12870h 52m;0;-15;-;-;-;-;N/A;N/A;N/A;N/A;N/A;N/A;NAO;NAO;" ";" ";-;SBT / Des / SPM / SPC / VPa;Sir / TBT;Aracati;CE
19/10/2025 13:15:10;19/10/2025 13:15:11;NAO;683146,9;12870h 52m;0;-15;-;-;-;-;N/A;N/A;N/A;N/A;N/A;N/A;NAO;NAO;" ";" ";-;SBT / Des / SPM / SPC / VPa;Sir / TBT;Aracati;CE
19/10/2025 13:14:59;19/10/2025 13:15:03;NAO;683146,9;12870h 52m;0;-15;-;-;-;-;N/A;N/A;N/A;N/A;N/A;N/A;NAO;NAO;" ";" ";-;SBT / Des / SPM / SPC / VPa;Sir / TBT;Aracati;CE
19/10/2025 13:14:56;19/10/2025 13:14:56;NAO;683146,9;12870h 52m;0;-14;-;-;-;-;N/A;N/A;N/A;N/A;N/A;N/A;NAO;NAO;" ";" ";-;SBT / Des / SPM / SPC / VPa;Sir / TBT;Aracati;CE
19/10/2025 13:14:54;19/10/2025 13:14:55;NAO;683146,9;12870h 52m;563;-14;-;-;-;-;N/A;N/A;N/A;N/A;N/A;N/A;NAO;NAO;" ";" ";-;SBT / Des / SPM / SPC / VPa;Sir / TBT;Aracati;CE
19/10/2025 13:13:27;19/10/2025 13:14:28;SIM;683146,8;12870h 51m;905;-13;-;-;-;-;N/A;N/A;N/A;N/A;N/A;N/A;NAO;NAO;" ";" ";-;SBT / Des / SPM / SPC / VPa;Sir / TBT;Aracati;CE
19/10/2025 13:13:12;19/10/2025 13:13:22;SIM;683146,8;12870h 50m;923;-13;-;-;-;-;N/A;N/A;N/A;N/A;N/A;N/A;SIM;NAO;" ";" ";-;SBT / Des / SPM / SPC / VPa;Sir / TBT;Aracati;CE
19/10/2025 13:11:12;19/10/2025 13:11:49;SIM;683145,5;12870h 48m;1121;-9;-;-;-;-;N/A;N/A;N/A;N/A;N/A;N/A;NAO;NAO;" ";" ";-;SBT / Des / SPM / SPC / VPa;Sir / TBT;Aracati;CE
19/10/2025 13:06:58;19/10/2025 13:10:58;SIM;683140,4;12870h 44m;1151;-13;-;-;-;-;N/A;N/A;N/A;N/A;N/A;N/A;SIM;NAO;" ";" ";-;SBT / Des / SPM / SPC / VPa;Sir / TBT;Aracati;CE
19/10/2025 13:02:47;19/10/2025 13:02:57;SIM;683135,3;12870h 40m;1202;-15;-;-;-;-;N/A;N/A;N/A;N/A;N/A;N/A;NAO;NAO;" ";" ";-;SBT / Des / SPM / SPC / VPa;Sir / TBT;Aracati;CE
19/10/2025 13:02:44;19/10/2025 13:02:43;SIM;683135,2;12870h 40m;1203;-14;-;-;-;-;N/A;N/A;N/A;N/A;N/A;N/A;NAO;NAO;" ";" ";-;SBT / Des / SPM / SPC / VPa;Sir / TBT;Aracati;CE
19/10/2025 13:02:24;19/10/2025 13:02:36;SIM;683134,8;12870h 39m;1203;-14;-;-;-;-;N/A;N/A;N/A;N/A;N/A;N/A;NAO;NAO;" ";" ";-;SBT / Des / SPM / SPC / VPa;Sir / TBT;Aracati;CE
19/10/2025 12:58:30;19/10/2025 12:58:29;SIM;683129,9;12870h 36m;1174;-11;-;-;-;-;N/A;N/A;N/A;N/A;N/A;N/A;NAO;NAO;" ";" ";-;SBT / Des / SPM / SPC / VPa;Sir / TBT;Icapuí;CE
19/10/2025 12:55:54;19/10/2025 12:55:54;SIM;683126,7;12870h 33m;1205;-13;-;-;-;-;N/A;N/A;N/A;N/A;N/A;N/A;NAO;NAO;" ";" ";-;SBT / Des / SPM / SPC / VPa;Sir / TBT;Icapuí;CE
19/10/2025 12:55:51;19/10/2025 12:55:51;SIM;683126,6;12870h 33m;1213;-13;-;-;-;-;N/A;N/A;N/A;N/A;N/A;N/A;NAO;NAO;" ";" ";-;SBT / Des / SPM / SPC / VPa;Sir / TBT;Icapuí;CE
19/10/2025 12:54:16;19/10/2025 12:54:16;SIM;683124,6;12870h 31m;1125;-14;-;-;-;-;N/A;N/A;N/A;N/A;N/A;N/A;NAO;NAO;" ";" ";-;SBT / Des / SPM / SPC / VPa;Sir / TBT;Icapuí;CE
19/10/2025 12:50:02;19/10/2025 12:50:04;SIM;683118,7;12870h 27m;1194;-14;-;-;-;-;N/A;N/A;N/A;N/A;N/A;N/A;NAO;NAO;" ";" ";-;SBT / Des / SPM / SPC / VPa;Sir / TBT;Icapuí;CE
19/10/2025 12:49:00;19/10/2025 12:49:00;SIM;683118,1;12870h 26m;1124;-13;-;-;-;-;N/A;N/A;N/A;N/A;N/A;N/A;NAO;NAO;" ";" ";-;SBT / Des / SPM / SPC / VPa;Sir / TBT;Aracati;CE
19/10/2025 12:45:48;19/10/2025 12:49:36;SIM;683114,4;12870h 23m;1141;-11;-;-;-;-;N/A;N/A;N/A;N/A;N/A;N/A;SIM;NAO;" ";" ";-;SBT / Des / SPM / SPC / VPa;Sir / TBT;Aracati;CE
19/10/2025 12:41:34;19/10/2025 12:49:35;SIM;683111,3;12870h 19m;1118;-14;-;-;-;-;N/A;N/A;N/A;N/A;N/A;N/A;SIM;NAO;" ";" ";-;SBT / Des / SPM / SPC / VPa;Sir / TBT;Aracati;CE
19/10/2025 12:39:41;19/10/2025 12:49:35;SIM;683109,9;12870h 17m;1083;-15;-;-;-;-;N/A;N/A;N/A;N/A;N/A;N/A;SIM;NAO;" ";" ";-;SBT / Des / SPM / SPC / VPa;Sir / TBT;Aracati;CE
19/10/2025 12:37:20;19/10/2025 12:49:35;SIM;683109,8;12870h 14m;0;-14;-;-;-;-;N/A;N/A;N/A;N/A;N/A;N/A;SIM;NAO;" ";" ";-;SBT / Des / SPM / SPC / VPa;Sir / TBT;Aracati;CE
19/10/2025 12:37:14;19/10/2025 12:49:34;SIM;683109,8;12870h 14m;0;-14;-;-;-;-;N/A;N/A;N/A;N/A;N/A;N/A;SIM;NAO;" ";" ";-;SBT / Des / SPM / SPC / VPa;Sir / TBT;Aracati;CE
19/10/2025 12:36:33;19/10/2025 12:49:34;SIM;683109,8;12870h 14m;0;-13;-;-;-;-;N/A;N/A;N/A;N/A;N/A;N/A;SIM;NAO;" ";" ";-;SBT / Des / SPM / SPC / VPa;Sir / TBT;Aracati;CE
19/10/2025 12:35:23;19/10/2025 12:49:33;SIM;683109,8;12870h 13m;0;-11;-;-;-;-;N/A;N/A;N/A;N/A;N/A;N/A;SIM;NAO;" ";" ";-;SBT / Des / SPM / SPC / VPa;Sir / TBT;Aracati;CE
19/10/2025 12:32:24;19/10/2025 12:49:33;SIM;683109,8;12870h 10m;0;-11;-;-;-;-;N/A;N/A;N/A;N/A;N/A;N/A;SIM;NAO;" ";" ";-;SBT / Des / SPM / SPC / VPa;Sir / TBT;Aracati;CE
19/10/2025 12:32:22;19/10/2025 12:49:33;NAO;683109,8;12870h 10m;0;-11;-;-;-;-;N/A;N/A;N/A;N/A;N/A;N/A;SIM;NAO;" ";" ";-;SBT / Des / SPM / SPC / VPa;Sir / TBT;Aracati;CE
19/10/2025 12:32:11;19/10/2025 12:49:32;SIM;683109,8;12870h 9m;0;-11;-;-;-;-;N/A;N/A;N/A;N/A;N/A;N/A;SIM;NAO;" ";" ";-;SBT / Des / SPM / SPC / VPa;Sir / TBT;Aracati;CE
19/10/2025 12:32:10;19/10/2025 12:49:32;NAO;683109,8;12870h 9m;0;-11;-;-;-;-;N/A;N/A;N/A;N/A;N/A;N/A;SIM;NAO;" ";" ";-;SBT / Des / SPM / SPC / VPa;Sir / TBT;Aracati;CE
19/10/2025 12:31:43;19/10/2025 12:49:31;SIM;683109,8;12870h 9m;0;-13;-;-;-;-;N/A;N/A;N/A;N/A;N/A;N/A;SIM;NAO;" ";" ";-;SBT / Des / SPM / SPC / VPa;Sir / TBT;Aracati;CE
19/10/2025 12:30:32;19/10/2025 12:49:30;SIM;683109,8;12870h 8m;0;-13;-;-;-;-;N/A;N/A;N/A;N/A;N/A;N/A;SIM;NAO;" ";" ";-;SBT / Des / SPM / SPC / VPa;Sir / TBT;Aracati;CE
19/10/2025 12:26:30;19/10/2025 12:49:29;SIM;683109,8;12870h 4m;0;-15;-;-;-;-;N/A;N/A;N/A;N/A;N/A;N/A;SIM;NAO;" ";" ";-;SBT / Des / SPM / SPC / VPa;TBT;Aracati;CE
19/10/2025 12:26:18;19/10/2025 12:49:28;SIM;683109,8;12870h 4m;0;-15;-;-;-;-;N/A;N/A;N/A;N/A;N/A;N/A;SIM;NAO;" ";" ";-;SBT / Des / SPM / SPC / VPa;TBT;Aracati;CE
19/10/2025 12:25:51;19/10/2025 12:49:27;SIM;683109,8;12870h 3m;0;-15;-;-;-;-;N/A;N/A;N/A;N/A;N/A;N/A;SIM;NAO;" ";" ";-;SBT / Des / SPM / SPC / VPa;TBT;Aracati;CE
19/10/2025 12:24:14;19/10/2025 12:49:24;SIM;683109,8;12870h 1m;0;-14;-;-;-;-;N/A;N/A;N/A;N/A;N/A;N/A;SIM;NAO;" ";" ";-;SBT / Des / SPM / SPC / VPa;TBT;Aracati;CE
19/10/2025 12:22:25;19/10/2025 12:49:21;SIM;683109,8;12870h 0m;0;-11;-;-;-;-;N/A;N/A;N/A;N/A;N/A;N/A;SIM;NAO;" ";" ";-;SBT / Des / SPM / SPC / VPa;TBT;Aracati;CE
19/10/2025 12:19:25;19/10/2025 12:49:20;SIM;683109,8;12869h 57m;0;-11;-;-;-;-;N/A;N/A;N/A;N/A;N/A;N/A;SIM;NAO;" ";" ";-;SBT / Des / SPM / SPC / VPa;TBT;Aracati;CE
19/10/2025 12:19:24;19/10/2025 12:49:20;NAO;683109,8;12869h 57m;0;-11;-;-;-;-;N/A;N/A;N/A;N/A;N/A;N/A;SIM;NAO;" ";" ";-;SBT / Des / SPM / SPC / VPa;TBT;Aracati;CE
19/10/2025 12:19:22;19/10/2025 12:49:19;NAO;683109,8;12869h 57m;0;-11;-;-;-;-;N/A;N/A;N/A;N/A;N/A;N/A;SIM;NAO;" ";" ";-;SBT / Des / SPM / SPC / VPa;TBT;Aracati;CE
19/10/2025 12:18:57;19/10/2025 12:49:18;SIM;683109,8;12869h 56m;0;-11;-;-;-;-;N/A;N/A;N/A;N/A;N/A;N/A;SIM;NAO;" ";" ";-;SBT / Des / SPM / SPC / VPa;TBT;Aracati;CE
19/10/2025 12:18:46;19/10/2025 12:49:18;SIM;683109,8;12869h 56m;0;-11;-;-;-;-;N/A;N/A;N/A;N/A;N/A;N/A;SIM;NAO;" ";" ";-;SBT / Des / SPM / SPC / VPa;Sir / TBT;Aracati;CE
19/10/2025 12:15:57;19/10/2025 12:49:18;SIM;683109,8;12869h 53m;0;-14;-;-;-;-;N/A;N/A;N/A;N/A;N/A;N/A;SIM;NAO;" ";" ";-;SBT / Des / SPM / SPC / VPa;Sir / TBT;Aracati;CE
19/10/2025 12:15:51;19/10/2025 12:49:17;NAO;683109,8;12869h 53m;0;-13;-;-;-;-;N/A;N/A;N/A;N/A;N/A;N/A;SIM;NAO;" ";" ";-;SBT / Des / SPM / SPC / VPa;Sir / TBT;Aracati;CE
19/10/2025 12:15:48;19/10/2025 12:49:17;NAO;683109,8;12869h 53m;0;-14;-;-;-;-;N/A;N/A;N/A;N/A;N/A;N/A;SIM;NAO;" ";" ";-;SBT / Des / SPM / SPC / VPa;Sir / TBT;Aracati;CE
19/10/2025 12:14:39;19/10/2025 12:49:17;SIM;683109,8;12869h 52m;0;-14;-;-;-;-;N/A;N/A;N/A;N/A;N/A;N/A;SIM;NAO;" ";" ";-;SBT / Des / SPM / SPC / VPa;Sir / TBT;Aracati;CE
19/10/2025 12:14:38;19/10/2025 12:49:16;NAO;683109,8;12869h 52m;0;-15;-;-;-;-;N/A;N/A;N/A;N/A;N/A;N/A;SIM;NAO;" ";" ";-;SBT / Des / SPM / SPC / VPa;Sir / TBT;Aracati;CE
19/10/2025 12:14:35;19/10/2025 12:49:16;NAO;683109,8;12869h 52m;0;-14;-;-;-;-;N/A;N/A;N/A;N/A;N/A;N/A;SIM;NAO;" ";" ";-;SBT / Des / SPM / SPC / VPa;Sir / TBT;Aracati;CE
19/10/2025 12:14:27;19/10/2025 12:49:16;SIM;683109,8;12869h 52m;0;-14;-;-;-;-;N/A;N/A;N/A;N/A;N/A;N/A;SIM;NAO;" ";" ";-;SBT / Des / SPM / SPC / VPa;Sir / TBT;Aracati;CE
19/10/2025 12:14:25;19/10/2025 12:49:15;NAO;683109,8;12869h 52m;0;-14;-;-;-;-;N/A;N/A;N/A;N/A;N/A;N/A;SIM;NAO;" ";" ";-;SBT / Des / SPM / SPC / VPa;Sir / TBT;Aracati;CE
19/10/2025 12:14:04;19/10/2025 12:49:15;SIM;683109,8;12869h 52m;0;-14;-;-;-;-;N/A;N/A;N/A;N/A;N/A;N/A;SIM;NAO;" ";" ";-;SBT / Des / SPM / SPC / VPa;Sir / TBT;Aracati;CE
19/10/2025 12:12:46;19/10/2025 12:49:14;SIM;683109,8;12869h 50m;0;-15;-;-;-;-;N/A;N/A;N/A;N/A;N/A;N/A;SIM;NAO;" ";" ";-;SBT / Des / SPM / SPC / VPa;Sir / TBT;Aracati;CE
19/10/2025 12:09:46;19/10/2025 12:49:14;SIM;683109,8;12869h 47m;0;-13;-;-;-;-;N/A;N/A;N/A;N/A;N/A;N/A;SIM;NAO;" ";" ";-;SBT / Des / SPM / SPC / VPa;Sir / TBT;Aracati;CE
19/10/2025 12:09:45;19/10/2025 12:49:13;NAO;683109,8;12869h 47m;0;-13;-;-;-;-;N/A;N/A;N/A;N/A;N/A;N/A;SIM;NAO;" ";" ";-;SBT / Des / SPM / SPC / VPa;Sir / TBT;Aracati;CE
19/10/2025 12:09:42;19/10/2025 12:49:13;NAO;683109,8;12869h 47m;0;-13;-;-;-;-;N/A;N/A;N/A;N/A;N/A;N/A;SIM;NAO;" ";" ";-;SBT / Des / SPM / SPC / VPa;Sir / TBT;Aracati;CE
19/10/2025 12:08:14;19/10/2025 12:49:13;SIM;683109,8;12869h 46m;0;-10;-;-;-;-;N/A;N/A;N/A;N/A;N/A;N/A;SIM;NAO;" ";" ";-;SBT / Des / SPM / SPC / VPa;Sir / TBT;Aracati;CE
19/10/2025 12:07:20;19/10/2025 12:49:12;NAO;683109,8;12869h 46m;0;-9;-;-;-;-;N/A;N/A;N/A;N/A;N/A;N/A;SIM;NAO;" ";" ";-;SBT / Des / SPM / SPC / VPa;Sir / TBT;Aracati;CE
19/10/2025 12:07:16;19/10/2025 12:49:12;NAO;683109,8;12869h 46m;0;-9;-;-;-;-;N/A;N/A;N/A;N/A;N/A;N/A;SIM;NAO;" ";" ";-;SBT / Des / SPM / SPC / VPa;Sir / TBT;Aracati;CE
19/10/2025 12:07:13;19/10/2025 12:49:12;NAO;683109,8;12869h 46m;597;-9;-;-;-;-;N/A;N/A;N/A;N/A;N/A;N/A;SIM;NAO;" ";" ";-;SBT / Des / SPM / SPC / VPa;Sir / TBT;Aracati;CE
19/10/2025 12:06:52;19/10/2025 12:49:11;SIM;683109,8;12869h 45m;1046;-10;-;-;-;-;N/A;N/A;N/A;N/A;N/A;N/A;SIM;NAO;" ";" ";-;SBT / Des / SPM / SPC / VPa;Sir / TBT;Aracati;CE
19/10/2025 12:04:25;19/10/2025 12:49:11;SIM;683109,5;12869h 43m;0;-14;-;-;-;-;N/A;N/A;N/A;N/A;N/A;N/A;SIM;NAO;" ";" ";-;SBT / Des / SPM / SPC / VPa;Sir / TBT;Aracati;CE
19/10/2025 12:04:06;19/10/2025 12:49:11;NAO;683109,5;12869h 43m;0;-14;-;-;-;-;N/A;N/A;N/A;N/A;N/A;N/A;SIM;NAO;" ";" ";-;SBT / Des / SPM / SPC / VPa;Sir / TBT;Aracati;CE
19/10/2025 12:03:32;19/10/2025 12:49:10;NAO;683109,5;12869h 43m;0;-14;-;-;-;-;N/A;N/A;N/A;N/A;N/A;N/A;SIM;NAO;" ";" ";-;SBT / Des / SPM / SPC / VPa;Sir / TBT;Aracati;CE
19/10/2025 12:03:30;19/10/2025 12:49:10;NAO;683109,5;12869h 43m;0;-13;-;-;-;-;N/A;N/A;N/A;N/A;N/A;N/A;SIM;NAO;" ";" ";-;SBT / Des / SPM / SPC / VPa;Sir / TBT;Aracati;CE
19/10/2025 12:03:23;19/10/2025 12:49:10;SIM;683109,5;12869h 43m;0;-13;-;-;-;-;N/A;N/A;N/A;N/A;N/A;N/A;SIM;NAO;" ";" ";-;SBT / Des / SPM / SPC / VPa;Sir / TBT;Aracati;CE
19/10/2025 12:03:22;19/10/2025 12:49:09;SIM;683109,5;12869h 43m;0;-14;-;-;-;-;N/A;N/A;N/A;N/A;N/A;N/A;SIM;NAO;" ";" ";-;SBT / Des / SPM / SPC / VPa;Sir / TBT;Aracati;CE
19/10/2025 12:03:10;19/10/2025 12:49:09;NAO;683109,5;12869h 43m;0;-14;-;-;-;-;N/A;N/A;N/A;N/A;N/A;N/A;SIM;NAO;" ";" ";-;SBT / Des / SPM / SPC / VPa;Sir / TBT;Aracati;CE
19/10/2025 12:02:52;19/10/2025 12:49:09;NAO;683109,5;12869h 43m;0;-14;-;-;-;-;N/A;N/A;N/A;N/A;N/A;N/A;SIM;NAO;" ";" ";-;SBT / Des / SPM / SPC / VPa;Sir / TBT;Aracati;CE
19/10/2025 12:02:45;19/10/2025 12:49:08;NAO;683109,5;12869h 43m;0;-15;-;-;-;-;N/A;N/A;N/A;N/A;N/A;N/A;SIM;NAO;" ";" ";-;SBT / Des / SPM / SPC / VPa;Sir / TBT;Aracati;CE
19/10/2025 12:02:14;19/10/2025 12:49:08;NAO;683109,5;12869h 43m;0;-15;-;-;-;-;N/A;N/A;N/A;N/A;N/A;N/A;SIM;NAO;" ";" ";-;SBT / Des / SPM / SPC / VPa;Sir / TBT;Aracati;CE
19/10/2025 12:01:50;19/10/2025 12:49:08;NAO;683109,5;12869h 43m;0;-15;-;-;-;-;N/A;N/A;N/A;N/A;N/A;N/A;SIM;NAO;" ";" ";-;SBT / Des / SPM / SPC / VPa;Sir / TBT;Aracati;CE
19/10/2025 12:01:46;19/10/2025 12:49:07;NAO;683109,5;12869h 43m;0;-15;-;-;-;-;N/A;N/A;N/A;N/A;N/A;N/A;SIM;NAO;" ";" ";-;SBT / Des / SPM / SPC / VPa;Sir / TBT;Aracati;CE
19/10/2025 11:58:45;19/10/2025 12:49:07;NAO;683109,5;12869h 43m;0;-17;-;-;-;-;N/A;N/A;N/A;N/A;N/A;N/A;SIM;NAO;" ";" ";-;SBT / Des / SPM / SPC / VPa;Sir / TBT;Aracati;CE
19/10/2025 11:54:45;19/10/2025 12:49:06;NAO;683109,5;12869h 43m;0;-11;-;-;-;-;N/A;N/A;N/A;N/A;N/A;N/A;SIM;NAO;" ";" ";-;SBT / Des / SPM / SPC / VPa;Sir / TBT;Aracati;CE
19/10/2025 11:50:45;19/10/2025 12:49:06;NAO;683109,5;12869h 43m;0;-13;-;-;-;-;N/A;N/A;N/A;N/A;N/A;N/A;SIM;NAO;" ";" ";-;SBT / Des / SPM / SPC / VPa;Sir / TBT;Aracati;CE
19/10/2025 11:46:45;19/10/2025 12:49:06;NAO;683109,5;12869h 43m;0;-15;-;-;-;-;N/A;N/A;N/A;N/A;N/A;N/A;SIM;NAO;" ";" ";-;SBT / Des / SPM / SPC / VPa;Sir / TBT;Aracati;CE
19/10/2025 11:42:45;19/10/2025 12:49:05;NAO;683109,5;12869h 43m;0;-13;-;-;-;-;N/A;N/A;N/A;N/A;N/A;N/A;SIM;NAO;" ";" ";-;SBT / Des / SPM / SPC / VPa;Sir / TBT;Aracati;CE
19/10/2025 11:38:45;19/10/2025 12:49:05;NAO;683109,5;12869h 43m;0;-11;-;-;-;-;N/A;N/A;N/A;N/A;N/A;N/A;SIM;NAO;" ";" ";-;SBT / Des / SPM / SPC / VPa;Sir / TBT;Aracati;CE
19/10/2025 11:34:45;19/10/2025 12:49:05;NAO;683109,5;12869h 43m;0;-15;-;-;-;-;N/A;N/A;N/A;N/A;N/A;N/A;SIM;NAO;" ";" ";-;SBT / Des / SPM / SPC / VPa;Sir / TBT;Aracati;CE
19/10/2025 11:30:45;19/10/2025 12:49:04;NAO;683109,5;12869h 43m;0;-14;-;-;-;-;N/A;N/A;N/A;N/A;N/A;N/A;SIM;NAO;" ";" ";-;SBT / Des / SPM / SPC / VPa;Sir / TBT;Aracati;CE
19/10/2025 11:26:45;19/10/2025 12:49:04;NAO;683109,5;12869h 43m;0;-11;-;-;-;-;N/A;N/A;N/A;N/A;N/A;N/A;SIM;NAO;" ";" ";-;SBT / Des / SPM / SPC / VPa;Sir / TBT;Aracati;CE
19/10/2025 11:25:00;19/10/2025 12:49:04;NAO;683109,5;12869h 43m;0;-13;-;-;-;-;N/A;N/A;N/A;N/A;N/A;N/A;SIM;NAO;" ";" ";-;SBT / Des / SPM / SPC / VPa;Sir / TBT;Aracati;CE
19/10/2025 11:23:56;19/10/2025 12:49:03;NAO;683109,5;12869h 43m;0;-13;-;-;-;-;N/A;N/A;N/A;N/A;N/A;N/A;SIM;NAO;" ";" ";-;SBT / Des / SPM / SPC / VPa;Sir / TBT;Aracati;CE
19/10/2025 11:23:52;19/10/2025 12:49:03;NAO;683109,5;12869h 43m;0;-13;-;-;-;-;N/A;N/A;N/A;N/A;N/A;N/A;SIM;NAO;" ";" ";-;SBT / Des / SPM / SPC / VPa;Sir / TBT;Aracati;CE
19/10/2025 11:23:03;19/10/2025 12:49:02;NAO;683109,5;12869h 43m;0;-13;-;-;-;-;N/A;N/A;N/A;N/A;N/A;N/A;SIM;NAO;" ";" ";-;SBT / Des / SPM / SPC / VPa;Sir / TBT;Aracati;CE
19/10/2025 11:22:48;19/10/2025 12:49:02;NAO;683109,5;12869h 43m;0;-13;-;-;-;-;N/A;N/A;N/A;N/A;N/A;N/A;SIM;NAO;" ";" ";-;SBT / Des / SPM / SPC / VPa;Sir / TBT;Aracati;CE
19/10/2025 11:22:45;19/10/2025 12:49:01;NAO;683109,5;12869h 43m;563;-14;-;-;-;-;N/A;N/A;N/A;N/A;N/A;N/A;SIM;NAO;" ";" ";-;SBT / Des / SPM / SPC / VPa;Sir / TBT;Aracati;CE
19/10/2025 11:22:08;19/10/2025 12:49:00;SIM;683109,5;12869h 42m;563;-14;-;-;-;-;N/A;N/A;N/A;N/A;N/A;N/A;SIM;NAO;" ";" ";-;SBT / Des / SPM / SPC / VPa;Sir / TBT;Aracati;CE
19/10/2025 11:20:41;19/10/2025 12:49:00;SIM;683109,4;12869h 41m;907;-14;-;-;-;-;N/A;N/A;N/A;N/A;N/A;N/A;SIM;NAO;" ";" ";-;SBT / Des / SPM / SPC / VPa;Sir / TBT;Aracati;CE
19/10/2025 11:16:27;19/10/2025 12:49:00;SIM;683106,5;12869h 37m;1063;-11;-;-;-;-;N/A;N/A;N/A;N/A;N/A;N/A;SIM;NAO;" ";" ";-;SBT / Des / SPM / SPC / VPa;Sir / TBT;Mossoró;RN
19/10/2025 11:12:13;19/10/2025 12:48:59;SIM;683101,7;12869h 32m;1097;-13;-;-;-;-;N/A;N/A;N/A;N/A;N/A;N/A;SIM;NAO;" ";" ";-;SBT / Des / SPM / SPC / VPa;Sir / TBT;Mossoró;RN
19/10/2025 11:07:59;19/10/2025 11:08:23;SIM;683098,2;12869h 28m;1126;-15;-;-;-;-;N/A;N/A;N/A;N/A;N/A;N/A;SIM;NAO;" ";" ";-;SBT / Des / SPM / SPC / VPa;Sir / TBT;Mossoró;RN
19/10/2025 11:03:45;19/10/2025 11:03:46;SIM;683093,3;12869h 24m;1073;-11;-;-;-;-;N/A;N/A;N/A;N/A;N/A;N/A;NAO;NAO;" ";" ";-;SBT / Des / SPM / SPC / VPa;Sir / TBT;Mossoró;RN
19/10/2025 10:59:31;19/10/2025 10:59:31;SIM;683088,5;12869h 20m;1022;-13;-;-;-;-;N/A;N/A;N/A;N/A;N/A;N/A;NAO;NAO;" ";" ";-;SBT / Des / SPM / SPC / VPa;Sir / TBT;Mossoró;RN
19/10/2025 10:55:18;19/10/2025 10:55:21;SIM;683084,1;12869h 15m;947;-15;-;-;-;-;N/A;N/A;N/A;N/A;N/A;N/A;SIM;NAO;" ";" ";-;SBT / Des / SPM / SPC / VPa;Sir / TBT;Mossoró;RN
19/10/2025 10:51:38;19/10/2025 10:55:18;SIM;683080,6;12869h 12m;1090;-12;-;-;-;-;N/A;N/A;N/A;N/A;N/A;N/A;SIM;NAO;" ";" ";-;SBT / Des / SPM / SPC / VPa;Sir / TBT;Mossoró;RN
19/10/2025 10:47:24;19/10/2025 10:47:24;SIM;683076,1;12869h 8m;1075;-13;-;-;-;-;N/A;N/A;N/A;N/A;N/A;N/A;NAO;NAO;" ";" ";-;SBT / Des / SPM / SPC / VPa;Sir / TBT;Mossoró;RN
19/10/2025 10:43:11;19/10/2025 10:43:11;SIM;683072,6;12869h 3m;1052;-15;-;-;-;-;N/A;N/A;N/A;N/A;N/A;N/A;NAO;NAO;" ";" ";-;SBT / Des / SPM / SPC / VPa;Sir / TBT;Mossoró;RN
19/10/2025 10:42:53;19/10/2025 10:42:53;SIM;683072,4;12869h 3m;1064;-14;-;-;-;-;N/A;N/A;N/A;N/A;N/A;N/A;NAO;NAO;" ";" ";-;SBT / Des / SPM / SPC / VPa;Sir / TBT;Mossoró;RN
19/10/2025 10:38:40;19/10/2025 10:39:10;SIM;683068,3;12868h 59m;1036;-11;-;-;-;-;N/A;N/A;N/A;N/A;N/A;N/A;NAO;NAO;" ";" ";-;SBT / Des / SPM / SPC / VPa;Sir / TBT;Mossoró;RN
19/10/2025 10:37:54;19/10/2025 10:37:55;SIM;683067,6;12868h 58m;1066;-10;-;-;-;-;N/A;N/A;N/A;N/A;N/A;N/A;NAO;NAO;" ";" ";-;SBT / Des / SPM / SPC / VPa;Sir / TBT;Mossoró;RN
19/10/2025 10:34:26;19/10/2025 10:34:45;SIM;683064,0;12868h 55m;1073;-13;-;-;-;-;N/A;N/A;N/A;N/A;N/A;N/A;SIM;NAO;" ";" ";-;SBT / Des / SPM / SPC / VPa;Sir / TBT;Mossoró;RN
19/10/2025 10:30:12;19/10/2025 10:30:12;SIM;683059,9;12868h 50m;1036;-15;-;-;-;-;N/A;N/A;N/A;N/A;N/A;N/A;NAO;NAO;" ";" ";-;SBT / Des / SPM / SPC / VPa;Sir / TBT;Mossoró;RN
19/10/2025 10:27:52;19/10/2025 10:27:52;SIM;683057,7;12868h 48m;1211;-15;-;-;-;-;N/A;N/A;N/A;N/A;N/A;N/A;NAO;NAO;" ";" ";-;SBT / Des / SPM / SPC / VPa;Sir / TBT;Mossoró;RN
19/10/2025 10:23:38;19/10/2025 10:23:39;SIM;683053,0;12868h 44m;1074;-11;-;-;-;-;N/A;N/A;N/A;N/A;N/A;N/A;NAO;NAO;" ";" ";-;SBT / Des / SPM / SPC / VPa;Sir / TBT;Mossoró;RN
19/10/2025 10:19:24;19/10/2025 10:19:24;SIM;683048,3;12868h 40m;1116;-14;-;-;-;-;N/A;N/A;N/A;N/A;N/A;N/A;NAO;NAO;" ";" ";-;SBT / Des / SPM / SPC / VPa;Sir / TBT;Mossoró;RN
19/10/2025 10:15:10;19/10/2025 10:15:10;SIM;683043,4;12868h 35m;1118;-14;-;-;-;-;N/A;N/A;N/A;N/A;N/A;N/A;NAO;NAO;" ";" ";-;SBT / Des / SPM / SPC / VPa;Sir / TBT;Mossoró;RN
19/10/2025 10:10:56;19/10/2025 10:12:06;SIM;683038,2;12868h 31m;1116;-13;-;-;-;-;N/A;N/A;N/A;N/A;N/A;N/A;SIM;NAO;" ";" ";-;SBT / Des / SPM / SPC / VPa;Sir / TBT;Mossoró;RN
19/10/2025 10:06:42;19/10/2025 10:06:43;SIM;683033,2;12868h 27m;1010;-15;-;-;-;-;N/A;N/A;N/A;N/A;N/A;N/A;NAO;NAO;" ";" ";-;SBT / Des / SPM / SPC / VPa;Sir / TBT;Mossoró;RN
19/10/2025 10:02:28;19/10/2025 10:02:29;SIM;683028,5;12868h 23m;1116;-14;-;-;-;-;N/A;N/A;N/A;N/A;N/A;N/A;NAO;NAO;" ";" ";-;SBT / Des / SPM / SPC / VPa;Sir / TBT;Mossoró;RN
19/10/2025 09:58:14;19/10/2025 09:58:15;SIM;683023,7;12868h 18m;1063;-11;-;-;-;-;N/A;N/A;N/A;N/A;N/A;N/A;NAO;NAO;" ";" ";-;SBT / Des / SPM / SPC / VPa;Sir / TBT;Açu;RN
19/10/2025 09:54:00;19/10/2025 09:54:02;SIM;683018,8;12868h 14m;1041;-14;-;-;-;-;N/A;N/A;N/A;N/A;N/A;N/A;NAO;NAO;" ";" ";-;SBT / Des / SPM / SPC / VPa;Sir / TBT;Açu;RN
19/10/2025 09:49:46;19/10/2025 09:49:47;SIM;683014,3;12868h 10m;1110;-15;-;-;-;-;N/A;N/A;N/A;N/A;N/A;N/A;NAO;NAO;" ";" ";-;SBT / Des / SPM / SPC / VPa;Sir / TBT;Açu;RN
19/10/2025 09:45:32;19/10/2025 09:45:33;SIM;683009,5;12868h 6m;1167;-11;-;-;-;-;N/A;N/A;N/A;N/A;N/A;N/A;NAO;NAO;" ";" ";-;SBT / Des / SPM / SPC / VPa;Sir / TBT;Açu;RN
19/10/2025 09:41:18;19/10/2025 09:41:19;SIM;683004,5;12868h 1m;1164;-14;-;-;-;-;N/A;N/A;N/A;N/A;N/A;N/A;NAO;NAO;" ";" ";-;SBT / Des / SPM / SPC / VPa;Sir / TBT;Açu;RN
19/10/2025 09:37:04;19/10/2025 09:37:04;SIM;682999,5;12867h 57m;1209;-15;-;-;-;-;N/A;N/A;N/A;N/A;N/A;N/A;NAO;NAO;" ";" ";-;SBT / Des / SPM / SPC / VPa;Sir / TBT;Açu;RN
19/10/2025 09:32:50;19/10/2025 09:32:51;SIM;682995,1;12867h 53m;1034;-10;-;-;-;-;N/A;N/A;N/A;N/A;N/A;N/A;NAO;NAO;" ";" ";-;SBT / Des / SPM / SPC / VPa;Sir / TBT;Açu;RN
19/10/2025 09:28:36;19/10/2025 09:28:37;SIM;682990,2;12867h 49m;1060;-13;-;-;-;-;N/A;N/A;N/A;N/A;N/A;N/A;NAO;NAO;" ";" ";-;SBT / Des / SPM / SPC / VPa;Sir / TBT;Itajá;RN
19/10/2025 09:24:22;19/10/2025 09:24:23;SIM;682987,5;12867h 45m;566;-15;-;-;-;-;N/A;N/A;N/A;N/A;N/A;N/A;NAO;NAO;" ";" ";-;SBT / Des / SPM / SPC / VPa;Sir / TBT;Itajá;RN
19/10/2025 09:20:08;19/10/2025 09:20:08;SIM;682983,4;12867h 40m;1162;-9;-;-;-;-;N/A;N/A;N/A;N/A;N/A;N/A;NAO;NAO;" ";" ";-;SBT / Des / SPM / SPC / VPa;Sir / TBT;Itajá;RN
19/10/2025 09:20:05;19/10/2025 09:20:05;SIM;682983,4;12867h 40m;1199;-10;-;-;-;-;N/A;N/A;N/A;N/A;N/A;N/A;NAO;NAO;" ";" ";-;SBT / Des / SPM / SPC / VPa;Sir / TBT;Itajá;RN
19/10/2025 09:15:54;19/10/2025 09:15:54;SIM;682978,8;12867h 36m;1168;-14;-;-;-;-;N/A;N/A;N/A;N/A;N/A;N/A;NAO;NAO;" ";" ";-;SBT / Des / SPM / SPC / VPa;Sir / TBT;Itajá;RN
19/10/2025 09:11:40;19/10/2025 09:11:42;SIM;682974,2;12867h 32m;1243;-15;-;-;-;-;N/A;N/A;N/A;N/A;N/A;N/A;NAO;NAO;" ";" ";-;SBT / Des / SPM / SPC / VPa;Sir / TBT;Itajá;RN
19/10/2025 09:07:26;19/10/2025 09:07:26;SIM;682969,3;12867h 28m;1149;-10;-;-;-;-;N/A;N/A;N/A;N/A;N/A;N/A;NAO;NAO;" ";" ";-;SBT / Des / SPM / SPC / VPa;Sir / TBT;Angicos;RN
19/10/2025 09:03:12;19/10/2025 09:03:12;SIM;682964,4;12867h 23m;1117;-13;-;-;-;-;N/A;N/A;N/A;N/A;N/A;N/A;NAO;NAO;" ";" ";-;SBT / Des / SPM / SPC / VPa;Sir / TBT;Angicos;RN
19/10/2025 08:58:58;19/10/2025 08:58:58;SIM;682959,4;12867h 19m;1037;-15;-;-;-;-;N/A;N/A;N/A;N/A;N/A;N/A;NAO;NAO;" ";" ";-;SBT / Des / SPM / SPC / VPa;Sir / TBT;Angicos;RN
19/10/2025 08:54:44;19/10/2025 08:54:44;SIM;682954,9;12867h 15m;1092;-11;-;-;-;-;N/A;N/A;N/A;N/A;N/A;N/A;NAO;NAO;" ";" ";-;SBT / Des / SPM / SPC / VPa;Sir / TBT;Angicos;RN
19/10/2025 08:51:21;19/10/2025 08:51:21;SIM;682951,0;12867h 12m;1020;-13;-;-;-;-;N/A;N/A;N/A;N/A;N/A;N/A;NAO;NAO;" ";" ";-;SBT / Des / SPM / SPC / VPa;Sir / TBT;Angicos;RN
19/10/2025 08:47:07;19/10/2025 08:47:07;SIM;682946,9;12867h 7m;997;-14;-;-;-;-;N/A;N/A;N/A;N/A;N/A;N/A;NAO;NAO;" ";" ";-;SBT / Des / SPM / SPC / VPa;Sir / TBT;Angicos;RN
19/10/2025 08:42:53;19/10/2025 08:42:54;SIM;682942,8;12867h 3m;1066;-14;-;-;-;-;N/A;N/A;N/A;N/A;N/A;N/A;NAO;NAO;" ";" ";-;SBT / Des / SPM / SPC / VPa;Sir / TBT;Angicos;RN
19/10/2025 08:41:59;19/10/2025 08:42:00;SIM;682941,7;12867h 2m;1119;-13;-;-;-;-;N/A;N/A;N/A;N/A;N/A;N/A;NAO;NAO;" ";" ";-;SBT / Des / SPM / SPC / VPa;Sir / TBT;Angicos;RN
19/10/2025 08:37:45;19/10/2025 08:37:46;SIM;682936,6;12866h 58m;1152;-13;-;-;-;-;N/A;N/A;N/A;N/A;N/A;N/A;NAO;NAO;" ";" ";-;SBT / Des / SPM / SPC / VPa;Sir / TBT;Angicos;RN
19/10/2025 08:33:31;19/10/2025 08:33:46;SIM;682931,6;12866h 54m;1199;-14;-;-;-;-;N/A;N/A;N/A;N/A;N/A;N/A;NAO;NAO;" ";" ";-;SBT / Des / SPM / SPC / VPa;Sir / TBT;Angicos;RN
19/10/2025 08:33:29;19/10/2025 08:33:46;SIM;682931,6;12866h 54m;1204;-14;-;-;-;-;N/A;N/A;N/A;N/A;N/A;N/A;NAO;NAO;" ";" ";-;SBT / Des / SPM / SPC / VPa;Sir / TBT;Angicos;RN
19/10/2025 08:29:18;19/10/2025 08:29:19;SIM;682926,4;12866h 49m;1191;-15;-;-;-;-;N/A;N/A;N/A;N/A;N/A;N/A;NAO;NAO;" ";" ";-;SBT / Des / SPM / SPC / VPa;Sir / TBT;Angicos;RN
19/10/2025 08:25:08;19/10/2025 08:25:09;SIM;682921,2;12866h 45m;1157;-11;-;-;-;-;N/A;N/A;N/A;N/A;N/A;N/A;NAO;NAO;" ";" ";-;SBT / Des / SPM / SPC / VPa;Sir / TBT;Angicos;RN
19/10/2025 08:22:19;19/10/2025 08:22:20;SIM;682917,8;12866h 42m;1186;-13;-;-;-;-;N/A;N/A;N/A;N/A;N/A;N/A;NAO;NAO;" ";" ";-;SBT / Des / SPM / SPC / VPa;Sir / TBT;Angicos;RN
19/10/2025 08:22:11;19/10/2025 08:22:12;SIM;682917,6;12866h 42m;1184;-13;-;-;-;-;N/A;N/A;N/A;N/A;N/A;N/A;NAO;NAO;" ";" ";-;SBT / Des / SPM / SPC / VPa;Sir / TBT;Angicos;RN
19/10/2025 08:20:54;19/10/2025 08:20:54;SIM;682916,0;12866h 41m;1120;-14;-;-;-;-;N/A;N/A;N/A;N/A;N/A;N/A;NAO;NAO;" ";" ";-;SBT / Des / SPM / SPC / VPa;Sir / TBT;Angicos;RN
19/10/2025 08:16:40;19/10/2025 08:16:41;SIM;682912,7;12866h 37m;1178;-16;-;-;-;-;N/A;N/A;N/A;N/A;N/A;N/A;NAO;NAO;" ";" ";-;SBT / Des / SPM / SPC / VPa;Sir / TBT;Lajes;RN
19/10/2025 08:12:26;19/10/2025 08:12:27;SIM;682909,6;12866h 33m;1005;-11;-;-;-;-;N/A;N/A;N/A;N/A;N/A;N/A;NAO;NAO;" ";" ";-;SBT / Des / SPM / SPC / VPa;Sir / TBT;Lajes;RN
19/10/2025 08:08:12;19/10/2025 08:08:34;SIM;682904,6;12866h 28m;1163;-13;-;-;-;-;N/A;N/A;N/A;N/A;N/A;N/A;SIM;NAO;" ";" ";-;SBT / Des / SPM / SPC / VPa;Sir / TBT;Lajes;RN
19/10/2025 08:06:14;19/10/2025 08:06:15;SIM;682902,2;12866h 26m;1203;-13;-;-;-;-;N/A;N/A;N/A;N/A;N/A;N/A;NAO;NAO;" ";" ";-;SBT / Des / SPM / SPC / VPa;Sir / TBT;Lajes;RN
19/10/2025 08:03:58;19/10/2025 08:03:59;SIM;682899,4;12866h 24m;1114;-14;-;-;-;-;N/A;N/A;N/A;N/A;N/A;N/A;NAO;NAO;" ";" ";-;SBT / Des / SPM / SPC / VPa;Sir / TBT;Lajes;RN
19/10/2025 08:02:46;19/10/2025 08:02:47;SIM;682898,0;12866h 23m;1188;-15;-;-;-;-;N/A;N/A;N/A;N/A;N/A;N/A;NAO;NAO;" ";" ";-;SBT / Des / SPM / SPC / VPa;Sir / TBT;Lajes;RN
19/10/2025 08:02:04;19/10/2025 08:02:05;SIM;682897,1;12866h 22m;1209;-17;-;-;-;-;N/A;N/A;N/A;N/A;N/A;N/A;NAO;NAO;" ";" ";-;SBT / Des / SPM / SPC / VPa;Sir / TBT;Lajes;RN
19/10/2025 08:00:21;19/10/2025 08:00:22;SIM;682895,0;12866h 21m;1189;-14;-;-;-;-;N/A;N/A;N/A;N/A;N/A;N/A;NAO;NAO;" ";" ";-;SBT / Des / SPM / SPC / VPa;Sir / TBT;Lajes;RN
19/10/2025 07:59:44;19/10/2025 07:59:44;SIM;682894,4;12866h 20m;1217;-14;-;-;-;-;N/A;N/A;N/A;N/A;N/A;N/A;NAO;NAO;" ";" ";-;SBT / Des / SPM / SPC / VPa;Sir / TBT;Caiçara do R;RN
19/10/2025 07:55:30;19/10/2025 07:55:30;SIM;682889,9;12866h 16m;1821;-11;-;-;-;-;N/A;N/A;N/A;N/A;N/A;N/A;NAO;NAO;" ";" ";-;SBT / Des / SPM / SPC / VPa;Sir / TBT;Caiçara do R;RN
19/10/2025 07:53:37;19/10/2025 07:53:39;SIM;682887,6;12866h 14m;1873;-13;-;-;-;-;N/A;N/A;N/A;N/A;N/A;N/A;NAO;NAO;" ";" ";-;SBT / Des / SPM / SPC / VPa;Sir / TBT;Caiçara do R;RN
19/10/2025 07:51:16;19/10/2025 07:51:43;SIM;682885,0;12866h 11m;1272;-13;-;-;-;-;N/A;N/A;N/A;N/A;N/A;N/A;NAO;NAO;" ";" ";-;SBT / Des / SPM / SPC / VPa;Sir / TBT;Caiçara do R;RN
19/10/2025 07:47:21;19/10/2025 07:47:21;SIM;682881,9;12866h 8m;1879;-16;-;-;-;-;N/A;N/A;N/A;N/A;N/A;N/A;NAO;NAO;" ";" ";-;SBT / Des / SPM / SPC / VPa;Sir / TBT;Caiçara do R;RN
19/10/2025 07:47:19;19/10/2025 07:47:20;SIM;682881,9;12866h 7m;1880;-16;-;-;-;-;N/A;N/A;N/A;N/A;N/A;N/A;NAO;NAO;" ";" ";-;SBT / Des / SPM / SPC / VPa;Sir / TBT;Caiçara do R;RN
19/10/2025 07:47:02;19/10/2025 07:47:08;SIM;682881,6;12866h 7m;1090;-16;-;-;-;-;N/A;N/A;N/A;N/A;N/A;N/A;SIM;NAO;" ";" ";-;SBT / Des / SPM / SPC / VPa;Sir / TBT;Caiçara do R;RN
19/10/2025 07:45:14;19/10/2025 07:45:14;SIM;682879,5;12866h 5m;1019;-13;-;-;-;-;N/A;N/A;N/A;N/A;N/A;N/A;SIM;NAO;" ";" ";-;SBT / Des / SPM / SPC / VPa;Sir / TBT;Caiçara do R;RN
19/10/2025 07:44:52;19/10/2025 07:45:12;SIM;682879,1;12866h 5m;1197;-14;-;-;-;-;N/A;N/A;N/A;N/A;N/A;N/A;SIM;NAO;" ";" ";-;SBT / Des / SPM / SPC / VPa;Sir / TBT;Caiçara do R;RN
19/10/2025 07:41:00;19/10/2025 07:41:02;SIM;682875,4;12866h 1m;1122;-13;-;-;-;-;N/A;N/A;N/A;N/A;N/A;N/A;NAO;NAO;" ";" ";-;SBT / Des / SPM / SPC / VPa;Sir / TBT;Riachuelo;RN
19/10/2025 07:39:31;19/10/2025 07:39:32;SIM;682874,0;12866h 0m;1832;-13;-;-;-;-;N/A;N/A;N/A;N/A;N/A;N/A;NAO;NAO;" ";" ";-;SBT / Des / SPM / SPC / VPa;Sir / TBT;Riachuelo;RN
19/10/2025 07:38:47;19/10/2025 07:38:51;SIM;682873,1;12865h 59m;1206;-13;-;-;-;-;N/A;N/A;N/A;N/A;N/A;N/A;NAO;NAO;" ";" ";-;SBT / Des / SPM / SPC / VPa;Sir / TBT;Riachuelo;RN
19/10/2025 07:36:58;19/10/2025 07:36:59;SIM;682870,9;12865h 57m;1153;-14;-;-;-;-;N/A;N/A;N/A;N/A;N/A;N/A;NAO;NAO;" ";" ";-;SBT / Des / SPM / SPC / VPa;Sir / TBT;Riachuelo;RN
19/10/2025 07:36:47;19/10/2025 07:37:22;SIM;682870,7;12865h 57m;1132;-13;-;-;-;-;N/A;N/A;N/A;N/A;N/A;N/A;SIM;NAO;" ";" ";-;SBT / Des / SPM / SPC / VPa;Sir / TBT;Riachuelo;RN
19/10/2025 07:34:18;19/10/2025 07:37:21;SIM;682867,8;12865h 54m;1077;-15;-;-;-;-;N/A;N/A;N/A;N/A;N/A;N/A;SIM;NAO;" ";" ";-;SBT / Des / SPM / SPC / VPa;Sir / TBT;Riachuelo;RN
19/10/2025 07:33:06;19/10/2025 07:37:21;SIM;682866,3;12865h 53m;1203;-17;-;-;-;-;N/A;N/A;N/A;N/A;N/A;N/A;SIM;NAO;" ";" ";-;SBT / Des / SPM / SPC / VPa;Sir / TBT;Riachuelo;RN
19/10/2025 07:31:53;19/10/2025 07:37:19;SIM;682864,9;12865h 52m;1204;-14;-;-;-;-;N/A;N/A;N/A;N/A;N/A;N/A;SIM;NAO;" ";" ";-;SBT / Des / SPM / SPC / VPa;Sir / TBT;Riachuelo;RN
19/10/2025 07:31:44;19/10/2025 07:37:19;SIM;682864,7;12865h 52m;1200;-14;-;-;-;-;N/A;N/A;N/A;N/A;N/A;N/A;SIM;NAO;" ";" ";-;SBT / Des / SPM / SPC / VPa;Sir / TBT;Riachuelo;RN
19/10/2025 07:31:09;19/10/2025 07:37:18;SIM;682864,0;12865h 51m;1207;-14;-;-;-;-;N/A;N/A;N/A;N/A;N/A;N/A;SIM;NAO;" ";" ";-;SBT / Des / SPM / SPC / VPa;Sir / TBT;Riachuelo;RN
19/10/2025 07:31:04;19/10/2025 07:37:17;SIM;682863,9;12865h 51m;1205;-13;-;-;-;-;N/A;N/A;N/A;N/A;N/A;N/A;SIM;NAO;" ";" ";-;SBT / Des / SPM / SPC / VPa;Sir / TBT;Riachuelo;RN
19/10/2025 07:30:04;19/10/2025 07:37:16;SIM;682862,6;12865h 50m;1137;-13;-;-;-;-;N/A;N/A;N/A;N/A;N/A;N/A;SIM;NAO;" ";" ";-;SBT / Des / SPM / SPC / VPa;Sir / TBT;Riachuelo;RN
19/10/2025 07:28:05;19/10/2025 07:37:15;SIM;682860,6;12865h 48m;1507;-11;-;-;-;-;N/A;N/A;N/A;N/A;N/A;N/A;SIM;NAO;" ";" ";-;SBT / Des / SPM / SPC / VPa;Sir / TBT;Riachuelo;RN
19/10/2025 07:25:51;19/10/2025 07:37:15;SIM;682860,4;12865h 46m;0;-13;-;-;-;-;N/A;N/A;N/A;N/A;N/A;N/A;SIM;NAO;" ";" ";-;SBT / Des / SPM / SPC / VPa;Sir / TBT;Riachuelo;RN
19/10/2025 07:25:47;19/10/2025 07:37:14;NAO;682860,4;12865h 46m;0;-13;-;-;-;-;N/A;N/A;N/A;N/A;N/A;N/A;SIM;NAO;" ";" ";-;SBT / Des / SPM / SPC / VPa;Sir / TBT;Riachuelo;RN
19/10/2025 07:25:26;19/10/2025 07:37:13;NAO;682860,4;12865h 46m;0;-13;-;-;-;-;N/A;N/A;N/A;N/A;N/A;N/A;SIM;NAO;" ";" ";-;SBT / Des / SPM / SPC / VPa;Sir / TBT;Riachuelo;RN
19/10/2025 07:25:14;19/10/2025 07:37:12;NAO;682860,4;12865h 46m;0;-13;-;-;-;-;N/A;N/A;N/A;N/A;N/A;N/A;SIM;NAO;" ";" ";-;SBT / Des / SPM / SPC / VPa;Sir / TBT;Riachuelo;RN
19/10/2025 07:24:35;19/10/2025 07:37:11;NAO;682860,4;12865h 46m;0;-13;-;-;-;-;N/A;N/A;N/A;N/A;N/A;N/A;SIM;NAO;" ";" ";-;SBT / Des / SPM / SPC / VPa;Sir / TBT;Riachuelo;RN
19/10/2025 07:24:27;19/10/2025 07:37:11;NAO;682860,4;12865h 46m;0;-13;-;-;-;-;N/A;N/A;N/A;N/A;N/A;N/A;SIM;NAO;" ";" ";-;SBT / Des / SPM / SPC / VPa;Sir / TBT;Riachuelo;RN
19/10/2025 07:23:18;19/10/2025 07:37:10;NAO;682860,4;12865h 46m;0;-13;-;-;-;-;N/A;N/A;N/A;N/A;N/A;N/A;SIM;NAO;" ";" ";-;SBT / Des / SPM / SPC / VPa;Sir / TBT;Riachuelo;RN
19/10/2025 07:19:18;19/10/2025 07:37:09;NAO;682860,4;12865h 46m;0;-16;-;-;-;-;N/A;N/A;N/A;N/A;N/A;N/A;SIM;NAO;" ";" ";-;SBT / Des / SPM / SPC / VPa;Sir / TBT;Riachuelo;RN
19/10/2025 07:15:18;19/10/2025 07:37:08;NAO;682860,4;12865h 46m;0;-11;-;-;-;-;N/A;N/A;N/A;N/A;N/A;N/A;SIM;NAO;" ";" ";-;SBT / Des / SPM / SPC / VPa;Sir / TBT;Riachuelo;RN
19/10/2025 07:11:18;19/10/2025 07:37:08;NAO;682860,4;12865h 46m;0;-13;-;-;-;-;N/A;N/A;N/A;N/A;N/A;N/A;SIM;NAO;" ";" ";-;SBT / Des / SPM / SPC / VPa;Sir / TBT;Riachuelo;RN
19/10/2025 07:07:18;19/10/2025 07:37:07;NAO;682860,4;12865h 46m;0;-14;-;-;-;-;N/A;N/A;N/A;N/A;N/A;N/A;SIM;NAO;" ";" ";-;SBT / Des / SPM / SPC / VPa;Sir / TBT;Riachuelo;RN
19/10/2025 07:04:18;19/10/2025 07:37:06;NAO;682860,4;12865h 46m;0;-16;-;-;-;-;N/A;N/A;N/A;N/A;N/A;N/A;SIM;NAO;" ";" ";-;SBT / Des / SPM / SPC / VPa;Sir / TBT;Riachuelo;RN
19/10/2025 07:04:04;19/10/2025 07:37:05;NAO;682860,4;12865h 46m;0;-16;-;-;-;-;N/A;N/A;N/A;N/A;N/A;N/A;SIM;NAO;" ";" ";-;SBT / Des / SPM / SPC / VPa;Sir / TBT;Riachuelo;RN
19/10/2025 07:03:39;19/10/2025 07:37:05;NAO;682860,4;12865h 46m;0;-16;-;-;-;-;N/A;N/A;N/A;N/A;N/A;N/A;SIM;NAO;" ";" ";-;SBT / Des / SPM / SPC / VPa;Sir / TBT;Riachuelo;RN
19/10/2025 07:03:33;19/10/2025 07:37:04;NAO;682860,4;12865h 46m;0;-16;-;-;-;-;N/A;N/A;N/A;N/A;N/A;N/A;SIM;NAO;" ";" ";-;SBT / Des / SPM / SPC / VPa;Sir / TBT;Riachuelo;RN
19/10/2025 07:03:31;19/10/2025 07:37:03;NAO;682860,4;12865h 46m;0;-17;-;-;-;-;N/A;N/A;N/A;N/A;N/A;N/A;SIM;NAO;" ";" ";-;SBT / Des / SPM / SPC / VPa;Sir / TBT;Riachuelo;RN
19/10/2025 07:03:23;19/10/2025 07:37:02;NAO;682860,4;12865h 46m;0;-16;-;-;-;-;N/A;N/A;N/A;N/A;N/A;N/A;SIM;NAO;" ";" ";-;SBT / Des / SPM / SPC / VPa;Sir / TBT;Riachuelo;RN
19/10/2025 07:03:19;19/10/2025 07:37:01;NAO;682860,4;12865h 46m;565;-16;-;-;-;-;N/A;N/A;N/A;N/A;N/A;N/A;SIM;NAO;" ";" ";-;SBT / Des / SPM / SPC / VPa;Sir / TBT;Riachuelo;RN
19/10/2025 07:03:16;19/10/2025 07:36:59;SIM;682860,4;12865h 46m;564;-16;-;-;-;-;N/A;N/A;N/A;N/A;N/A;N/A;SIM;NAO;" ";" ";-;SBT / Des / SPM / SPC / VPa;Sir / TBT;Riachuelo;RN
19/10/2025 07:00:18;19/10/2025 07:36:58;SIM;682860,3;12865h 43m;555;-14;-;-;-;-;N/A;N/A;N/A;N/A;N/A;N/A;SIM;NAO;" ";" ";-;SBT / Des / SPM / SPC / VPa;Sir / TBT;Riachuelo;RN
19/10/2025 06:57:40;19/10/2025 07:36:57;SIM;682857,7;12865h 40m;1159;-11;-;-;-;-;N/A;N/A;N/A;N/A;N/A;N/A;SIM;NAO;" ";" ";-;SBT / Des / SPM / SPC / VPa;Sir / TBT;Riachuelo;RN
19/10/2025 06:53:26;19/10/2025 07:36:56;SIM;682852,8;12865h 36m;1060;-14;-;-;-;-;N/A;N/A;N/A;N/A;N/A;N/A;SIM;NAO;" ";" ";-;SBT / Des / SPM / SPC / VPa;Sir / TBT;Santa Maria;RN
19/10/2025 06:49:23;19/10/2025 06:49:23;SIM;682848,4;12865h 32m;1335;-15;-;-;-;-;N/A;N/A;N/A;N/A;N/A;N/A;NAO;NAO;" ";" ";-;SBT / Des / SPM / SPC / VPa;Sir / TBT;Santa Maria;RN
19/10/2025 06:49:12;19/10/2025 06:49:12;SIM;682848,3;12865h 32m;1180;-15;-;-;-;-;N/A;N/A;N/A;N/A;N/A;N/A;NAO;NAO;" ";" ";-;SBT / Des / SPM / SPC / VPa;Sir / TBT;Santa Maria;RN
19/10/2025 06:48:57;19/10/2025 06:48:57;SIM;682848,3;12865h 32m;1138;-15;-;-;-;-;N/A;N/A;N/A;N/A;N/A;N/A;NAO;NAO;" ";" ";-;SBT / Des / SPM / SPC / VPa;Sir / TBT;Santa Maria;RN
19/10/2025 06:48:16;19/10/2025 06:48:19;SIM;682848,2;12865h 31m;562;-15;-;-;-;-;N/A;N/A;N/A;N/A;N/A;N/A;SIM;NAO;" ";" ";-;SBT / Des / SPM / SPC / VPa;Sir / TBT;Santa Maria;RN
19/10/2025 06:45:17;19/10/2025 06:45:33;SIM;682848,2;12865h 28m;0;-13;-;-;-;-;N/A;N/A;N/A;N/A;N/A;N/A;NAO;NAO;" ";" ";-;SBT / Des / SPM / SPC / VPa;Sir / TBT;Santa Maria;RN
19/10/2025 06:45:04;19/10/2025 06:45:03;NAO;682848,2;12865h 28m;0;-11;-;-;-;-;N/A;N/A;N/A;N/A;N/A;N/A;NAO;NAO;" ";" ";-;SBT / Des / SPM / SPC / VPa;Sir / TBT;Santa Maria;RN
19/10/2025 06:45:00;19/10/2025 06:45:01;NAO;682848,2;12865h 28m;0;-11;-;-;-;-;N/A;N/A;N/A;N/A;N/A;N/A;NAO;NAO;" ";" ";-;SBT / Des / SPM / SPC / VPa;Sir / TBT;Santa Maria;RN
19/10/2025 06:44:16;19/10/2025 06:44:18;SIM;682848,2;12865h 27m;0;-10;-;-;-;-;N/A;N/A;N/A;N/A;N/A;N/A;NAO;NAO;" ";" ";-;SBT / Des / SPM / SPC / VPa;Sir / TBT;Santa Maria;RN
19/10/2025 06:44:07;19/10/2025 06:44:09;NAO;682848,2;12865h 27m;0;-9;-;-;-;-;N/A;N/A;N/A;N/A;N/A;N/A;NAO;NAO;" ";" ";-;SBT / Des / SPM / SPC / VPa;Sir / TBT;Santa Maria;RN
19/10/2025 06:44:05;19/10/2025 06:44:05;NAO;682848,2;12865h 27m;0;-9;-;-;-;-;N/A;N/A;N/A;N/A;N/A;N/A;NAO;NAO;" ";" ";-;SBT / Des / SPM / SPC / VPa;Sir / TBT;Santa Maria;RN
19/10/2025 06:41:50;19/10/2025 06:41:50;SIM;682848,2;12865h 25m;0;-11;-;-;-;-;N/A;N/A;N/A;N/A;N/A;N/A;NAO;NAO;" ";" ";-;SBT / Des / SPM / SPC / VPa;Sir / TBT;Santa Maria;RN
19/10/2025 06:41:38;19/10/2025 06:41:38;NAO;682848,2;12865h 25m;0;-11;-;-;-;-;N/A;N/A;N/A;N/A;N/A;N/A;NAO;NAO;" ";" ";-;SBT / Des / SPM / SPC / VPa;Sir / TBT;Santa Maria;RN
19/10/2025 06:41:36;19/10/2025 06:41:36;NAO;682848,2;12865h 25m;0;-11;-;-;-;-;N/A;N/A;N/A;N/A;N/A;N/A;NAO;NAO;" ";" ";-;SBT / Des / SPM / SPC / VPa;Sir / TBT;Santa Maria;RN
19/10/2025 06:41:15;19/10/2025 06:41:15;SIM;682848,2;12865h 25m;0;-13;-;-;-;-;N/A;N/A;N/A;N/A;N/A;N/A;NAO;NAO;" ";" ";-;SBT / Des / SPM / SPC / VPa;Sir / TBT;Santa Maria;RN
19/10/2025 06:40:46;19/10/2025 06:40:46;NAO;682848,2;12865h 25m;0;-13;-;-;-;-;N/A;N/A;N/A;N/A;N/A;N/A;NAO;NAO;" ";" ";-;SBT / Des / SPM / SPC / VPa;Sir / TBT;Santa Maria;RN
19/10/2025 06:40:43;19/10/2025 06:40:43;NAO;682848,2;12865h 25m;0;-12;-;-;-;-;N/A;N/A;N/A;N/A;N/A;N/A;NAO;NAO;" ";" ";-;SBT / Des / SPM / SPC / VPa;Sir / TBT;Santa Maria;RN
19/10/2025 06:40:33;19/10/2025 06:40:33;SIM;682848,2;12865h 24m;0;-12;-;-;-;-;N/A;N/A;N/A;N/A;N/A;N/A;NAO;NAO;" ";" ";-;SBT / Des / SPM / SPC / VPa;Sir / TBT;Santa Maria;RN
19/10/2025 06:39:58;19/10/2025 06:39:58;NAO;682848,2;12865h 24m;0;-13;-;-;-;-;N/A;N/A;N/A;N/A;N/A;N/A;NAO;NAO;" ";" ";-;SBT / Des / SPM / SPC / VPa;Sir / TBT;Santa Maria;RN
19/10/2025 06:36:01;19/10/2025 06:36:01;NAO;682848,2;12865h 24m;0;-14;-;-;-;-;N/A;N/A;N/A;N/A;N/A;N/A;NAO;NAO;" ";" ";-;SBT / Des / SPM / SPC / VPa;Sir / TBT;Santa Maria;RN
19/10/2025 06:35:59;19/10/2025 06:35:59;NAO;682848,2;12865h 24m;0;-14;-;-;-;-;N/A;N/A;N/A;N/A;N/A;N/A;NAO;NAO;" ";" ";-;SBT / Des / SPM / SPC / VPa;Sir / TBT;Santa Maria;RN
19/10/2025 06:35:50;19/10/2025 06:35:50;SIM;682848,2;12865h 24m;0;-15;-;-;-;-;N/A;N/A;N/A;N/A;N/A;N/A;NAO;NAO;" ";" ";-;SBT / Des / SPM / SPC / VPa;Sir / TBT;Santa Maria;RN
19/10/2025 06:34:30;19/10/2025 06:34:31;NAO;682848,2;12865h 24m;0;-15;-;-;-;-;N/A;N/A;N/A;N/A;N/A;N/A;NAO;NAO;" ";" ";-;SBT / Des / SPM / SPC / VPa;Sir / TBT;Santa Maria;RN
19/10/2025 06:34:28;19/10/2025 06:34:28;NAO;682848,2;12865h 24m;0;-15;-;-;-;-;N/A;N/A;N/A;N/A;N/A;N/A;NAO;NAO;" ";" ";-;SBT / Des / SPM / SPC / VPa;Sir / TBT;Santa Maria;RN
19/10/2025 06:34:18;19/10/2025 06:34:18;SIM;682848,2;12865h 24m;0;-15;-;-;-;-;N/A;N/A;N/A;N/A;N/A;N/A;NAO;NAO;" ";" ";-;SBT / Des / SPM / SPC / VPa;Sir / TBT;Santa Maria;RN
19/10/2025 06:33:49;19/10/2025 06:33:49;NAO;682848,2;12865h 24m;0;-15;-;-;-;-;N/A;N/A;N/A;N/A;N/A;N/A;NAO;NAO;" ";" ";-;SBT / Des / SPM / SPC / VPa;Sir / TBT;Santa Maria;RN
19/10/2025 06:33:46;19/10/2025 06:33:46;NAO;682848,2;12865h 24m;0;-15;-;-;-;-;N/A;N/A;N/A;N/A;N/A;N/A;NAO;NAO;" ";" ";-;SBT / Des / SPM / SPC / VPa;Sir / TBT;Santa Maria;RN
19/10/2025 06:33:24;19/10/2025 06:33:24;SIM;682848,2;12865h 24m;0;-15;-;-;-;-;N/A;N/A;N/A;N/A;N/A;N/A;NAO;NAO;" ";" ";-;SBT / Des / SPM / SPC / VPa;Sir / TBT;Santa Maria;RN
19/10/2025 06:33:22;19/10/2025 06:33:22;SIM;682848,2;12865h 24m;0;-15;-;-;-;-;N/A;N/A;N/A;N/A;N/A;N/A;NAO;NAO;" ";" ";-;SBT / Des / SPM / SPC / VPa;Sir / TBT;Santa Maria;RN
19/10/2025 06:33:17;19/10/2025 06:33:17;SIM;682848,2;12865h 24m;0;-15;-;-;-;-;N/A;N/A;N/A;N/A;N/A;N/A;NAO;NAO;" ";" ";-;SBT / Des / SPM / SPC / VPa;Sir / TBT;Santa Maria;RN
19/10/2025 06:33:01;19/10/2025 06:33:01;SIM;682848,2;12865h 23m;0;-15;-;-;-;-;N/A;N/A;N/A;N/A;N/A;N/A;NAO;NAO;" ";" ";-;SBT / Des / SPM / SPC / VPa;Sir / TBT;Santa Maria;RN
19/10/2025 06:32:56;19/10/2025 06:32:56;SIM;682848,2;12865h 23m;0;-15;-;-;-;-;N/A;N/A;N/A;N/A;N/A;N/A;NAO;NAO;" ";" ";-;SBT / Des / SPM / SPC / VPa;Sir / TBT;Santa Maria;RN
19/10/2025 06:32:38;19/10/2025 06:32:49;SIM;682848,2;12865h 23m;0;-15;-;-;-;-;N/A;N/A;N/A;N/A;N/A;N/A;SIM;NAO;" ";" ";-;SBT / Des / SPM / SPC / VPa;Sir / TBT;Santa Maria;RN
19/10/2025 06:32:36;19/10/2025 06:32:49;NAO;682848,2;12865h 23m;0;-15;-;-;-;-;N/A;N/A;N/A;N/A;N/A;N/A;SIM;NAO;" ";" ";-;SBT / Des / SPM / SPC / VPa;Sir / TBT;Santa Maria;RN
19/10/2025 06:31:40;19/10/2025 06:31:41;NAO;682848,2;12865h 23m;0;-14;-;-;-;-;N/A;N/A;N/A;N/A;N/A;N/A;NAO;NAO;" ";" ";-;SBT / Des / SPM / SPC / VPa;Sir / TBT;Santa Maria;RN
19/10/2025 06:31:17;19/10/2025 06:31:18;NAO;682848,2;12865h 23m;0;-13;-;-;-;-;N/A;N/A;N/A;N/A;N/A;N/A;NAO;NAO;" ";" ";-;SBT / Des / SPM / SPC / VPa;Sir / TBT;Santa Maria;RN
19/10/2025 06:30:58;19/10/2025 06:30:59;NAO;682848,2;12865h 23m;0;-13;-;-;-;-;N/A;N/A;N/A;N/A;N/A;N/A;NAO;NAO;" ";" ";-;SBT / Des / SPM / SPC / VPa;Sir / TBT;Santa Maria;RN
19/10/2025 06:27:40;19/10/2025 06:27:41;NAO;682848,2;12865h 23m;0;-11;-;-;-;-;N/A;N/A;N/A;N/A;N/A;N/A;NAO;NAO;" ";" ";-;SBT / Des / SPM / SPC / VPa;Sir / TBT;Santa Maria;RN
19/10/2025 06:27:36;19/10/2025 06:27:36;NAO;682848,2;12865h 23m;0;-11;-;-;-;-;N/A;N/A;N/A;N/A;N/A;N/A;NAO;NAO;" ";" ";-;SBT / Des / SPM / SPC / VPa;Sir / TBT;Santa Maria;RN
19/10/2025 06:27:13;19/10/2025 06:27:28;NAO;682848,2;12865h 23m;0;-11;-;-;-;-;N/A;N/A;N/A;N/A;N/A;N/A;NAO;NAO;" ";" ";-;SBT / Des / SPM / SPC / VPa;Sir / TBT;Santa Maria;RN
19/10/2025 06:23:40;19/10/2025 06:23:41;NAO;682848,2;12865h 23m;0;-14;-;-;-;-;N/A;N/A;N/A;N/A;N/A;N/A;NAO;NAO;" ";" ";-;SBT / Des / SPM / SPC / VPa;Sir / TBT;Santa Maria;RN
19/10/2025 06:19:40;19/10/2025 06:22:45;NAO;682848,2;12865h 23m;0;-15;-;-;-;-;N/A;N/A;N/A;N/A;N/A;N/A;SIM;NAO;" ";" ";-;SBT / Des / SPM / SPC / VPa;Sir / TBT;Santa Maria;RN
19/10/2025 06:17:17;19/10/2025 06:22:45;NAO;682848,2;12865h 23m;0;-15;-;-;-;-;N/A;N/A;N/A;N/A;N/A;N/A;SIM;NAO;" ";" ";-;SBT / Des / SPM / SPC / VPa;Sir / TBT;Santa Maria;RN
19/10/2025 06:17:11;19/10/2025 06:22:44;NAO;682848,2;12865h 23m;0;-15;-;-;-;-;N/A;N/A;N/A;N/A;N/A;N/A;SIM;NAO;" ";" ";-;SBT / Des / SPM / SPC / VPa;Sir / TBT;Santa Maria;RN
19/10/2025 06:15:40;19/10/2025 06:22:43;NAO;682848,2;12865h 23m;0;-14;-;-;-;-;N/A;N/A;N/A;N/A;N/A;N/A;SIM;NAO;" ";" ";-;SBT / Des / SPM / SPC / VPa;Sir / TBT;Santa Maria;RN
19/10/2025 06:11:40;19/10/2025 06:11:40;NAO;682848,2;12865h 23m;0;-11;-;-;-;-;N/A;N/A;N/A;N/A;N/A;N/A;NAO;NAO;" ";" ";-;SBT / Des / SPM / SPC / VPa;Sir / TBT;Santa Maria;RN
19/10/2025 06:07:40;19/10/2025 06:07:40;NAO;682848,2;12865h 23m;0;-13;-;-;-;-;N/A;N/A;N/A;N/A;N/A;N/A;NAO;NAO;" ";" ";-;SBT / Des / SPM / SPC / VPa;Sir / TBT;Santa Maria;RN
19/10/2025 06:03:40;19/10/2025 06:03:40;NAO;682848,2;12865h 23m;0;-15;-;-;-;-;N/A;N/A;N/A;N/A;N/A;N/A;NAO;NAO;" ";" ";-;SBT / Des / SPM / SPC / VPa;Sir / TBT;Santa Maria;RN
19/10/2025 05:59:40;19/10/2025 05:59:40;NAO;682848,2;12865h 23m;0;-15;-;-;-;-;N/A;N/A;N/A;N/A;N/A;N/A;NAO;NAO;" ";" ";-;SBT / Des / SPM / SPC / VPa;Sir / TBT;Santa Maria;RN
19/10/2025 05:55:40;19/10/2025 05:55:40;NAO;682848,2;12865h 23m;0;-11;-;-;-;-;N/A;N/A;N/A;N/A;N/A;N/A;NAO;NAO;" ";" ";-;SBT / Des / SPM / SPC / VPa;Sir / TBT;Santa Maria;RN
19/10/2025 05:51:40;19/10/2025 05:51:40;NAO;682848,2;12865h 23m;0;-13;-;-;-;-;N/A;N/A;N/A;N/A;N/A;N/A;NAO;NAO;" ";" ";-;SBT / Des / SPM / SPC / VPa;Sir / TBT;Santa Maria;RN
19/10/2025 05:47:40;19/10/2025 05:47:40;NAO;682848,2;12865h 23m;0;-14;-;-;-;-;N/A;N/A;N/A;N/A;N/A;N/A;NAO;NAO;" ";" ";-;SBT / Des / SPM / SPC / VPa;Sir / TBT;Santa Maria;RN
19/10/2025 05:43:40;19/10/2025 05:43:40;NAO;682848,2;12865h 23m;0;-15;-;-;-;-;N/A;N/A;N/A;N/A;N/A;N/A;NAO;NAO;" ";" ";-;SBT / Des / SPM / SPC / VPa;Sir / TBT;Santa Maria;RN
19/10/2025 05:39:40;19/10/2025 05:39:40;NAO;682848,2;12865h 23m;0;-10;-;-;-;-;N/A;N/A;N/A;N/A;N/A;N/A;NAO;NAO;" ";" ";-;SBT / Des / SPM / SPC / VPa;Sir / TBT;Santa Maria;RN
19/10/2025 05:35:40;19/10/2025 05:35:40;NAO;682848,2;12865h 23m;0;-13;-;-;-;-;N/A;N/A;N/A;N/A;N/A;N/A;NAO;NAO;" ";" ";-;SBT / Des / SPM / SPC / VPa;Sir / TBT;Santa Maria;RN
19/10/2025 05:31:40;19/10/2025 05:31:40;NAO;682848,2;12865h 23m;0;-14;-;-;-;-;N/A;N/A;N/A;N/A;N/A;N/A;NAO;NAO;" ";" ";-;SBT / Des / SPM / SPC / VPa;Sir / TBT;Santa Maria;RN
19/10/2025 05:27:40;19/10/2025 05:27:40;NAO;682848,2;12865h 23m;0;-17;-;-;-;-;N/A;N/A;N/A;N/A;N/A;N/A;NAO;NAO;" ";" ";-;SBT / Des / SPM / SPC / VPa;Sir / TBT;Santa Maria;RN
19/10/2025 05:23:40;19/10/2025 05:23:41;NAO;682848,2;12865h 23m;0;-10;-;-;-;-;N/A;N/A;N/A;N/A;N/A;N/A;NAO;NAO;" ";" ";-;SBT / Des / SPM / SPC / VPa;Sir / TBT;Santa Maria;RN
19/10/2025 05:19:40;19/10/2025 05:19:40;NAO;682848,2;12865h 23m;0;-13;-;-;-;-;N/A;N/A;N/A;N/A;N/A;N/A;NAO;NAO;" ";" ";-;SBT / Des / SPM / SPC / VPa;Sir / TBT;Santa Maria;RN
19/10/2025 05:15:40;19/10/2025 05:15:40;NAO;682848,2;12865h 23m;0;-13;-;-;-;-;N/A;N/A;N/A;N/A;N/A;N/A;NAO;NAO;" ";" ";-;SBT / Des / SPM / SPC / VPa;Sir / TBT;Santa Maria;RN
19/10/2025 05:11:40;19/10/2025 05:11:40;NAO;682848,2;12865h 23m;0;-16;-;-;-;-;N/A;N/A;N/A;N/A;N/A;N/A;NAO;NAO;" ";" ";-;SBT / Des / SPM / SPC / VPa;Sir / TBT;Santa Maria;RN
19/10/2025 05:07:40;19/10/2025 05:07:40;NAO;682848,2;12865h 23m;0;-11;-;-;-;-;N/A;N/A;N/A;N/A;N/A;N/A;NAO;NAO;" ";" ";-;SBT / Des / SPM / SPC / VPa;Sir / TBT;Santa Maria;RN
19/10/2025 05:03:40;19/10/2025 05:03:40;NAO;682848,2;12865h 23m;0;-13;-;-;-;-;N/A;N/A;N/A;N/A;N/A;N/A;NAO;NAO;" ";" ";-;SBT / Des / SPM / SPC / VPa;Sir / TBT;Santa Maria;RN
19/10/2025 04:59:40;19/10/2025 04:59:40;NAO;682848,2;12865h 23m;0;-14;-;-;-;-;N/A;N/A;N/A;N/A;N/A;N/A;NAO;NAO;" ";" ";-;SBT / Des / SPM / SPC / VPa;Sir / TBT;Santa Maria;RN
19/10/2025 04:55:40;19/10/2025 04:55:40;NAO;682848,2;12865h 23m;0;-16;-;-;-;-;N/A;N/A;N/A;N/A;N/A;N/A;NAO;NAO;" ";" ";-;SBT / Des / SPM / SPC / VPa;Sir / TBT;Santa Maria;RN
19/10/2025 04:51:40;19/10/2025 04:51:40;NAO;682848,2;12865h 23m;0;-11;-;-;-;-;N/A;N/A;N/A;N/A;N/A;N/A;NAO;NAO;" ";" ";-;SBT / Des / SPM / SPC / VPa;Sir / TBT;Santa Maria;RN
19/10/2025 04:47:40;19/10/2025 04:47:40;NAO;682848,2;12865h 23m;0;-13;-;-;-;-;N/A;N/A;N/A;N/A;N/A;N/A;NAO;NAO;" ";" ";-;SBT / Des / SPM / SPC / VPa;Sir / TBT;Santa Maria;RN
19/10/2025 04:43:40;19/10/2025 04:43:40;NAO;682848,2;12865h 23m;0;-14;-;-;-;-;N/A;N/A;N/A;N/A;N/A;N/A;NAO;NAO;" ";" ";-;SBT / Des / SPM / SPC / VPa;Sir / TBT;Santa Maria;RN
19/10/2025 04:39:40;19/10/2025 04:39:40;NAO;682848,2;12865h 23m;0;-15;-;-;-;-;N/A;N/A;N/A;N/A;N/A;N/A;NAO;NAO;" ";" ";-;SBT / Des / SPM / SPC / VPa;Sir / TBT;Santa Maria;RN
19/10/2025 04:35:40;19/10/2025 04:35:40;NAO;682848,2;12865h 23m;0;-9;-;-;-;-;N/A;N/A;N/A;N/A;N/A;N/A;NAO;NAO;" ";" ";-;SBT / Des / SPM / SPC / VPa;Sir / TBT;Santa Maria;RN
19/10/2025 04:31:40;19/10/2025 04:31:40;NAO;682848,2;12865h 23m;0;-12;-;-;-;-;N/A;N/A;N/A;N/A;N/A;N/A;NAO;NAO;" ";" ";-;SBT / Des / SPM / SPC / VPa;Sir / TBT;Santa Maria;RN
19/10/2025 04:27:40;19/10/2025 04:27:40;NAO;682848,2;12865h 23m;0;-15;-;-;-;-;N/A;N/A;N/A;N/A;N/A;N/A;NAO;NAO;" ";" ";-;SBT / Des / SPM / SPC / VPa;Sir / TBT;Santa Maria;RN
19/10/2025 04:23:40;19/10/2025 04:23:40;NAO;682848,2;12865h 23m;0;-11;-;-;-;-;N/A;N/A;N/A;N/A;N/A;N/A;NAO;NAO;" ";" ";-;SBT / Des / SPM / SPC / VPa;Sir / TBT;Santa Maria;RN
19/10/2025 04:19:40;19/10/2025 04:19:40;NAO;682848,2;12865h 23m;0;-2;-;-;-;-;N/A;N/A;N/A;N/A;N/A;N/A;NAO;NAO;" ";" ";-;SBT / Des / SPM / SPC / VPa;Sir / TBT;Santa Maria;RN
19/10/2025 04:15:40;19/10/2025 04:15:40;NAO;682848,2;12865h 23m;0;-1;-;-;-;-;N/A;N/A;N/A;N/A;N/A;N/A;NAO;NAO;" ";" ";-;SBT / Des / SPM / SPC / VPa;Sir / TBT;Santa Maria;RN
19/10/2025 04:11:40;19/10/2025 04:11:40;NAO;682848,2;12865h 23m;0;-3;-;-;-;-;N/A;N/A;N/A;N/A;N/A;N/A;NAO;NAO;" ";" ";-;SBT / Des / SPM / SPC / VPa;Sir / TBT;Santa Maria;RN
19/10/2025 04:07:40;19/10/2025 04:07:40;NAO;682848,2;12865h 23m;0;-3;-;-;-;-;N/A;N/A;N/A;N/A;N/A;N/A;NAO;NAO;" ";" ";-;SBT / Des / SPM / SPC / VPa;Sir / TBT;Santa Maria;RN
19/10/2025 04:03:40;19/10/2025 04:03:40;NAO;682848,2;12865h 23m;0;-15;-;-;-;-;N/A;N/A;N/A;N/A;N/A;N/A;NAO;NAO;" ";" ";-;SBT / Des / SPM / SPC / VPa;Sir / TBT;Santa Maria;RN
19/10/2025 03:59:40;19/10/2025 03:59:40;NAO;682848,2;12865h 23m;0;-10;-;-;-;-;N/A;N/A;N/A;N/A;N/A;N/A;NAO;NAO;" ";" ";-;SBT / Des / SPM / SPC / VPa;Sir / TBT;Santa Maria;RN
19/10/2025 03:55:40;19/10/2025 03:55:40;NAO;682848,2;12865h 23m;0;-12;-;-;-;-;N/A;N/A;N/A;N/A;N/A;N/A;NAO;NAO;" ";" ";-;SBT / Des / SPM / SPC / VPa;Sir / TBT;Santa Maria;RN
19/10/2025 03:51:40;19/10/2025 03:51:40;NAO;682848,2;12865h 23m;0;-14;-;-;-;-;N/A;N/A;N/A;N/A;N/A;N/A;NAO;NAO;" ";" ";-;SBT / Des / SPM / SPC / VPa;Sir / TBT;Santa Maria;RN
19/10/2025 03:47:40;19/10/2025 03:47:40;NAO;682848,2;12865h 23m;0;-16;-;-;-;-;N/A;N/A;N/A;N/A;N/A;N/A;NAO;NAO;" ";" ";-;SBT / Des / SPM / SPC / VPa;Sir / TBT;Santa Maria;RN
19/10/2025 03:43:40;19/10/2025 03:43:40;NAO;682848,2;12865h 23m;0;-10;-;-;-;-;N/A;N/A;N/A;N/A;N/A;N/A;NAO;NAO;" ";" ";-;SBT / Des / SPM / SPC / VPa;Sir / TBT;Santa Maria;RN
19/10/2025 03:39:40;19/10/2025 03:39:41;NAO;682848,2;12865h 23m;0;-13;-;-;-;-;N/A;N/A;N/A;N/A;N/A;N/A;NAO;NAO;" ";" ";-;SBT / Des / SPM / SPC / VPa;Sir / TBT;Santa Maria;RN
19/10/2025 03:35:40;19/10/2025 03:35:40;NAO;682848,2;12865h 23m;0;-13;-;-;-;-;N/A;N/A;N/A;N/A;N/A;N/A;NAO;NAO;" ";" ";-;SBT / Des / SPM / SPC / VPa;Sir / TBT;Santa Maria;RN
19/10/2025 03:31:40;19/10/2025 03:31:41;NAO;682848,2;12865h 23m;0;-16;-;-;-;-;N/A;N/A;N/A;N/A;N/A;N/A;NAO;NAO;" ";" ";-;SBT / Des / SPM / SPC / VPa;Sir / TBT;Santa Maria;RN
19/10/2025 03:27:40;19/10/2025 03:27:41;NAO;682848,2;12865h 23m;0;-13;-;-;-;-;N/A;N/A;N/A;N/A;N/A;N/A;NAO;NAO;" ";" ";-;SBT / Des / SPM / SPC / VPa;Sir / TBT;Santa Maria;RN
19/10/2025 03:23:40;19/10/2025 03:23:41;NAO;682848,2;12865h 23m;0;-11;-;-;-;-;N/A;N/A;N/A;N/A;N/A;N/A;NAO;NAO;" ";" ";-;SBT / Des / SPM / SPC / VPa;Sir / TBT;Santa Maria;RN
19/10/2025 03:19:40;19/10/2025 03:19:40;NAO;682848,2;12865h 23m;0;-13;-;-;-;-;N/A;N/A;N/A;N/A;N/A;N/A;NAO;NAO;" ";" ";-;SBT / Des / SPM / SPC / VPa;Sir / TBT;Santa Maria;RN
19/10/2025 03:15:40;19/10/2025 03:15:41;NAO;682848,2;12865h 23m;0;-15;-;-;-;-;N/A;N/A;N/A;N/A;N/A;N/A;NAO;NAO;" ";" ";-;SBT / Des / SPM / SPC / VPa;Sir / TBT;Santa Maria;RN
19/10/2025 03:11:40;19/10/2025 03:11:41;NAO;682848,2;12865h 23m;0;-14;-;-;-;-;N/A;N/A;N/A;N/A;N/A;N/A;NAO;NAO;" ";" ";-;SBT / Des / SPM / SPC / VPa;Sir / TBT;Santa Maria;RN
19/10/2025 03:07:40;19/10/2025 03:07:40;NAO;682848,2;12865h 23m;0;-11;-;-;-;-;N/A;N/A;N/A;N/A;N/A;N/A;NAO;NAO;" ";" ";-;SBT / Des / SPM / SPC / VPa;Sir / TBT;Santa Maria;RN
19/10/2025 03:03:40;19/10/2025 03:03:40;NAO;682848,2;12865h 23m;0;-14;-;-;-;-;N/A;N/A;N/A;N/A;N/A;N/A;NAO;NAO;" ";" ";-;SBT / Des / SPM / SPC / VPa;Sir / TBT;Santa Maria;RN
19/10/2025 02:59:40;19/10/2025 02:59:40;NAO;682848,2;12865h 23m;0;-15;-;-;-;-;N/A;N/A;N/A;N/A;N/A;N/A;NAO;NAO;" ";" ";-;SBT / Des / SPM / SPC / VPa;Sir / TBT;Santa Maria;RN
19/10/2025 02:55:40;19/10/2025 02:55:40;NAO;682848,2;12865h 23m;0;-15;-;-;-;-;N/A;N/A;N/A;N/A;N/A;N/A;NAO;NAO;" ";" ";-;SBT / Des / SPM / SPC / VPa;Sir / TBT;Santa Maria;RN
19/10/2025 02:51:40;19/10/2025 02:51:40;NAO;682848,2;12865h 23m;0;-11;-;-;-;-;N/A;N/A;N/A;N/A;N/A;N/A;NAO;NAO;" ";" ";-;SBT / Des / SPM / SPC / VPa;Sir / TBT;Santa Maria;RN
19/10/2025 02:47:40;19/10/2025 02:47:40;NAO;682848,2;12865h 23m;0;-12;-;-;-;-;N/A;N/A;N/A;N/A;N/A;N/A;NAO;NAO;" ";" ";-;SBT / Des / SPM / SPC / VPa;Sir / TBT;Santa Maria;RN
19/10/2025 02:43:40;19/10/2025 02:43:40;NAO;682848,2;12865h 23m;0;-14;-;-;-;-;N/A;N/A;N/A;N/A;N/A;N/A;NAO;NAO;" ";" ";-;SBT / Des / SPM / SPC / VPa;Sir / TBT;Santa Maria;RN
19/10/2025 02:31:40;19/10/2025 02:31:40;NAO;682848,2;12865h 23m;0;-13;-;-;-;-;N/A;N/A;N/A;N/A;N/A;N/A;NAO;NAO;" ";" ";-;SBT / Des / SPM / SPC / VPa;Sir / TBT;Santa Maria;RN
19/10/2025 02:27:40;19/10/2025 02:27:40;NAO;682848,2;12865h 23m;0;-14;-;-;-;-;N/A;N/A;N/A;N/A;N/A;N/A;NAO;NAO;" ";" ";-;SBT / Des / SPM / SPC / VPa;Sir / TBT;Santa Maria;RN
19/10/2025 02:23:40;19/10/2025 02:23:40;NAO;682848,2;12865h 23m;0;-16;-;-;-;-;N/A;N/A;N/A;N/A;N/A;N/A;NAO;NAO;" ";" ";-;SBT / Des / SPM / SPC / VPa;Sir / TBT;Santa Maria;RN
19/10/2025 02:19:40;19/10/2025 02:19:40;NAO;682848,2;12865h 23m;0;-10;-;-;-;-;N/A;N/A;N/A;N/A;N/A;N/A;NAO;NAO;" ";" ";-;SBT / Des / SPM / SPC / VPa;Sir / TBT;Santa Maria;RN
19/10/2025 02:15:40;19/10/2025 02:15:40;NAO;682848,2;12865h 23m;0;-13;-;-;-;-;N/A;N/A;N/A;N/A;N/A;N/A;NAO;NAO;" ";" ";-;SBT / Des / SPM / SPC / VPa;Sir / TBT;Santa Maria;RN
19/10/2025 02:11:40;19/10/2025 02:11:41;NAO;682848,2;12865h 23m;0;-13;-;-;-;-;N/A;N/A;N/A;N/A;N/A;N/A;NAO;NAO;" ";" ";-;SBT / Des / SPM / SPC / VPa;Sir / TBT;Santa Maria;RN
19/10/2025 02:07:40;19/10/2025 02:07:41;NAO;682848,2;12865h 23m;0;-17;-;-;-;-;N/A;N/A;N/A;N/A;N/A;N/A;NAO;NAO;" ";" ";-;SBT / Des / SPM / SPC / VPa;Sir / TBT;Santa Maria;RN
19/10/2025 02:03:40;19/10/2025 02:03:40;NAO;682848,2;12865h 23m;0;-11;-;-;-;-;N/A;N/A;N/A;N/A;N/A;N/A;NAO;NAO;" ";" ";-;SBT / Des / SPM / SPC / VPa;Sir / TBT;Santa Maria;RN
19/10/2025 01:59:40;19/10/2025 01:59:40;NAO;682848,2;12865h 23m;0;-12;-;-;-;-;N/A;N/A;N/A;N/A;N/A;N/A;NAO;NAO;" ";" ";-;SBT / Des / SPM / SPC / VPa;Sir / TBT;Santa Maria;RN
19/10/2025 01:55:40;19/10/2025 01:55:40;NAO;682848,2;12865h 23m;0;-14;-;-;-;-;N/A;N/A;N/A;N/A;N/A;N/A;NAO;NAO;" ";" ";-;SBT / Des / SPM / SPC / VPa;Sir / TBT;Santa Maria;RN
19/10/2025 01:51:40;19/10/2025 01:51:40;NAO;682848,2;12865h 23m;0;-16;-;-;-;-;N/A;N/A;N/A;N/A;N/A;N/A;NAO;NAO;" ";" ";-;SBT / Des / SPM / SPC / VPa;Sir / TBT;Santa Maria;RN
19/10/2025 01:47:40;19/10/2025 01:47:40;NAO;682848,2;12865h 23m;0;-12;-;-;-;-;N/A;N/A;N/A;N/A;N/A;N/A;NAO;NAO;" ";" ";-;SBT / Des / SPM / SPC / VPa;Sir / TBT;Santa Maria;RN
19/10/2025 01:43:40;19/10/2025 01:43:40;NAO;682848,2;12865h 23m;0;-13;-;-;-;-;N/A;N/A;N/A;N/A;N/A;N/A;NAO;NAO;" ";" ";-;SBT / Des / SPM / SPC / VPa;Sir / TBT;Santa Maria;RN
19/10/2025 01:39:40;19/10/2025 01:39:40;NAO;682848,2;12865h 23m;0;-14;-;-;-;-;N/A;N/A;N/A;N/A;N/A;N/A;NAO;NAO;" ";" ";-;SBT / Des / SPM / SPC / VPa;Sir / TBT;Santa Maria;RN
19/10/2025 01:35:40;19/10/2025 01:35:40;NAO;682848,2;12865h 23m;0;-16;-;-;-;-;N/A;N/A;N/A;N/A;N/A;N/A;NAO;NAO;" ";" ";-;SBT / Des / SPM / SPC / VPa;Sir / TBT;Santa Maria;RN
19/10/2025 01:31:40;19/10/2025 01:31:40;NAO;682848,2;12865h 23m;0;-13;-;-;-;-;N/A;N/A;N/A;N/A;N/A;N/A;NAO;NAO;" ";" ";-;SBT / Des / SPM / SPC / VPa;Sir / TBT;Santa Maria;RN
19/10/2025 01:27:40;19/10/2025 01:28:27;NAO;682848,2;12865h 23m;0;-11;-;-;-;-;N/A;N/A;N/A;N/A;N/A;N/A;SIM;NAO;" ";" ";-;SBT / Des / SPM / SPC / VPa;Sir / TBT;Santa Maria;RN
19/10/2025 01:23:40;19/10/2025 01:23:40;NAO;682848,2;12865h 23m;0;-14;-;-;-;-;N/A;N/A;N/A;N/A;N/A;N/A;NAO;NAO;" ";" ";-;SBT / Des / SPM / SPC / VPa;Sir / TBT;Santa Maria;RN
19/10/2025 01:19:40;19/10/2025 01:19:40;NAO;682848,2;12865h 23m;0;-16;-;-;-;-;N/A;N/A;N/A;N/A;N/A;N/A;NAO;NAO;" ";" ";-;SBT / Des / SPM / SPC / VPa;Sir / TBT;Santa Maria;RN
19/10/2025 01:15:40;19/10/2025 01:15:40;NAO;682848,2;12865h 23m;0;-13;-;-;-;-;N/A;N/A;N/A;N/A;N/A;N/A;NAO;NAO;" ";" ";-;SBT / Des / SPM / SPC / VPa;Sir / TBT;Santa Maria;RN
19/10/2025 01:11:40;19/10/2025 01:11:41;NAO;682848,2;12865h 23m;0;-11;-;-;-;-;N/A;N/A;N/A;N/A;N/A;N/A;NAO;NAO;" ";" ";-;SBT / Des / SPM / SPC / VPa;Sir / TBT;Santa Maria;RN
19/10/2025 01:07:40;19/10/2025 01:09:28;NAO;682848,2;12865h 23m;0;-14;-;-;-;-;N/A;N/A;N/A;N/A;N/A;N/A;SIM;NAO;" ";" ";-;SBT / Des / SPM / SPC / VPa;Sir / TBT;Santa Maria;RN
19/10/2025 01:03:40;19/10/2025 01:03:41;NAO;682848,2;12865h 23m;0;-16;-;-;-;-;N/A;N/A;N/A;N/A;N/A;N/A;NAO;NAO;" ";" ";-;SBT / Des / SPM / SPC / VPa;Sir / TBT;Santa Maria;RN
19/10/2025 00:59:40;19/10/2025 01:01:07;NAO;682848,2;12865h 23m;0;-14;-;-;-;-;N/A;N/A;N/A;N/A;N/A;N/A;SIM;NAO;" ";" ";-;SBT / Des / SPM / SPC / VPa;Sir / TBT;Santa Maria;RN
19/10/2025 00:55:40;19/10/2025 00:55:52;NAO;682848,2;12865h 23m;0;-11;-;-;-;-;N/A;N/A;N/A;N/A;N/A;N/A;NAO;NAO;" ";" ";-;SBT / Des / SPM / SPC / VPa;Sir / TBT;Santa Maria;RN
19/10/2025 00:51:40;19/10/2025 00:51:41;NAO;682848,2;12865h 23m;0;-14;-;-;-;-;N/A;N/A;N/A;N/A;N/A;N/A;NAO;NAO;" ";" ";-;SBT / Des / SPM / SPC / VPa;Sir / TBT;Santa Maria;RN
19/10/2025 00:47:40;19/10/2025 00:47:41;NAO;682848,2;12865h 23m;0;-15;-;-;-;-;N/A;N/A;N/A;N/A;N/A;N/A;NAO;NAO;" ";" ";-;SBT / Des / SPM / SPC / VPa;Sir / TBT;Santa Maria;RN
19/10/2025 00:43:40;19/10/2025 00:43:41;NAO;682848,2;12865h 23m;0;-13;-;-;-;-;N/A;N/A;N/A;N/A;N/A;N/A;NAO;NAO;" ";" ";-;SBT / Des / SPM / SPC / VPa;Sir / TBT;Santa Maria;RN
19/10/2025 00:39:40;19/10/2025 00:39:41;NAO;682848,2;12865h 23m;0;-11;-;-;-;-;N/A;N/A;N/A;N/A;N/A;N/A;NAO;NAO;" ";" ";-;SBT / Des / SPM / SPC / VPa;Sir / TBT;Santa Maria;RN
19/10/2025 00:35:40;19/10/2025 00:35:40;NAO;682848,2;12865h 23m;0;-14;-;-;-;-;N/A;N/A;N/A;N/A;N/A;N/A;NAO;NAO;" ";" ";-;SBT / Des / SPM / SPC / VPa;Sir / TBT;Santa Maria;RN
19/10/2025 00:31:40;19/10/2025 00:31:41;NAO;682848,2;12865h 23m;0;-17;-;-;-;-;N/A;N/A;N/A;N/A;N/A;N/A;NAO;NAO;" ";" ";-;SBT / Des / SPM / SPC / VPa;Sir / TBT;Santa Maria;RN
19/10/2025 00:27:40;19/10/2025 00:27:40;NAO;682848,2;12865h 23m;0;-14;-;-;-;-;N/A;N/A;N/A;N/A;N/A;N/A;NAO;NAO;" ";" ";-;SBT / Des / SPM / SPC / VPa;Sir / TBT;Santa Maria;RN
19/10/2025 00:23:40;19/10/2025 00:23:41;NAO;682848,2;12865h 23m;0;-11;-;-;-;-;N/A;N/A;N/A;N/A;N/A;N/A;NAO;NAO;" ";" ";-;SBT / Des / SPM / SPC / VPa;Sir / TBT;Santa Maria;RN
19/10/2025 00:19:40;19/10/2025 00:19:40;NAO;682848,2;12865h 23m;0;-13;-;-;-;-;N/A;N/A;N/A;N/A;N/A;N/A;NAO;NAO;" ";" ";-;SBT / Des / SPM / SPC / VPa;Sir / TBT;Santa Maria;RN
19/10/2025 00:15:40;19/10/2025 00:15:40;NAO;682848,2;12865h 23m;0;-15;-;-;-;-;N/A;N/A;N/A;N/A;N/A;N/A;NAO;NAO;" ";" ";-;SBT / Des / SPM / SPC / VPa;Sir / TBT;Santa Maria;RN
19/10/2025 00:11:40;19/10/2025 00:11:52;NAO;682848,2;12865h 23m;0;-12;-;-;-;-;N/A;N/A;N/A;N/A;N/A;N/A;SIM;NAO;" ";" ";-;SBT / Des / SPM / SPC / VPa;Sir / TBT;Santa Maria;RN
19/10/2025 00:07:40;19/10/2025 00:07:40;NAO;682848,2;12865h 23m;0;-11;-;-;-;-;N/A;N/A;N/A;N/A;N/A;N/A;NAO;NAO;" ";" ";-;SBT / Des / SPM / SPC / VPa;Sir / TBT;Santa Maria;RN
19/10/2025 00:03:40;19/10/2025 00:03:40;NAO;682848,2;12865h 23m;0;-13;-;-;-;-;N/A;N/A;N/A;N/A;N/A;N/A;NAO;NAO;" ";" ";-;SBT / Des / SPM / SPC / VPa;Sir / TBT;Santa Maria;RN
18/10/2025 23:59:40;18/10/2025 23:59:40;NAO;682848,2;12865h 23m;0;-16;-;-;-;-;N/A;N/A;N/A;N/A;N/A;N/A;NAO;NAO;" ";" ";-;SBT / Des / SPM / SPC / VPa;Sir / TBT;Santa Maria;RN
18/10/2025 23:55:40;18/10/2025 23:55:40;NAO;682848,2;12865h 23m;0;-12;-;-;-;-;N/A;N/A;N/A;N/A;N/A;N/A;NAO;NAO;" ";" ";-;SBT / Des / SPM / SPC / VPa;Sir / TBT;Santa Maria;RN
18/10/2025 23:51:40;18/10/2025 23:51:41;NAO;682848,2;12865h 23m;0;-11;-;-;-;-;N/A;N/A;N/A;N/A;N/A;N/A;NAO;NAO;" ";" ";-;SBT / Des / SPM / SPC / VPa;Sir / TBT;Santa Maria;RN
18/10/2025 23:47:40;18/10/2025 23:47:41;NAO;682848,2;12865h 23m;0;-14;-;-;-;-;N/A;N/A;N/A;N/A;N/A;N/A;NAO;NAO;" ";" ";-;SBT / Des / SPM / SPC / VPa;Sir / TBT;Santa Maria;RN
18/10/2025 23:43:40;18/10/2025 23:43:40;NAO;682848,2;12865h 23m;0;-16;-;-;-;-;N/A;N/A;N/A;N/A;N/A;N/A;NAO;NAO;" ";" ";-;SBT / Des / SPM / SPC / VPa;Sir / TBT;Santa Maria;RN
18/10/2025 23:39:40;18/10/2025 23:39:40;NAO;682848,2;12865h 23m;0;-13;-;-;-;-;N/A;N/A;N/A;N/A;N/A;N/A;NAO;NAO;" ";" ";-;SBT / Des / SPM / SPC / VPa;Sir / TBT;Santa Maria;RN
18/10/2025 23:35:40;18/10/2025 23:35:41;NAO;682848,2;12865h 23m;0;-11;-;-;-;-;N/A;N/A;N/A;N/A;N/A;N/A;NAO;NAO;" ";" ";-;SBT / Des / SPM / SPC / VPa;Sir / TBT;Santa Maria;RN
18/10/2025 23:31:40;18/10/2025 23:31:40;NAO;682848,2;12865h 23m;0;-14;-;-;-;-;N/A;N/A;N/A;N/A;N/A;N/A;NAO;NAO;" ";" ";-;SBT / Des / SPM / SPC / VPa;Sir / TBT;Santa Maria;RN
18/10/2025 23:27:40;18/10/2025 23:27:41;NAO;682848,2;12865h 23m;0;-16;-;-;-;-;N/A;N/A;N/A;N/A;N/A;N/A;NAO;NAO;" ";" ";-;SBT / Des / SPM / SPC / VPa;Sir / TBT;Santa Maria;RN
18/10/2025 23:23:40;18/10/2025 23:23:41;NAO;682848,2;12865h 23m;0;-11;-;-;-;-;N/A;N/A;N/A;N/A;N/A;N/A;NAO;NAO;" ";" ";-;SBT / Des / SPM / SPC / VPa;Sir / TBT;Santa Maria;RN
18/10/2025 23:19:40;18/10/2025 23:19:40;NAO;682848,2;12865h 23m;0;-13;-;-;-;-;N/A;N/A;N/A;N/A;N/A;N/A;NAO;NAO;" ";" ";-;SBT / Des / SPM / SPC / VPa;Sir / TBT;Santa Maria;RN
18/10/2025 23:15:40;18/10/2025 23:15:41;NAO;682848,2;12865h 23m;0;-14;-;-;-;-;N/A;N/A;N/A;N/A;N/A;N/A;NAO;NAO;" ";" ";-;SBT / Des / SPM / SPC / VPa;Sir / TBT;Santa Maria;RN
18/10/2025 23:11:40;18/10/2025 23:11:40;NAO;682848,2;12865h 23m;0;-16;-;-;-;-;N/A;N/A;N/A;N/A;N/A;N/A;NAO;NAO;" ";" ";-;SBT / Des / SPM / SPC / VPa;Sir / TBT;Santa Maria;RN
18/10/2025 23:07:40;18/10/2025 23:07:56;NAO;682848,2;12865h 23m;0;-10;-;-;-;-;N/A;N/A;N/A;N/A;N/A;N/A;NAO;NAO;" ";" ";-;SBT / Des / SPM / SPC / VPa;Sir / TBT;Santa Maria;RN
18/10/2025 23:03:40;18/10/2025 23:03:40;NAO;682848,2;12865h 23m;0;-13;-;-;-;-;N/A;N/A;N/A;N/A;N/A;N/A;NAO;NAO;" ";" ";-;SBT / Des / SPM / SPC / VPa;Sir / TBT;Santa Maria;RN
18/10/2025 22:59:40;18/10/2025 22:59:40;NAO;682848,2;12865h 23m;0;-15;-;-;-;-;N/A;N/A;N/A;N/A;N/A;N/A;NAO;NAO;" ";" ";-;SBT / Des / SPM / SPC / VPa;Sir / TBT;Santa Maria;RN
18/10/2025 22:55:40;18/10/2025 22:55:40;NAO;682848,2;12865h 23m;0;-15;-;-;-;-;N/A;N/A;N/A;N/A;N/A;N/A;NAO;NAO;" ";" ";-;SBT / Des / SPM / SPC / VPa;Sir / TBT;Santa Maria;RN
18/10/2025 22:51:40;18/10/2025 22:51:40;NAO;682848,2;12865h 23m;0;-9;-;-;-;-;N/A;N/A;N/A;N/A;N/A;N/A;NAO;NAO;" ";" ";-;SBT / Des / SPM / SPC / VPa;Sir / TBT;Santa Maria;RN
18/10/2025 22:47:40;18/10/2025 22:47:40;NAO;682848,2;12865h 23m;0;-13;-;-;-;-;N/A;N/A;N/A;N/A;N/A;N/A;NAO;NAO;" ";" ";-;SBT / Des / SPM / SPC / VPa;Sir / TBT;Santa Maria;RN
18/10/2025 22:43:40;18/10/2025 22:43:40;NAO;682848,2;12865h 23m;0;-14;-;-;-;-;N/A;N/A;N/A;N/A;N/A;N/A;NAO;NAO;" ";" ";-;SBT / Des / SPM / SPC / VPa;Sir / TBT;Santa Maria;RN
18/10/2025 22:39:40;18/10/2025 22:39:40;NAO;682848,2;12865h 23m;0;-15;-;-;-;-;N/A;N/A;N/A;N/A;N/A;N/A;NAO;NAO;" ";" ";-;SBT / Des / SPM / SPC / VPa;Sir / TBT;Santa Maria;RN
18/10/2025 22:35:40;18/10/2025 22:35:40;NAO;682848,2;12865h 23m;0;-11;-;-;-;-;N/A;N/A;N/A;N/A;N/A;N/A;NAO;NAO;" ";" ";-;SBT / Des / SPM / SPC / VPa;Sir / TBT;Santa Maria;RN
18/10/2025 22:31:40;18/10/2025 22:31:41;NAO;682848,2;12865h 23m;0;-13;-;-;-;-;N/A;N/A;N/A;N/A;N/A;N/A;NAO;NAO;" ";" ";-;SBT / Des / SPM / SPC / VPa;Sir / TBT;Santa Maria;RN
18/10/2025 22:27:40;18/10/2025 22:27:40;NAO;682848,2;12865h 23m;0;-15;-;-;-;-;N/A;N/A;N/A;N/A;N/A;N/A;NAO;NAO;" ";" ";-;SBT / Des / SPM / SPC / VPa;Sir / TBT;Santa Maria;RN
18/10/2025 22:23:40;18/10/2025 22:23:40;NAO;682848,2;12865h 23m;0;-14;-;-;-;-;N/A;N/A;N/A;N/A;N/A;N/A;NAO;NAO;" ";" ";-;SBT / Des / SPM / SPC / VPa;Sir / TBT;Santa Maria;RN
18/10/2025 22:19:40;18/10/2025 22:19:41;NAO;682848,2;12865h 23m;0;-11;-;-;-;-;N/A;N/A;N/A;N/A;N/A;N/A;NAO;NAO;" ";" ";-;SBT / Des / SPM / SPC / VPa;Sir / TBT;Santa Maria;RN
18/10/2025 22:15:40;18/10/2025 22:15:40;NAO;682848,2;12865h 23m;0;-13;-;-;-;-;N/A;N/A;N/A;N/A;N/A;N/A;NAO;NAO;" ";" ";-;SBT / Des / SPM / SPC / VPa;Sir / TBT;Santa Maria;RN
18/10/2025 22:11:40;18/10/2025 22:11:41;NAO;682848,2;12865h 23m;0;-15;-;-;-;-;N/A;N/A;N/A;N/A;N/A;N/A;NAO;NAO;" ";" ";-;SBT / Des / SPM / SPC / VPa;Sir / TBT;Santa Maria;RN
18/10/2025 22:07:40;18/10/2025 22:07:40;NAO;682848,2;12865h 23m;0;-13;-;-;-;-;N/A;N/A;N/A;N/A;N/A;N/A;NAO;NAO;" ";" ";-;SBT / Des / SPM / SPC / VPa;Sir / TBT;Santa Maria;RN
18/10/2025 22:03:40;18/10/2025 22:03:40;NAO;682848,2;12865h 23m;0;-11;-;-;-;-;N/A;N/A;N/A;N/A;N/A;N/A;NAO;NAO;" ";" ";-;SBT / Des / SPM / SPC / VPa;Sir / TBT;Santa Maria;RN
18/10/2025 21:59:40;18/10/2025 21:59:41;NAO;682848,2;12865h 23m;0;-13;-;-;-;-;N/A;N/A;N/A;N/A;N/A;N/A;NAO;NAO;" ";" ";-;SBT / Des / SPM / SPC / VPa;Sir / TBT;Santa Maria;RN
18/10/2025 21:55:40;18/10/2025 21:55:41;NAO;682848,2;12865h 23m;0;-17;-;-;-;-;N/A;N/A;N/A;N/A;N/A;N/A;NAO;NAO;" ";" ";-;SBT / Des / SPM / SPC / VPa;Sir / TBT;Santa Maria;RN
18/10/2025 21:51:40;18/10/2025 21:51:41;NAO;682848,2;12865h 23m;0;-11;-;-;-;-;N/A;N/A;N/A;N/A;N/A;N/A;NAO;NAO;" ";" ";-;SBT / Des / SPM / SPC / VPa;Sir / TBT;Santa Maria;RN
18/10/2025 21:47:40;18/10/2025 21:47:40;NAO;682848,2;12865h 23m;0;-13;-;-;-;-;N/A;N/A;N/A;N/A;N/A;N/A;NAO;NAO;" ";" ";-;SBT / Des / SPM / SPC / VPa;Sir / TBT;Santa Maria;RN
18/10/2025 21:43:40;18/10/2025 21:43:41;NAO;682848,2;12865h 23m;0;-14;-;-;-;-;N/A;N/A;N/A;N/A;N/A;N/A;NAO;NAO;" ";" ";-;SBT / Des / SPM / SPC / VPa;Sir / TBT;Santa Maria;RN
18/10/2025 21:39:40;18/10/2025 21:39:41;NAO;682848,2;12865h 23m;0;-14;-;-;-;-;N/A;N/A;N/A;N/A;N/A;N/A;NAO;NAO;" ";" ";-;SBT / Des / SPM / SPC / VPa;Sir / TBT;Santa Maria;RN
18/10/2025 21:35:40;18/10/2025 21:35:40;NAO;682848,2;12865h 23m;0;-11;-;-;-;-;N/A;N/A;N/A;N/A;N/A;N/A;NAO;NAO;" ";" ";-;SBT / Des / SPM / SPC / VPa;Sir / TBT;Santa Maria;RN
18/10/2025 21:31:40;18/10/2025 21:31:41;NAO;682848,2;12865h 23m;0;-13;-;-;-;-;N/A;N/A;N/A;N/A;N/A;N/A;NAO;NAO;" ";" ";-;SBT / Des / SPM / SPC / VPa;Sir / TBT;Santa Maria;RN
18/10/2025 21:27:40;18/10/2025 21:27:40;NAO;682848,2;12865h 23m;0;-15;-;-;-;-;N/A;N/A;N/A;N/A;N/A;N/A;NAO;NAO;" ";" ";-;SBT / Des / SPM / SPC / VPa;Sir / TBT;Santa Maria;RN
18/10/2025 21:23:40;18/10/2025 21:23:41;NAO;682848,2;12865h 23m;0;-13;-;-;-;-;N/A;N/A;N/A;N/A;N/A;N/A;NAO;NAO;" ";" ";-;SBT / Des / SPM / SPC / VPa;Sir / TBT;Santa Maria;RN
18/10/2025 21:19:40;18/10/2025 21:19:40;NAO;682848,2;12865h 23m;0;-11;-;-;-;-;N/A;N/A;N/A;N/A;N/A;N/A;NAO;NAO;" ";" ";-;SBT / Des / SPM / SPC / VPa;Sir / TBT;Santa Maria;RN
18/10/2025 21:15:40;18/10/2025 21:15:41;NAO;682848,2;12865h 23m;0;-14;-;-;-;-;N/A;N/A;N/A;N/A;N/A;N/A;NAO;NAO;" ";" ";-;SBT / Des / SPM / SPC / VPa;Sir / TBT;Santa Maria;RN
18/10/2025 21:11:40;18/10/2025 21:11:40;NAO;682848,2;12865h 23m;0;-15;-;-;-;-;N/A;N/A;N/A;N/A;N/A;N/A;NAO;NAO;" ";" ";-;SBT / Des / SPM / SPC / VPa;Sir / TBT;Santa Maria;RN
18/10/2025 21:07:40;18/10/2025 21:07:40;NAO;682848,2;12865h 23m;0;-9;-;-;-;-;N/A;N/A;N/A;N/A;N/A;N/A;NAO;NAO;" ";" ";-;SBT / Des / SPM / SPC / VPa;Sir / TBT;Santa Maria;RN
18/10/2025 21:03:40;18/10/2025 21:03:40;NAO;682848,2;12865h 23m;0;-13;-;-;-;-;N/A;N/A;N/A;N/A;N/A;N/A;NAO;NAO;" ";" ";-;SBT / Des / SPM / SPC / VPa;Sir / TBT;Santa Maria;RN
18/10/2025 20:59:40;18/10/2025 20:59:40;NAO;682848,2;12865h 23m;0;-15;-;-;-;-;N/A;N/A;N/A;N/A;N/A;N/A;NAO;NAO;" ";" ";-;SBT / Des / SPM / SPC / VPa;Sir / TBT;Santa Maria;RN
18/10/2025 20:55:40;18/10/2025 20:55:40;NAO;682848,2;12865h 23m;0;-14;-;-;-;-;N/A;N/A;N/A;N/A;N/A;N/A;NAO;NAO;" ";" ";-;SBT / Des / SPM / SPC / VPa;Sir / TBT;Santa Maria;RN
18/10/2025 20:51:40;18/10/2025 20:51:40;NAO;682848,2;12865h 23m;0;-11;-;-;-;-;N/A;N/A;N/A;N/A;N/A;N/A;NAO;NAO;" ";" ";-;SBT / Des / SPM / SPC / VPa;Sir / TBT;Santa Maria;RN
18/10/2025 20:47:40;18/10/2025 20:47:40;NAO;682848,2;12865h 23m;0;-14;-;-;-;-;N/A;N/A;N/A;N/A;N/A;N/A;NAO;NAO;" ";" ";-;SBT / Des / SPM / SPC / VPa;Sir / TBT;Santa Maria;RN
18/10/2025 20:43:40;18/10/2025 20:43:40;NAO;682848,2;12865h 23m;0;-15;-;-;-;-;N/A;N/A;N/A;N/A;N/A;N/A;NAO;NAO;" ";" ";-;SBT / Des / SPM / SPC / VPa;Sir / TBT;Santa Maria;RN
18/10/2025 20:39:40;18/10/2025 20:39:41;NAO;682848,2;12865h 23m;0;-10;-;-;-;-;N/A;N/A;N/A;N/A;N/A;N/A;NAO;NAO;" ";" ";-;SBT / Des / SPM / SPC / VPa;Sir / TBT;Santa Maria;RN
18/10/2025 20:35:40;18/10/2025 20:35:41;NAO;682848,2;12865h 23m;0;-12;-;-;-;-;N/A;N/A;N/A;N/A;N/A;N/A;NAO;NAO;" ";" ";-;SBT / Des / SPM / SPC / VPa;Sir / TBT;Santa Maria;RN
18/10/2025 20:31:40;18/10/2025 20:31:41;NAO;682848,2;12865h 23m;0;-14;-;-;-;-;N/A;N/A;N/A;N/A;N/A;N/A;NAO;NAO;" ";" ";-;SBT / Des / SPM / SPC / VPa;Sir / TBT;Santa Maria;RN
18/10/2025 20:27:40;18/10/2025 20:27:41;NAO;682848,2;12865h 23m;0;-14;-;-;-;-;N/A;N/A;N/A;N/A;N/A;N/A;NAO;NAO;" ";" ";-;SBT / Des / SPM / SPC / VPa;Sir / TBT;Santa Maria;RN
18/10/2025 20:23:40;18/10/2025 20:23:41;NAO;682848,2;12865h 23m;0;-11;-;-;-;-;N/A;N/A;N/A;N/A;N/A;N/A;NAO;NAO;" ";" ";-;SBT / Des / SPM / SPC / VPa;Sir / TBT;Santa Maria;RN
18/10/2025 20:19:40;18/10/2025 20:19:41;NAO;682848,2;12865h 23m;0;-13;-;-;-;-;N/A;N/A;N/A;N/A;N/A;N/A;NAO;NAO;" ";" ";-;SBT / Des / SPM / SPC / VPa;Sir / TBT;Santa Maria;RN
18/10/2025 20:15:40;18/10/2025 20:16:07;NAO;682848,2;12865h 23m;0;-15;-;-;-;-;N/A;N/A;N/A;N/A;N/A;N/A;NAO;NAO;" ";" ";-;SBT / Des / SPM / SPC / VPa;Sir / TBT;Santa Maria;RN
18/10/2025 20:11:40;18/10/2025 20:11:52;NAO;682848,2;12865h 23m;0;-9;-;-;-;-;N/A;N/A;N/A;N/A;N/A;N/A;NAO;NAO;" ";" ";-;SBT / Des / SPM / SPC / VPa;Sir / TBT;Santa Maria;RN
18/10/2025 20:07:40;18/10/2025 20:07:41;NAO;682848,2;12865h 23m;0;-13;-;-;-;-;N/A;N/A;N/A;N/A;N/A;N/A;NAO;NAO;" ";" ";-;SBT / Des / SPM / SPC / VPa;Sir / TBT;Santa Maria;RN
18/10/2025 20:03:40;18/10/2025 20:03:41;NAO;682848,2;12865h 23m;0;-14;-;-;-;-;N/A;N/A;N/A;N/A;N/A;N/A;NAO;NAO;" ";" ";-;SBT / Des / SPM / SPC / VPa;Sir / TBT;Santa Maria;RN
18/10/2025 19:59:40;18/10/2025 20:00:33;NAO;682848,2;12865h 23m;0;-13;-;-;-;-;N/A;N/A;N/A;N/A;N/A;N/A;SIM;NAO;" ";" ";-;SBT / Des / SPM / SPC / VPa;Sir / TBT;Santa Maria;RN
18/10/2025 19:55:40;18/10/2025 19:55:40;NAO;682848,2;12865h 23m;0;-11;-;-;-;-;N/A;N/A;N/A;N/A;N/A;N/A;NAO;NAO;" ";" ";-;SBT / Des / SPM / SPC / VPa;Sir / TBT;Santa Maria;RN
18/10/2025 19:51:40;18/10/2025 19:51:40;NAO;682848,2;12865h 23m;0;-13;-;-;-;-;N/A;N/A;N/A;N/A;N/A;N/A;NAO;NAO;" ";" ";-;SBT / Des / SPM / SPC / VPa;Sir / TBT;Santa Maria;RN
18/10/2025 19:47:40;18/10/2025 19:48:05;NAO;682848,2;12865h 23m;0;-15;-;-;-;-;N/A;N/A;N/A;N/A;N/A;N/A;SIM;NAO;" ";" ";-;SBT / Des / SPM / SPC / VPa;Sir / TBT;Santa Maria;RN
18/10/2025 19:43:40;18/10/2025 19:43:41;NAO;682848,2;12865h 23m;0;-10;-;-;-;-;N/A;N/A;N/A;N/A;N/A;N/A;NAO;NAO;" ";" ";-;SBT / Des / SPM / SPC / VPa;Sir / TBT;Santa Maria;RN
18/10/2025 19:39:40;18/10/2025 19:39:40;NAO;682848,2;12865h 23m;0;-13;-;-;-;-;N/A;N/A;N/A;N/A;N/A;N/A;NAO;NAO;" ";" ";-;SBT / Des / SPM / SPC / VPa;Sir / TBT;Santa Maria;RN
18/10/2025 19:35:40;18/10/2025 19:35:40;NAO;682848,2;12865h 23m;0;-15;-;-;-;-;N/A;N/A;N/A;N/A;N/A;N/A;NAO;NAO;" ";" ";-;SBT / Des / SPM / SPC / VPa;Sir / TBT;Santa Maria;RN
18/10/2025 19:31:40;18/10/2025 19:31:41;NAO;682848,2;12865h 23m;0;-13;-;-;-;-;N/A;N/A;N/A;N/A;N/A;N/A;NAO;NAO;" ";" ";-;SBT / Des / SPM / SPC / VPa;Sir / TBT;Santa Maria;RN
18/10/2025 19:23:37;18/10/2025 19:23:36;NAO;682848,2;12865h 23m;0;-14;-;-;-;-;N/A;N/A;N/A;N/A;N/A;N/A;NAO;NAO;" ";" ";-;SBT / Des / SPM / SPC / VPa;Sir / TBT;Santa Maria;RN
18/10/2025 19:19:37;18/10/2025 19:19:37;NAO;682848,2;12865h 23m;0;-15;-;-;-;-;N/A;N/A;N/A;N/A;N/A;N/A;NAO;NAO;" ";" ";-;SBT / Des / SPM / SPC / VPa;Sir / TBT;Santa Maria;RN
18/10/2025 19:15:37;18/10/2025 19:15:36;NAO;682848,2;12865h 23m;0;-11;-;-;-;-;N/A;N/A;N/A;N/A;N/A;N/A;NAO;NAO;" ";" ";-;SBT / Des / SPM / SPC / VPa;Sir / TBT;Santa Maria;RN
18/10/2025 19:11:37;18/10/2025 19:11:36;NAO;682848,2;12865h 23m;0;-13;-;-;-;-;N/A;N/A;N/A;N/A;N/A;N/A;NAO;NAO;" ";" ";-;SBT / Des / SPM / SPC / VPa;Sir / TBT;Santa Maria;RN
18/10/2025 19:07:37;18/10/2025 19:07:37;NAO;682848,2;12865h 23m;0;-15;-;-;-;-;N/A;N/A;N/A;N/A;N/A;N/A;NAO;NAO;" ";" ";-;SBT / Des / SPM / SPC / VPa;Sir / TBT;Santa Maria;RN
18/10/2025 19:03:37;18/10/2025 19:03:37;NAO;682848,2;12865h 23m;0;-10;-;-;-;-;N/A;N/A;N/A;N/A;N/A;N/A;NAO;NAO;" ";" ";-;SBT / Des / SPM / SPC / VPa;Sir / TBT;Santa Maria;RN
18/10/2025 18:59:37;18/10/2025 18:59:37;NAO;682848,2;12865h 23m;0;-13;-;-;-;-;N/A;N/A;N/A;N/A;N/A;N/A;NAO;NAO;" ";" ";-;SBT / Des / SPM / SPC / VPa;Sir / TBT;Santa Maria;RN
18/10/2025 18:55:37;18/10/2025 18:55:37;NAO;682848,2;12865h 23m;0;-15;-;-;-;-;N/A;N/A;N/A;N/A;N/A;N/A;NAO;NAO;" ";" ";-;SBT / Des / SPM / SPC / VPa;Sir / TBT;Santa Maria;RN
18/10/2025 18:51:37;18/10/2025 18:51:37;NAO;682848,2;12865h 23m;0;-12;-;-;-;-;N/A;N/A;N/A;N/A;N/A;N/A;NAO;NAO;" ";" ";-;SBT / Des / SPM / SPC / VPa;Sir / TBT;Santa Maria;RN
18/10/2025 18:47:37;18/10/2025 18:47:37;NAO;682848,2;12865h 23m;0;-11;-;-;-;-;N/A;N/A;N/A;N/A;N/A;N/A;NAO;NAO;" ";" ";-;SBT / Des / SPM / SPC / VPa;Sir / TBT;Santa Maria;RN
18/10/2025 18:43:37;18/10/2025 18:43:37;NAO;682848,2;12865h 23m;0;-13;-;-;-;-;N/A;N/A;N/A;N/A;N/A;N/A;NAO;NAO;" ";" ";-;SBT / Des / SPM / SPC / VPa;Sir / TBT;Santa Maria;RN
18/10/2025 18:39:37;18/10/2025 18:39:37;NAO;682848,2;12865h 23m;0;-14;-;-;-;-;N/A;N/A;N/A;N/A;N/A;N/A;NAO;NAO;" ";" ";-;SBT / Des / SPM / SPC / VPa;Sir / TBT;Santa Maria;RN
18/10/2025 18:35:37;18/10/2025 18:35:37;NAO;682848,2;12865h 23m;0;-10;-;-;-;-;N/A;N/A;N/A;N/A;N/A;N/A;NAO;NAO;" ";" ";-;SBT / Des / SPM / SPC / VPa;Sir / TBT;Santa Maria;RN
18/10/2025 18:31:37;18/10/2025 18:31:37;NAO;682848,2;12865h 23m;0;-13;-;-;-;-;N/A;N/A;N/A;N/A;N/A;N/A;NAO;NAO;" ";" ";-;SBT / Des / SPM / SPC / VPa;Sir / TBT;Santa Maria;RN
18/10/2025 18:27:37;18/10/2025 18:27:36;NAO;682848,2;12865h 23m;0;-15;-;-;-;-;N/A;N/A;N/A;N/A;N/A;N/A;NAO;NAO;" ";" ";-;SBT / Des / SPM / SPC / VPa;Sir / TBT;Santa Maria;RN
18/10/2025 18:23:37;18/10/2025 18:23:37;NAO;682848,2;12865h 23m;0;-10;-;-;-;-;N/A;N/A;N/A;N/A;N/A;N/A;NAO;NAO;" ";" ";-;SBT / Des / SPM / SPC / VPa;Sir / TBT;Santa Maria;RN
18/10/2025 18:19:37;18/10/2025 18:19:37;NAO;682848,2;12865h 23m;0;-13;-;-;-;-;N/A;N/A;N/A;N/A;N/A;N/A;NAO;NAO;" ";" ";-;SBT / Des / SPM / SPC / VPa;Sir / TBT;Santa Maria;RN
18/10/2025 18:15:37;18/10/2025 18:15:37;NAO;682848,2;12865h 23m;0;-15;-;-;-;-;N/A;N/A;N/A;N/A;N/A;N/A;NAO;NAO;" ";" ";-;SBT / Des / SPM / SPC / VPa;Sir / TBT;Santa Maria;RN
18/10/2025 18:11:37;18/10/2025 18:11:37;NAO;682848,2;12865h 23m;0;-14;-;-;-;-;N/A;N/A;N/A;N/A;N/A;N/A;NAO;NAO;" ";" ";-;SBT / Des / SPM / SPC / VPa;Sir / TBT;Santa Maria;RN
18/10/2025 18:07:37;18/10/2025 18:07:36;NAO;682848,2;12865h 23m;0;-11;-;-;-;-;N/A;N/A;N/A;N/A;N/A;N/A;NAO;NAO;" ";" ";-;SBT / Des / SPM / SPC / VPa;Sir / TBT;Santa Maria;RN
18/10/2025 18:03:37;18/10/2025 18:03:37;NAO;682848,2;12865h 23m;0;-13;-;-;-;-;N/A;N/A;N/A;N/A;N/A;N/A;NAO;NAO;" ";" ";-;SBT / Des / SPM / SPC / VPa;Sir / TBT;Santa Maria;RN
18/10/2025 17:59:37;18/10/2025 17:59:37;NAO;682848,2;12865h 23m;0;-14;-;-;-;-;N/A;N/A;N/A;N/A;N/A;N/A;NAO;NAO;" ";" ";-;SBT / Des / SPM / SPC / VPa;Sir / TBT;Santa Maria;RN
18/10/2025 17:57:14;18/10/2025 17:57:15;NAO;682848,2;12865h 23m;0;-11;-;-;-;-;N/A;N/A;N/A;N/A;N/A;N/A;NAO;NAO;" ";" ";-;SBT / Des / SPM / SPC / VPa;Sir / TBT;Santa Maria;RN
18/10/2025 17:56:59;18/10/2025 17:56:59;NAO;682848,2;12865h 23m;0;-11;-;-;-;-;N/A;N/A;N/A;N/A;N/A;N/A;NAO;NAO;" ";" ";-;SBT / Des / SPM / SPC / VPa;Sir / TBT;Santa Maria;RN
18/10/2025 17:55:37;18/10/2025 17:55:36;NAO;682848,2;12865h 23m;0;-11;-;-;-;-;N/A;N/A;N/A;N/A;N/A;N/A;NAO;NAO;" ";" ";-;SBT / Des / SPM / SPC / VPa;Sir / TBT;Santa Maria;RN
18/10/2025 17:51:37;18/10/2025 17:51:37;NAO;682848,2;12865h 23m;0;-13;-;-;-;-;N/A;N/A;N/A;N/A;N/A;N/A;NAO;NAO;" ";" ";-;SBT / Des / SPM / SPC / VPa;Sir / TBT;Santa Maria;RN
18/10/2025 17:47:37;18/10/2025 17:47:37;NAO;682848,2;12865h 23m;0;-15;-;-;-;-;N/A;N/A;N/A;N/A;N/A;N/A;NAO;NAO;" ";" ";-;SBT / Des / SPM / SPC / VPa;Sir / TBT;Santa Maria;RN
18/10/2025 17:43:37;18/10/2025 17:43:37;NAO;682848,2;12865h 23m;0;-10;-;-;-;-;N/A;N/A;N/A;N/A;N/A;N/A;NAO;NAO;" ";" ";-;SBT / Des / SPM / SPC / VPa;Sir / TBT;Santa Maria;RN
18/10/2025 17:39:37;18/10/2025 17:39:37;NAO;682848,2;12865h 23m;0;-13;-;-;-;-;N/A;N/A;N/A;N/A;N/A;N/A;NAO;NAO;" ";" ";-;SBT / Des / SPM / SPC / VPa;Sir / TBT;Santa Maria;RN
18/10/2025 17:35:37;18/10/2025 17:35:37;NAO;682848,2;12865h 23m;0;-14;-;-;-;-;N/A;N/A;N/A;N/A;N/A;N/A;NAO;NAO;" ";" ";-;SBT / Des / SPM / SPC / VPa;Sir / TBT;Santa Maria;RN
18/10/2025 17:31:37;18/10/2025 17:31:37;NAO;682848,2;12865h 23m;0;-13;-;-;-;-;N/A;N/A;N/A;N/A;N/A;N/A;NAO;NAO;" ";" ";-;SBT / Des / SPM / SPC / VPa;Sir / TBT;Santa Maria;RN
18/10/2025 17:30:48;18/10/2025 17:30:48;NAO;682848,2;12865h 23m;0;-10;-;-;-;-;N/A;N/A;N/A;N/A;N/A;N/A;NAO;NAO;" ";" ";-;SBT / Des / SPM / SPC / VPa;Sir / TBT;Santa Maria;RN
18/10/2025 17:30:38;18/10/2025 17:30:38;NAO;682848,2;12865h 23m;0;-10;-;-;-;-;N/A;N/A;N/A;N/A;N/A;N/A;NAO;NAO;" ";" ";-;SBT / Des / SPM / SPC / VPa;Sir / TBT;Santa Maria;RN
18/10/2025 17:27:37;18/10/2025 17:27:37;NAO;682848,2;12865h 23m;0;-11;-;-;-;-;N/A;N/A;N/A;N/A;N/A;N/A;NAO;NAO;" ";" ";-;SBT / Des / SPM / SPC / VPa;Sir / TBT;Santa Maria;RN
18/10/2025 17:23:40;18/10/2025 17:23:40;NAO;682848,2;12865h 23m;0;-15;-;-;-;-;N/A;N/A;N/A;N/A;N/A;N/A;NAO;NAO;" ";" ";-;SBT / Des / SPM / SPC / VPa;Sir / TBT;Santa Maria;RN
18/10/2025 17:23:38;18/10/2025 17:23:38;NAO;682848,2;12865h 23m;0;-15;-;-;-;-;N/A;N/A;N/A;N/A;N/A;N/A;NAO;NAO;" ";" ";-;SBT / Des / SPM / SPC / VPa;Sir / TBT;Santa Maria;RN
18/10/2025 17:21:18;18/10/2025 17:21:18;SIM;682848,2;12865h 21m;0;-15;-;-;-;-;N/A;N/A;N/A;N/A;N/A;N/A;NAO;NAO;" ";" ";-;SBT / Des / SPM / SPC / VPa;Sir / TBT;Santa Maria;RN
18/10/2025 17:17:04;18/10/2025 17:17:04;SIM;682848,2;12865h 16m;0;-9;-;-;-;-;N/A;N/A;N/A;N/A;N/A;N/A;NAO;NAO;" ";" ";-;SBT / Des / SPM / SPC / VPa;Sir / TBT;Santa Maria;RN
18/10/2025 17:12:50;18/10/2025 17:12:50;SIM;682848,2;12865h 12m;0;-13;-;-;-;-;N/A;N/A;N/A;N/A;N/A;N/A;NAO;NAO;" ";" ";-;SBT / Des / SPM / SPC / VPa;Sir / TBT;Santa Maria;RN
18/10/2025 17:08:36;18/10/2025 17:08:36;SIM;682848,2;12865h 8m;0;-14;-;-;-;-;N/A;N/A;N/A;N/A;N/A;N/A;NAO;NAO;" ";" ";-;SBT / Des / SPM / SPC / VPa;Sir / TBT;Santa Maria;RN
18/10/2025 17:04:22;18/10/2025 17:04:22;SIM;682848,2;12865h 4m;0;-9;-;-;-;-;N/A;N/A;N/A;N/A;N/A;N/A;NAO;NAO;" ";" ";-;SBT / Des / SPM / SPC / VPa;Sir / TBT;Santa Maria;RN
18/10/2025 17:00:08;18/10/2025 17:00:08;SIM;682848,2;12865h 0m;0;-12;-;-;-;-;N/A;N/A;N/A;N/A;N/A;N/A;NAO;NAO;" ";" ";-;SBT / Des / SPM / SPC / VPa;Sir / TBT;Santa Maria;RN
18/10/2025 16:55:54;18/10/2025 16:55:53;SIM;682848,2;12864h 55m;0;-14;-;-;-;-;N/A;N/A;N/A;N/A;N/A;N/A;NAO;NAO;" ";" ";-;SBT / Des / SPM / SPC / VPa;Sir / TBT;Santa Maria;RN
18/10/2025 16:51:40;18/10/2025 16:51:40;SIM;682848,2;12864h 51m;0;-9;-;-;-;-;N/A;N/A;N/A;N/A;N/A;N/A;NAO;NAO;" ";" ";-;SBT / Des / SPM / SPC / VPa;Sir / TBT;Santa Maria;RN
18/10/2025 16:47:26;18/10/2025 16:47:26;SIM;682848,2;12864h 47m;0;-13;-;-;-;-;N/A;N/A;N/A;N/A;N/A;N/A;NAO;NAO;" ";" ";-;SBT / Des / SPM / SPC / VPa;Sir / TBT;Santa Maria;RN
18/10/2025 16:43:12;18/10/2025 16:43:12;SIM;682848,2;12864h 43m;0;-14;-;-;-;-;N/A;N/A;N/A;N/A;N/A;N/A;NAO;NAO;" ";" ";-;SBT / Des / SPM / SPC / VPa;Sir / TBT;Santa Maria;RN
18/10/2025 16:38:58;18/10/2025 16:38:58;SIM;682848,2;12864h 38m;0;-10;-;-;-;-;N/A;N/A;N/A;N/A;N/A;N/A;NAO;NAO;" ";" ";-;SBT / Des / SPM / SPC / VPa;Sir / TBT;Santa Maria;RN
18/10/2025 16:35:58;18/10/2025 16:35:58;SIM;682848,2;12864h 35m;0;-13;-;-;-;-;N/A;N/A;N/A;N/A;N/A;N/A;NAO;NAO;" ";" ";-;SBT / Des / SPM / SPC / VPa;Sir / TBT;Santa Maria;RN
18/10/2025 16:35:10;18/10/2025 16:35:10;NAO;682848,2;12864h 35m;0;-13;-;-;-;-;N/A;N/A;N/A;N/A;N/A;N/A;NAO;NAO;" ";" ";-;SBT / Des / SPM / SPC / VPa;Sir / TBT;Santa Maria;RN
18/10/2025 16:35:07;18/10/2025 16:35:07;NAO;682848,2;12864h 35m;0;-13;-;-;-;-;N/A;N/A;N/A;N/A;N/A;N/A;NAO;NAO;" ";" ";-;SBT / Des / SPM / SPC / VPa;Sir / TBT;Santa Maria;RN
18/10/2025 16:34:45;18/10/2025 16:34:45;SIM;682848,2;12864h 35m;0;-14;-;-;-;-;N/A;N/A;N/A;N/A;N/A;N/A;NAO;NAO;" ";" ";-;SBT / Des / SPM / SPC / VPa;Sir / TBT;Santa Maria;RN
18/10/2025 16:34:43;18/10/2025 16:34:43;NAO;682848,2;12864h 35m;0;-14;-;-;-;-;N/A;N/A;N/A;N/A;N/A;N/A;NAO;NAO;" ";" ";-;SBT / Des / SPM / SPC / VPa;Sir / TBT;Santa Maria;RN
18/10/2025 16:34:39;18/10/2025 16:34:39;SIM;682848,2;12864h 35m;0;-14;-;-;-;-;N/A;N/A;N/A;N/A;N/A;N/A;NAO;NAO;" ";" ";-;SBT / Des / SPM / SPC / VPa;Sir / TBT;Santa Maria;RN
18/10/2025 16:33:35;18/10/2025 16:33:35;NAO;682848,2;12864h 35m;0;-14;-;-;-;-;N/A;N/A;N/A;N/A;N/A;N/A;NAO;NAO;" ";" ";-;SBT / Des / SPM / SPC / VPa;Sir / TBT;Santa Maria;RN
18/10/2025 16:29:44;18/10/2025 16:29:44;NAO;682848,2;12864h 35m;0;-14;-;-;-;-;N/A;N/A;N/A;N/A;N/A;N/A;NAO;NAO;" ";" ";-;SBT / Des / SPM / SPC / VPa;Sir / TBT;Santa Maria;RN
18/10/2025 16:29:35;18/10/2025 16:29:35;NAO;682848,2;12864h 35m;0;-14;-;-;-;-;N/A;N/A;N/A;N/A;N/A;N/A;NAO;NAO;" ";" ";-;SBT / Des / SPM / SPC / VPa;Sir / TBT;Santa Maria;RN
18/10/2025 16:25:35;18/10/2025 16:25:35;NAO;682848,2;12864h 35m;0;-11;-;-;-;-;N/A;N/A;N/A;N/A;N/A;N/A;NAO;NAO;" ";" ";-;SBT / Des / SPM / SPC / VPa;Sir / TBT;Santa Maria;RN
18/10/2025 16:21:35;18/10/2025 16:21:35;NAO;682848,2;12864h 35m;0;-14;-;-;-;-;N/A;N/A;N/A;N/A;N/A;N/A;NAO;NAO;" ";" ";-;SBT / Des / SPM / SPC / VPa;Sir / TBT;Santa Maria;RN
18/10/2025 16:18:42;18/10/2025 16:18:42;NAO;682848,2;12864h 35m;0;-15;-;-;-;-;N/A;N/A;N/A;N/A;N/A;N/A;NAO;NAO;" ";" ";-;SBT / Des / SPM / SPC / VPa;Sir / TBT;Santa Maria;RN
18/10/2025 16:18:17;18/10/2025 16:18:16;NAO;682848,2;12864h 35m;0;-14;-;-;-;-;N/A;N/A;N/A;N/A;N/A;N/A;NAO;NAO;" ";" ";-;SBT / Des / SPM / SPC / VPa;Sir / TBT;Santa Maria;RN
18/10/2025 16:18:15;18/10/2025 16:18:14;NAO;682848,2;12864h 35m;0;-15;-;-;-;-;N/A;N/A;N/A;N/A;N/A;N/A;NAO;NAO;" ";" ";-;SBT / Des / SPM / SPC / VPa;Sir / TBT;Santa Maria;RN
18/10/2025 16:18:05;18/10/2025 16:18:05;NAO;682848,2;12864h 35m;0;-14;-;-;-;-;N/A;N/A;N/A;N/A;N/A;N/A;NAO;NAO;" ";" ";-;SBT / Des / SPM / SPC / VPa;Sir / TBT;Santa Maria;RN
18/10/2025 16:18:02;18/10/2025 16:18:02;NAO;682848,2;12864h 35m;0;-14;-;-;-;-;N/A;N/A;N/A;N/A;N/A;N/A;NAO;NAO;" ";" ";-;SBT / Des / SPM / SPC / VPa;Sir / TBT;Santa Maria;RN
18/10/2025 16:17:49;18/10/2025 16:17:49;NAO;682848,2;12864h 35m;0;-14;-;-;-;-;N/A;N/A;N/A;N/A;N/A;N/A;NAO;NAO;" ";" ";-;SBT / Des / SPM / SPC / VPa;Sir / TBT;Santa Maria;RN
18/10/2025 16:17:38;18/10/2025 16:17:38;NAO;682848,2;12864h 35m;0;-13;-;-;-;-;N/A;N/A;N/A;N/A;N/A;N/A;NAO;NAO;" ";" ";-;SBT / Des / SPM / SPC / VPa;Sir / TBT;Santa Maria;RN
18/10/2025 16:17:35;18/10/2025 16:17:35;NAO;682848,2;12864h 35m;565;-14;-;-;-;-;N/A;N/A;N/A;N/A;N/A;N/A;NAO;NAO;" ";" ";-;SBT / Des / SPM / SPC / VPa;Sir / TBT;Santa Maria;RN
18/10/2025 16:17:01;18/10/2025 16:17:29;SIM;682848,2;12864h 34m;548;-14;-;-;-;-;N/A;N/A;N/A;N/A;N/A;N/A;SIM;NAO;" ";" ";-;SBT / Des / SPM / SPC / VPa;Sir / TBT;Santa Maria;RN
18/10/2025 16:15:40;18/10/2025 16:17:28;SIM;682848,2;12864h 33m;564;-11;-;-;-;-;N/A;N/A;N/A;N/A;N/A;N/A;SIM;NAO;" ";" ";-;SBT / Des / SPM / SPC / VPa;Sir / TBT;Santa Maria;RN
18/10/2025 16:14:22;18/10/2025 16:17:27;SIM;682848,2;12864h 32m;564;-9;-;-;-;-;N/A;N/A;N/A;N/A;N/A;N/A;SIM;NAO;" ";" ";-;SBT / Des / SPM / SPC / VPa;Sir / TBT;Santa Maria;RN
18/10/2025 16:11:26;18/10/2025 16:11:38;SIM;682848,2;12864h 29m;794;-12;-;-;-;-;N/A;N/A;N/A;N/A;N/A;N/A;NAO;NAO;" ";" ";-;SBT / Des / SPM / SPC / VPa;Sir / TBT;Santa Maria;RN
18/10/2025 16:11:16;18/10/2025 16:11:16;SIM;682848,2;12864h 29m;1002;-13;-;-;-;-;N/A;N/A;N/A;N/A;N/A;N/A;NAO;NAO;" ";" ";-;SBT / Des / SPM / SPC / VPa;Sir / TBT;Santa Maria;RN
18/10/2025 16:11:00;18/10/2025 16:11:00;SIM;682848,1;12864h 28m;915;-13;-;-;-;-;N/A;N/A;N/A;N/A;N/A;N/A;NAO;NAO;" ";" ";-;SBT / Des / SPM / SPC / VPa;Sir / TBT;Santa Maria;RN
18/10/2025 16:10:45;18/10/2025 16:10:45;SIM;682848,1;12864h 28m;1028;-13;-;-;-;-;N/A;N/A;N/A;N/A;N/A;N/A;NAO;NAO;" ";" ";-;SBT / Des / SPM / SPC / VPa;Sir / TBT;;RN
18/10/2025 16:10:16;18/10/2025 16:10:16;SIM;682848,1;12864h 28m;946;-13;-;-;-;-;N/A;N/A;N/A;N/A;N/A;N/A;NAO;NAO;" ";" ";-;SBT / Des / SPM / SPC / VPa;Sir / TBT;Santa Maria;RN
18/10/2025 16:09:06;18/10/2025 16:09:06;SIM;682848,0;12864h 26m;990;-14;-;-;-;-;N/A;N/A;N/A;N/A;N/A;N/A;NAO;NAO;" ";" ";-;SBT / Des / SPM / SPC / VPa;Sir / TBT;Santa Maria;RN
18/10/2025 16:08:50;18/10/2025 16:08:50;SIM;682848,0;12864h 26m;771;-15;-;-;-;-;N/A;N/A;N/A;N/A;N/A;N/A;NAO;NAO;" ";" ";-;SBT / Des / SPM / SPC / VPa;Sir / TBT;Santa Maria;RN
18/10/2025 16:08:34;18/10/2025 16:08:35;SIM;682847,9;12864h 26m;987;-15;-;-;-;-;N/A;N/A;N/A;N/A;N/A;N/A;NAO;NAO;" ";" ";-;SBT / Des / SPM / SPC / VPa;Sir / TBT;Santa Maria;RN
18/10/2025 16:06:51;18/10/2025 16:07:15;SIM;682846,3;12864h 24m;1098;-15;-;-;-;-;N/A;N/A;N/A;N/A;N/A;N/A;SIM;NAO;" ";" ";-;SBT / Des / SPM / SPC / VPa;Sir / TBT;Santa Maria;RN
18/10/2025 16:04:31;18/10/2025 16:04:45;SIM;682844,6;12864h 22m;1196;-13;-;-;-;-;N/A;N/A;N/A;N/A;N/A;N/A;SIM;NAO;" ";" ";-;SBT / Des / SPM / SPC / VPa;Sir / TBT;Santa Maria;RN
18/10/2025 16:03:04;18/10/2025 16:04:45;SIM;682844,4;12864h 20m;0;-10;-;-;-;-;N/A;N/A;N/A;N/A;N/A;N/A;SIM;NAO;" ";" ";-;SBT / Des / SPM / SPC / VPa;Sir / TBT;Santa Maria;RN
18/10/2025 16:02:43;18/10/2025 16:04:44;SIM;682844,4;12864h 20m;0;-10;-;-;-;-;N/A;N/A;N/A;N/A;N/A;N/A;SIM;NAO;" ";" ";-;SBT / Des / SPM / SPC / VPa;Sir / TBT;Santa Maria;RN
18/10/2025 16:02:37;18/10/2025 16:04:44;SIM;682844,4;12864h 20m;0;-10;-;-;-;-;N/A;N/A;N/A;N/A;N/A;N/A;SIM;NAO;" ";" ";-;SBT / Des / SPM / SPC / VPa;Sir / TBT;Santa Maria;RN
18/10/2025 16:02:31;18/10/2025 16:04:43;NAO;682844,4;12864h 20m;0;-9;-;-;-;-;N/A;N/A;N/A;N/A;N/A;N/A;SIM;NAO;" ";" ";-;SBT / Des / SPM / SPC / VPa;Sir / TBT;Santa Maria;RN
18/10/2025 15:59:44;18/10/2025 16:04:43;NAO;682844,4;12864h 20m;0;-11;-;-;-;-;N/A;N/A;N/A;N/A;N/A;N/A;SIM;NAO;" ";" ";-;SBT / Des / SPM / SPC / VPa;Sir / TBT;Santa Maria;RN
18/10/2025 15:59:34;18/10/2025 16:04:42;NAO;682844,4;12864h 20m;0;-11;-;-;-;-;N/A;N/A;N/A;N/A;N/A;N/A;SIM;NAO;" ";" ";-;SBT / Des / SPM / SPC / VPa;Sir / TBT;Santa Maria;RN
18/10/2025 15:59:11;18/10/2025 16:04:42;NAO;682844,4;12864h 20m;0;-12;-;-;-;-;N/A;N/A;N/A;N/A;N/A;N/A;SIM;NAO;" ";" ";-;SBT / Des / SPM / SPC / VPa;Sir / TBT;Santa Maria;RN
18/10/2025 15:55:11;18/10/2025 15:55:27;NAO;682844,4;12864h 20m;0;-14;-;-;-;-;N/A;N/A;N/A;N/A;N/A;N/A;NAO;NAO;" ";" ";-;SBT / Des / SPM / SPC / VPa;Sir / TBT;Santa Maria;RN
18/10/2025 15:51:11;18/10/2025 15:52:23;NAO;682844,4;12864h 20m;0;-11;-;-;-;-;N/A;N/A;N/A;N/A;N/A;N/A;NAO;NAO;" ";" ";-;SBT / Des / SPM / SPC / VPa;Sir / TBT;Santa Maria;RN
18/10/2025 15:47:11;18/10/2025 15:47:24;NAO;682844,4;12864h 20m;0;-11;-;-;-;-;N/A;N/A;N/A;N/A;N/A;N/A;NAO;NAO;" ";" ";-;SBT / Des / SPM / SPC / VPa;Sir / TBT;Santa Maria;RN
18/10/2025 15:44:09;18/10/2025 15:45:36;NAO;682844,4;12864h 20m;0;-13;-;-;-;-;N/A;N/A;N/A;N/A;N/A;N/A;SIM;NAO;" ";" ";-;SBT / Des / SPM / SPC / VPa;Sir / TBT;Santa Maria;RN
18/10/2025 15:44:01;18/10/2025 15:45:36;NAO;682844,4;12864h 20m;0;-14;-;-;-;-;N/A;N/A;N/A;N/A;N/A;N/A;SIM;NAO;" ";" ";-;SBT / Des / SPM / SPC / VPa;Sir / TBT;Santa Maria;RN
18/10/2025 15:43:39;18/10/2025 15:45:35;NAO;682844,4;12864h 20m;0;-13;-;-;-;-;N/A;N/A;N/A;N/A;N/A;N/A;SIM;NAO;" ";" ";-;SBT / Des / SPM / SPC / VPa;Sir / TBT;Santa Maria;RN
18/10/2025 15:43:28;18/10/2025 15:45:35;NAO;682844,4;12864h 20m;0;-14;-;-;-;-;N/A;N/A;N/A;N/A;N/A;N/A;SIM;NAO;" ";" ";-;SBT / Des / SPM / SPC / VPa;Sir / TBT;Santa Maria;RN
18/10/2025 15:43:16;18/10/2025 15:45:35;NAO;682844,4;12864h 20m;0;-14;-;-;-;-;N/A;N/A;N/A;N/A;N/A;N/A;SIM;NAO;" ";" ";-;SBT / Des / SPM / SPC / VPa;Sir / TBT;Santa Maria;RN
18/10/2025 15:43:14;18/10/2025 15:45:34;NAO;682844,4;12864h 20m;0;-14;-;-;-;-;N/A;N/A;N/A;N/A;N/A;N/A;SIM;NAO;" ";" ";-;SBT / Des / SPM / SPC / VPa;Sir / TBT;Santa Maria;RN
18/10/2025 15:43:11;18/10/2025 15:45:34;NAO;682844,4;12864h 20m;564;-14;-;-;-;-;N/A;N/A;N/A;N/A;N/A;N/A;SIM;NAO;" ";" ";-;SBT / Des / SPM / SPC / VPa;Sir / TBT;Santa Maria;RN
18/10/2025 15:43:09;18/10/2025 15:45:33;SIM;682844,4;12864h 20m;563;-14;-;-;-;-;N/A;N/A;N/A;N/A;N/A;N/A;SIM;NAO;" ";" ";-;SBT / Des / SPM / SPC / VPa;Sir / TBT;Santa Maria;RN
18/10/2025 15:39:04;18/10/2025 15:39:04;SIM;682843,8;12864h 16m;1111;-13;-;-;-;-;N/A;N/A;N/A;N/A;N/A;N/A;NAO;NAO;" ";" ";-;SBT / Des / SPM / SPC / VPa;Sir / TBT;Santa Maria;RN
18/10/2025 15:34:50;18/10/2025 15:34:56;SIM;682839,0;12864h 12m;1093;-11;-;-;-;-;N/A;N/A;N/A;N/A;N/A;N/A;SIM;NAO;" ";" ";-;SBT / Des / SPM / SPC / VPa;Sir / TBT;São Pedro;RN
18/10/2025 15:30:36;18/10/2025 15:30:37;SIM;682834,1;12864h 7m;1266;-15;-;-;-;-;N/A;N/A;N/A;N/A;N/A;N/A;NAO;NAO;" ";" ";-;SBT / Des / SPM / SPC / VPa;Sir / TBT;São Pedro;RN
18/10/2025 15:27:02;18/10/2025 15:27:03;SIM;682830,1;12864h 4m;1208;-13;-;-;-;-;N/A;N/A;N/A;N/A;N/A;N/A;NAO;NAO;" ";" ";-;SBT / Des / SPM / SPC / VPa;Sir / TBT;São Pedro;RN
18/10/2025 15:26:55;18/10/2025 15:26:56;SIM;682829,9;12864h 4m;1209;-13;-;-;-;-;N/A;N/A;N/A;N/A;N/A;N/A;NAO;NAO;" ";" ";-;SBT / Des / SPM / SPC / VPa;Sir / TBT;São Pedro;RN
18/10/2025 15:26:22;18/10/2025 15:26:22;SIM;682829,2;12864h 3m;1796;-13;-;-;-;-;N/A;N/A;N/A;N/A;N/A;N/A;NAO;NAO;" ";" ";-;SBT / Des / SPM / SPC / VPa;Sir / TBT;São Pedro;RN
18/10/2025 15:25:46;18/10/2025 15:25:47;SIM;682828,5;12864h 3m;1207;-10;-;-;-;-;N/A;N/A;N/A;N/A;N/A;N/A;NAO;NAO;" ";" ";-;SBT / Des / SPM / SPC / VPa;Sir / TBT;São Pedro;RN
18/10/2025 15:24:19;18/10/2025 15:24:20;SIM;682826,7;12864h 1m;1870;-10;-;-;-;-;N/A;N/A;N/A;N/A;N/A;N/A;NAO;NAO;" ";" ";-;SBT / Des / SPM / SPC / VPa;Sir / TBT;São Pedro;RN
18/10/2025 15:22:08;18/10/2025 15:22:09;SIM;682824,2;12863h 59m;1011;-11;-;-;-;-;N/A;N/A;N/A;N/A;N/A;N/A;NAO;NAO;" ";" ";-;SBT / Des / SPM / SPC / VPa;Sir / TBT;Macaíba;RN
18/10/2025 15:17:54;18/10/2025 15:17:55;SIM;682819,4;12863h 55m;1071;-14;-;-;-;-;N/A;N/A;N/A;N/A;N/A;N/A;NAO;NAO;" ";" ";-;SBT / Des / SPM / SPC / VPa;Sir / TBT;Macaíba;RN
18/10/2025 15:13:40;18/10/2025 15:13:51;SIM;682814,4;12863h 51m;1190;-10;-;-;-;-;N/A;N/A;N/A;N/A;N/A;N/A;NAO;NAO;" ";" ";-;SBT / Des / SPM / SPC / VPa;Sir / TBT;Macaíba;RN
18/10/2025 15:10:04;18/10/2025 15:10:06;SIM;682810,6;12863h 47m;1206;-13;-;-;-;-;N/A;N/A;N/A;N/A;N/A;N/A;NAO;NAO;" ";" ";-;SBT / Des / SPM / SPC / VPa;Sir / TBT;Macaíba;RN
18/10/2025 15:09:26;18/10/2025 15:09:30;SIM;682809,8;12863h 46m;1186;-13;-;-;-;-;N/A;N/A;N/A;N/A;N/A;N/A;NAO;NAO;" ";" ";-;SBT / Des / SPM / SPC / VPa;Sir / TBT;Macaíba;RN
18/10/2025 15:08:59;18/10/2025 15:09:01;SIM;682808,6;12863h 46m;1207;-13;-;-;-;-;N/A;N/A;N/A;N/A;N/A;N/A;NAO;NAO;" ";" ";-;SBT / Des / SPM / SPC / VPa;Sir / TBT;Macaíba;RN
18/10/2025 15:08:44;18/10/2025 15:08:45;SIM;682808,6;12863h 46m;1207;-13;-;-;-;-;N/A;N/A;N/A;N/A;N/A;N/A;NAO;NAO;" ";" ";-;SBT / Des / SPM / SPC / VPa;Sir / TBT;Macaíba;RN
18/10/2025 15:05:12;18/10/2025 15:05:12;SIM;682805,8;12863h 42m;1153;-15;-;-;-;-;N/A;N/A;N/A;N/A;N/A;N/A;NAO;NAO;" ";" ";-;SBT / Des / SPM / SPC / VPa;Sir / TBT;Macaíba;RN
18/10/2025 15:00:58;18/10/2025 15:00:58;SIM;682803,5;12863h 38m;1277;-9;-;-;-;-;N/A;N/A;N/A;N/A;N/A;N/A;NAO;NAO;" ";" ";-;SBT / Des / SPM / SPC / VPa;Sir / TBT;Macaíba;RN
18/10/2025 15:00:43;18/10/2025 15:00:44;SIM;682803,4;12863h 38m;1070;-9;-;-;-;-;N/A;N/A;N/A;N/A;N/A;N/A;NAO;NAO;" ";" ";-;SBT / Des / SPM / SPC / VPa;Sir / TBT;Macaíba;RN
18/10/2025 14:59:21;18/10/2025 14:59:22;SIM;682801,9;12863h 36m;1056;-11;-;-;-;-;N/A;N/A;N/A;N/A;N/A;N/A;NAO;NAO;" ";" ";-;SBT / Des / SPM / SPC / VPa;Sir / TBT;Macaíba;RN
18/10/2025 14:58:41;18/10/2025 14:58:42;SIM;682801,1;12863h 36m;1207;-11;-;-;-;-;N/A;N/A;N/A;N/A;N/A;N/A;NAO;NAO;" ";" ";-;SBT / Des / SPM / SPC / VPa;Sir / TBT;Macaíba;RN
18/10/2025 14:55:07;18/10/2025 14:55:07;SIM;682797,9;12863h 32m;1056;-15;-;-;-;-;N/A;N/A;N/A;N/A;N/A;N/A;NAO;NAO;" ";" ";-;SBT / Des / SPM / SPC / VPa;Sir / TBT;Macaíba;RN
18/10/2025 14:54:11;18/10/2025 14:54:11;SIM;682796,8;12863h 31m;1205;-15;-;-;-;-;N/A;N/A;N/A;N/A;N/A;N/A;NAO;NAO;" ";" ";-;SBT / Des / SPM / SPC / VPa;Sir / TBT;Macaíba;RN
18/10/2025 14:52:18;18/10/2025 14:52:18;SIM;682794,6;12863h 29m;1208;-14;-;-;-;-;N/A;N/A;N/A;N/A;N/A;N/A;NAO;NAO;" ";" ";-;SBT / Des / SPM / SPC / VPa;Sir / TBT;Parnamirim;RN
18/10/2025 14:50:53;18/10/2025 14:50:54;SIM;682793,2;12863h 28m;1132;-13;-;-;-;-;N/A;N/A;N/A;N/A;N/A;N/A;NAO;NAO;" ";" ";-;SBT / Des / SPM / SPC / VPa;Sir / TBT;Parnamirim;RN
18/10/2025 14:50:33;18/10/2025 14:50:33;SIM;682793,0;12863h 27m;999;-13;-;-;-;-;N/A;N/A;N/A;N/A;N/A;N/A;NAO;NAO;" ";" ";-;SBT / Des / SPM / SPC / VPa;Sir / TBT;Parnamirim;RN
18/10/2025 14:49:13;18/10/2025 14:49:16;SIM;682791,6;12863h 26m;1149;-9;-;-;-;-;N/A;N/A;N/A;N/A;N/A;N/A;NAO;NAO;" ";" ";-;SBT / Des / SPM / SPC / VPa;Sir / TBT;Parnamirim;RN
18/10/2025 14:48:45;18/10/2025 14:48:46;SIM;682791,1;12863h 26m;1206;-9;-;-;-;-;N/A;N/A;N/A;N/A;N/A;N/A;NAO;NAO;" ";" ";-;SBT / Des / SPM / SPC / VPa;Sir / TBT;Parnamirim;RN
18/10/2025 14:44:59;18/10/2025 14:44:59;SIM;682785,3;12863h 22m;1185;-13;-;-;-;-;N/A;N/A;N/A;N/A;N/A;N/A;NAO;NAO;" ";" ";-;SBT / Des / SPM / SPC / VPa;Sir / TBT;Parnamirim;RN
18/10/2025 14:41:39;18/10/2025 14:41:40;SIM;682783,4;12863h 18m;1160;-15;-;-;-;-;N/A;N/A;N/A;N/A;N/A;N/A;NAO;NAO;" ";" ";-;SBT / Des / SPM / SPC / VPa;Sir / TBT;"São José de ";RN
18/10/2025 14:40:46;18/10/2025 14:40:56;SIM;682783,3;12863h 18m;0;-14;-;-;-;-;N/A;N/A;N/A;N/A;N/A;N/A;NAO;NAO;" ";" ";-;SBT / Des / SPM / SPC / VPa;Sir / TBT;"São José de ";RN
18/10/2025 14:40:39;18/10/2025 14:40:55;NAO;682783,3;12863h 18m;0;-14;-;-;-;-;N/A;N/A;N/A;N/A;N/A;N/A;NAO;NAO;" ";" ";-;SBT / Des / SPM / SPC / VPa;Sir / TBT;"São José de ";RN
18/10/2025 14:40:37;18/10/2025 14:40:36;NAO;682783,3;12863h 18m;0;-14;-;-;-;-;N/A;N/A;N/A;N/A;N/A;N/A;NAO;NAO;" ";" ";-;SBT / Des / SPM / SPC / VPa;Sir / TBT;"São José de ";RN
18/10/2025 14:40:31;18/10/2025 14:40:31;SIM;682783,3;12863h 18m;0;-14;-;-;-;-;N/A;N/A;N/A;N/A;N/A;N/A;NAO;NAO;" ";" ";-;SBT / Des / SPM / SPC / VPa;Sir / TBT;"São José de ";RN
18/10/2025 14:38:55;18/10/2025 14:40:27;SIM;682783,3;12863h 16m;0;-12;-;-;-;-;N/A;N/A;N/A;N/A;N/A;N/A;SIM;NAO;" ";" ";-;SBT / Des / SPM / SPC / VPa;Sir / TBT;"São José de ";RN
18/10/2025 14:38:42;18/10/2025 14:40:27;NAO;682783,3;12863h 16m;0;-13;-;-;-;-;N/A;N/A;N/A;N/A;N/A;N/A;NAO;NAO;" ";" ";-;SBT / Des / SPM / SPC / VPa;Sir / TBT;"São José de ";RN
18/10/2025 14:38:40;18/10/2025 14:38:40;NAO;682783,3;12863h 16m;0;-13;-;-;-;-;N/A;N/A;N/A;N/A;N/A;N/A;NAO;NAO;" ";" ";-;SBT / Des / SPM / SPC / VPa;Sir / TBT;"São José de ";RN
18/10/2025 14:37:39;18/10/2025 14:37:40;SIM;682783,3;12863h 15m;0;-11;-;-;-;-;N/A;N/A;N/A;N/A;N/A;N/A;NAO;NAO;" ";" ";-;SBT / Des / SPM / SPC / VPa;Sir / TBT;"São José de ";RN
18/10/2025 14:37:28;18/10/2025 14:37:29;NAO;682783,3;12863h 15m;0;-10;-;-;-;-;N/A;N/A;N/A;N/A;N/A;N/A;NAO;NAO;" ";" ";-;SBT / Des / SPM / SPC / VPa;Sir / TBT;"São José de ";RN
18/10/2025 14:37:26;18/10/2025 14:37:27;NAO;682783,3;12863h 15m;0;-10;-;-;-;-;N/A;N/A;N/A;N/A;N/A;N/A;NAO;NAO;" ";" ";-;SBT / Des / SPM / SPC / VPa;Sir / TBT;"São José de ";RN
18/10/2025 14:35:01;18/10/2025 14:35:02;SIM;682783,3;12863h 12m;0;-11;-;-;-;-;N/A;N/A;N/A;N/A;N/A;N/A;NAO;NAO;" ";" ";-;SBT / Des / SPM / SPC / VPa;Sir / TBT;"São José de ";RN
18/10/2025 14:34:32;18/10/2025 14:34:33;NAO;682783,3;12863h 12m;0;-11;-;-;-;-;N/A;N/A;N/A;N/A;N/A;N/A;NAO;NAO;" ";" ";-;SBT / Des / SPM / SPC / VPa;Sir / TBT;"São José de ";RN
18/10/2025 14:34:31;18/10/2025 14:34:32;NAO;682783,3;12863h 12m;0;-11;-;-;-;-;N/A;N/A;N/A;N/A;N/A;N/A;NAO;NAO;" ";" ";-;SBT / Des / SPM / SPC / VPa;Sir / TBT;"São José de ";RN
18/10/2025 14:34:28;18/10/2025 14:34:29;NAO;682783,3;12863h 12m;0;-11;-;-;-;-;N/A;N/A;N/A;N/A;N/A;N/A;NAO;NAO;" ";" ";-;SBT / Des / SPM / SPC / VPa;Sir / TBT;"São José de ";RN
18/10/2025 14:32:41;18/10/2025 14:32:42;SIM;682781,9;12863h 11m;1082;-13;-;-;-;-;N/A;N/A;N/A;N/A;N/A;N/A;NAO;NAO;" ";" ";-;SBT / Des / SPM / SPC / VPa;Sir / TBT;"São José de ";RN
18/10/2025 14:32:21;18/10/2025 14:32:26;SIM;682781,8;12863h 10m;1106;-13;-;-;-;-;N/A;N/A;N/A;N/A;N/A;N/A;NAO;NAO;" ";" ";-;SBT / Des / SPM / SPC / VPa;Sir / TBT;"São José de ";RN
18/10/2025 14:32:06;18/10/2025 14:32:06;SIM;682781,8;12863h 10m;967;-13;-;-;-;-;N/A;N/A;N/A;N/A;N/A;N/A;NAO;NAO;" ";" ";-;SBT / Des / SPM / SPC / VPa;Sir / TBT;"São José de ";RN
18/10/2025 14:31:15;18/10/2025 14:31:16;SIM;682781,8;12863h 9m;0;-14;-;-;-;-;N/A;N/A;N/A;N/A;N/A;N/A;NAO;NAO;" ";" ";-;SBT / Des / SPM / SPC / VPa;Sir / TBT;"São José de ";RN
18/10/2025 14:31:09;18/10/2025 14:31:10;NAO;682781,8;12863h 9m;0;-14;-;-;-;-;N/A;N/A;N/A;N/A;N/A;N/A;NAO;NAO;" ";" ";-;SBT / Des / SPM / SPC / VPa;Sir / TBT;"São José de ";RN
18/10/2025 14:30:55;18/10/2025 14:30:56;NAO;682781,8;12863h 9m;0;-14;-;-;-;-;N/A;N/A;N/A;N/A;N/A;N/A;NAO;NAO;" ";" ";-;SBT / Des / SPM / SPC / VPa;Sir / TBT;"São José de ";RN
18/10/2025 14:30:44;18/10/2025 14:30:44;NAO;682781,8;12863h 9m;0;-14;-;-;-;-;N/A;N/A;N/A;N/A;N/A;N/A;NAO;NAO;" ";" ";-;SBT / Des / SPM / SPC / VPa;Sir / TBT;"São José de ";RN
18/10/2025 14:30:31;18/10/2025 14:30:32;NAO;682781,8;12863h 9m;0;-15;-;-;-;-;N/A;N/A;N/A;N/A;N/A;N/A;NAO;NAO;" ";" ";-;SBT / Des / SPM / SPC / VPa;Sir / TBT;"São José de ";RN
18/10/2025 14:26:31;18/10/2025 14:26:32;NAO;682781,8;12863h 9m;0;-14;-;-;-;-;N/A;N/A;N/A;N/A;N/A;N/A;NAO;NAO;" ";" ";-;SBT / Des / SPM / SPC / VPa;Sir / TBT;"São José de ";RN
18/10/2025 14:22:31;18/10/2025 14:22:32;NAO;682781,8;12863h 9m;0;-11;-;-;-;-;N/A;N/A;N/A;N/A;N/A;N/A;NAO;NAO;" ";" ";-;SBT / Des / SPM / SPC / VPa;Sir / TBT;"São José de ";RN
18/10/2025 14:18:31;18/10/2025 14:18:32;NAO;682781,8;12863h 9m;0;-13;-;-;-;-;N/A;N/A;N/A;N/A;N/A;N/A;NAO;NAO;" ";" ";-;SBT / Des / SPM / SPC / VPa;Sir / TBT;"São José de ";RN
18/10/2025 14:14:31;18/10/2025 14:14:31;NAO;682781,8;12863h 9m;0;-14;-;-;-;-;N/A;N/A;N/A;N/A;N/A;N/A;NAO;NAO;" ";" ";-;SBT / Des / SPM / SPC / VPa;Sir / TBT;"São José de ";RN
18/10/2025 14:10:31;18/10/2025 14:10:32;NAO;682781,8;12863h 9m;0;-10;-;-;-;-;N/A;N/A;N/A;N/A;N/A;N/A;NAO;NAO;" ";" ";-;SBT / Des / SPM / SPC / VPa;Sir / TBT;"São José de ";RN
18/10/2025 14:06:31;18/10/2025 14:06:32;NAO;682781,8;12863h 9m;0;-13;-;-;-;-;N/A;N/A;N/A;N/A;N/A;N/A;NAO;NAO;" ";" ";-;SBT / Des / SPM / SPC / VPa;Sir / TBT;"São José de ";RN
18/10/2025 14:02:31;18/10/2025 14:02:31;NAO;682781,8;12863h 9m;0;-15;-;-;-;-;N/A;N/A;N/A;N/A;N/A;N/A;NAO;NAO;" ";" ";-;SBT / Des / SPM / SPC / VPa;Sir / TBT;"São José de ";RN
18/10/2025 13:58:31;18/10/2025 13:58:31;NAO;682781,8;12863h 9m;0;-9;-;-;-;-;N/A;N/A;N/A;N/A;N/A;N/A;NAO;NAO;" ";" ";-;SBT / Des / SPM / SPC / VPa;Sir / TBT;"São José de ";RN
18/10/2025 13:54:31;18/10/2025 13:54:32;NAO;682781,8;12863h 9m;0;-13;-;-;-;-;N/A;N/A;N/A;N/A;N/A;N/A;NAO;NAO;" ";" ";-;SBT / Des / SPM / SPC / VPa;Sir / TBT;"São José de ";RN
18/10/2025 13:50:31;18/10/2025 13:50:32;NAO;682781,8;12863h 9m;0;-15;-;-;-;-;N/A;N/A;N/A;N/A;N/A;N/A;NAO;NAO;" ";" ";-;SBT / Des / SPM / SPC / VPa;Sir / TBT;"São José de ";RN
18/10/2025 13:46:31;18/10/2025 13:46:31;NAO;682781,8;12863h 9m;0;-10;-;-;-;-;N/A;N/A;N/A;N/A;N/A;N/A;NAO;NAO;" ";" ";-;SBT / Des / SPM / SPC / VPa;Sir / TBT;"São José de ";RN
18/10/2025 13:42:31;18/10/2025 13:42:32;NAO;682781,8;12863h 9m;0;-13;-;-;-;-;N/A;N/A;N/A;N/A;N/A;N/A;NAO;NAO;" ";" ";-;SBT / Des / SPM / SPC / VPa;Sir / TBT;"São José de ";RN
18/10/2025 13:38:31;18/10/2025 13:38:32;NAO;682781,8;12863h 9m;0;-14;-;-;-;-;N/A;N/A;N/A;N/A;N/A;N/A;NAO;NAO;" ";" ";-;SBT / Des / SPM / SPC / VPa;Sir / TBT;"São José de ";RN
18/10/2025 13:35:57;18/10/2025 13:35:58;NAO;682781,8;12863h 9m;0;-14;-;-;-;-;N/A;N/A;N/A;N/A;N/A;N/A;NAO;NAO;" ";" ";-;SBT / Des / SPM / SPC / VPa;Sir / TBT;"São José de ";RN
18/10/2025 13:35:48;18/10/2025 13:35:51;NAO;682781,8;12863h 9m;0;-14;-;-;-;-;N/A;N/A;N/A;N/A;N/A;N/A;NAO;NAO;" ";" ";-;SBT / Des / SPM / SPC / VPa;Sir / TBT;"São José de ";RN
18/10/2025 13:34:31;18/10/2025 13:34:32;NAO;682781,8;12863h 9m;0;-10;-;-;-;-;N/A;N/A;N/A;N/A;N/A;N/A;NAO;NAO;" ";" ";-;SBT / Des / SPM / SPC / VPa;Sir / TBT;"São José de ";RN
18/10/2025 13:34:23;18/10/2025 13:34:23;NAO;682781,8;12863h 9m;0;-10;-;-;-;-;N/A;N/A;N/A;N/A;N/A;N/A;NAO;NAO;" ";" ";-;SBT / Des / SPM / SPC / VPa;Sir / TBT;"São José de ";RN
18/10/2025 13:34:14;18/10/2025 13:34:15;NAO;682781,8;12863h 9m;0;-10;-;-;-;-;N/A;N/A;N/A;N/A;N/A;N/A;NAO;NAO;" ";" ";-;SBT / Des / SPM / SPC / VPa;Sir / TBT;"São José de ";RN
18/10/2025 13:30:31;18/10/2025 13:30:31;NAO;682781,8;12863h 9m;0;-13;-;-;-;-;N/A;N/A;N/A;N/A;N/A;N/A;NAO;NAO;" ";" ";-;SBT / Des / SPM / SPC / VPa;Sir / TBT;"São José de ";RN
18/10/2025 13:26:31;18/10/2025 13:26:32;NAO;682781,8;12863h 9m;0;-14;-;-;-;-;N/A;N/A;N/A;N/A;N/A;N/A;NAO;NAO;" ";" ";-;SBT / Des / SPM / SPC / VPa;Sir / TBT;"São José de ";RN
18/10/2025 13:22:31;18/10/2025 13:22:32;NAO;682781,8;12863h 9m;0;-11;-;-;-;-;N/A;N/A;N/A;N/A;N/A;N/A;NAO;NAO;" ";" ";-;SBT / Des / SPM / SPC / VPa;Sir / TBT;"São José de ";RN
18/10/2025 13:20:21;18/10/2025 13:20:22;NAO;682781,8;12863h 9m;0;-10;-;-;-;-;N/A;N/A;N/A;N/A;N/A;N/A;NAO;NAO;" ";" ";-;SBT / Des / SPM / SPC / VPa;Sir / TBT;"São José de ";RN
18/10/2025 13:18:31;18/10/2025 13:18:32;NAO;682781,8;12863h 9m;0;-11;-;-;-;-;N/A;N/A;N/A;N/A;N/A;N/A;NAO;NAO;" ";" ";-;SBT / Des / SPM / SPC / VPa;Sir / TBT;Parnamirim;RN
18/10/2025 13:17:37;18/10/2025 13:17:37;NAO;682781,8;12863h 9m;0;-13;-;-;-;-;N/A;N/A;N/A;N/A;N/A;N/A;NAO;NAO;" ";" ";-;SBT / Des / SPM / SPC / VPa;Sir / TBT;Parnamirim;RN
18/10/2025 13:17:32;18/10/2025 13:17:32;NAO;682781,8;12863h 9m;0;-13;-;-;-;-;N/A;N/A;N/A;N/A;N/A;N/A;NAO;NAO;" ";" ";-;SBT / Des / SPM / SPC / VPa;Sir / TBT;Parnamirim;RN
18/10/2025 13:17:27;18/10/2025 13:17:28;NAO;682781,8;12863h 9m;0;-13;-;-;-;-;N/A;N/A;N/A;N/A;N/A;N/A;NAO;NAO;" ";" ";-;SBT / Des / SPM / SPC / VPa;Sir / TBT;Parnamirim;RN
18/10/2025 13:16:47;18/10/2025 13:16:47;NAO;682781,8;12863h 9m;0;-13;-;-;-;-;N/A;N/A;N/A;N/A;N/A;N/A;NAO;NAO;" ";" ";-;SBT / Des / SPM / SPC / VPa;Sir / TBT;Parnamirim;RN
18/10/2025 13:16:46;18/10/2025 13:16:47;NAO;682781,8;12863h 9m;0;-12;-;-;-;-;N/A;N/A;N/A;N/A;N/A;N/A;NAO;NAO;" ";" ";-;SBT / Des / SPM / SPC / VPa;Sir / TBT;Parnamirim;RN
18/10/2025 13:15:55;18/10/2025 13:15:56;NAO;682781,8;12863h 9m;0;-13;-;-;-;-;N/A;N/A;N/A;N/A;N/A;N/A;NAO;NAO;" ";" ";-;SBT / Des / SPM / SPC / VPa;Sir / TBT;Parnamirim;RN
18/10/2025 13:15:48;18/10/2025 13:15:51;NAO;682781,8;12863h 9m;0;-13;-;-;-;-;N/A;N/A;N/A;N/A;N/A;N/A;NAO;NAO;" ";" ";-;SBT / Des / SPM / SPC / VPa;Sir / TBT;Parnamirim;RN
18/10/2025 13:15:42;18/10/2025 13:15:42;NAO;682781,8;12863h 9m;0;-13;-;-;-;-;N/A;N/A;N/A;N/A;N/A;N/A;NAO;NAO;" ";" ";-;SBT / Des / SPM / SPC / VPa;Sir / TBT;Parnamirim;RN
18/10/2025 13:15:34;18/10/2025 13:15:35;NAO;682781,8;12863h 9m;0;-13;-;-;-;-;N/A;N/A;N/A;N/A;N/A;N/A;NAO;NAO;" ";" ";-;SBT / Des / SPM / SPC / VPa;Sir / TBT;Parnamirim;RN
18/10/2025 13:15:29;18/10/2025 13:15:30;NAO;682781,8;12863h 9m;0;-14;-;-;-;-;N/A;N/A;N/A;N/A;N/A;N/A;NAO;NAO;" ";" ";-;SBT / Des / SPM / SPC / VPa;Sir / TBT;Parnamirim;RN
18/10/2025 13:14:38;18/10/2025 13:14:38;NAO;682781,8;12863h 9m;0;-14;-;-;-;-;N/A;N/A;N/A;N/A;N/A;N/A;NAO;NAO;" ";" ";-;SBT / Des / SPM / SPC / VPa;Sir / TBT;Parnamirim;RN
18/10/2025 13:14:34;18/10/2025 13:14:35;NAO;682781,8;12863h 9m;0;-14;-;-;-;-;N/A;N/A;N/A;N/A;N/A;N/A;NAO;NAO;" ";" ";-;SBT / Des / SPM / SPC / VPa;Sir / TBT;Parnamirim;RN
18/10/2025 13:14:32;18/10/2025 13:14:32;NAO;682781,8;12863h 9m;564;-14;-;-;-;-;N/A;N/A;N/A;N/A;N/A;N/A;NAO;NAO;" ";" ";-;SBT / Des / SPM / SPC / VPa;Sir / TBT;Parnamirim;RN
18/10/2025 13:12:52;18/10/2025 13:12:52;SIM;682781,7;12863h 8m;790;-14;-;-;-;-;N/A;N/A;N/A;N/A;N/A;N/A;NAO;NAO;" ";" ";-;SBT / Des / SPM / SPC / VPa;Sir / TBT;Parnamirim;RN
18/10/2025 13:11:19;18/10/2025 13:11:20;SIM;682781,6;12863h 6m;559;-15;-;-;-;-;N/A;N/A;N/A;N/A;N/A;N/A;NAO;NAO;" ";" ";-;SBT / Des / SPM / SPC / VPa;Sir / TBT;Parnamirim;RN
18/10/2025 13:10:52;18/10/2025 13:10:53;SIM;682781,6;12863h 6m;566;-15;-;-;-;-;N/A;N/A;N/A;N/A;N/A;N/A;NAO;NAO;" ";" ";-;SBT / Des / SPM / SPC / VPa;Sir / TBT;Parnamirim;RN
18/10/2025 13:08:38;18/10/2025 13:08:39;SIM;682781,6;12863h 3m;565;-13;-;-;-;-;N/A;N/A;N/A;N/A;N/A;N/A;NAO;NAO;" ";" ";-;SBT / Des / SPM / SPC / VPa;Sir / TBT;Parnamirim;RN
18/10/2025 13:06:17;18/10/2025 13:06:31;SIM;682781,5;12863h 1m;998;-10;-;-;-;-;N/A;N/A;N/A;N/A;N/A;N/A;NAO;NAO;" ";" ";-;SBT / Des / SPM / SPC / VPa;Sir / TBT;"São José de ";RN
18/10/2025 13:04:14;18/10/2025 13:04:15;SIM;682780,2;12862h 59m;1088;-11;-;-;-;-;N/A;N/A;N/A;N/A;N/A;N/A;NAO;NAO;" ";" ";-;SBT / Des / SPM / SPC / VPa;Sir / TBT;"São José de ";RN
18/10/2025 13:00:00;18/10/2025 13:00:02;SIM;682776,4;12862h 55m;1159;-13;-;-;-;-;N/A;N/A;N/A;N/A;N/A;N/A;NAO;NAO;" ";" ";-;SBT / Des / SPM / SPC / VPa;Sir / TBT;"São José de ";RN
18/10/2025 12:55:46;18/10/2025 12:55:47;SIM;682774,2;12862h 51m;1182;-14;-;-;-;-;N/A;N/A;N/A;N/A;N/A;N/A;NAO;NAO;" ";" ";-;SBT / Des / SPM / SPC / VPa;Sir / TBT;"São José de ";RN
18/10/2025 12:51:32;18/10/2025 12:51:33;SIM;682771,3;12862h 46m;1185;-11;-;-;-;-;N/A;N/A;N/A;N/A;N/A;N/A;NAO;NAO;" ";" ";-;SBT / Des / SPM / SPC / VPa;Sir / TBT;"São José de ";RN
18/10/2025 12:47:19;18/10/2025 12:47:20;SIM;682766,9;12862h 42m;1111;-14;-;-;-;-;N/A;N/A;N/A;N/A;N/A;N/A;NAO;NAO;" ";" ";-;SBT / Des / SPM / SPC / VPa;Sir / TBT;Nísia Flores;RN
18/10/2025 12:46:48;18/10/2025 12:46:50;SIM;682766,3;12862h 42m;2054;-15;-;-;-;-;N/A;N/A;N/A;N/A;N/A;N/A;NAO;NAO;" ";" ";-;SBT / Des / SPM / SPC / VPa;Sir / TBT;Nísia Flores;RN
18/10/2025 12:45:30;18/10/2025 12:45:31;SIM;682764,6;12862h 40m;1114;-14;-;-;-;-;N/A;N/A;N/A;N/A;N/A;N/A;NAO;NAO;" ";" ";-;SBT / Des / SPM / SPC / VPa;Sir / TBT;Nísia Flores;RN
18/10/2025 12:41:17;18/10/2025 12:41:56;SIM;682760,4;12862h 36m;1178;-9;-;-;-;-;N/A;N/A;N/A;N/A;N/A;N/A;SIM;NAO;" ";" ";-;SBT / Des / SPM / SPC / VPa;Sir / TBT;Nísia Flores;RN
18/10/2025 12:37:27;18/10/2025 12:37:28;SIM;682756,0;12862h 32m;1007;-13;-;-;-;-;N/A;N/A;N/A;N/A;N/A;N/A;NAO;NAO;" ";" ";-;SBT / Des / SPM / SPC / VPa;Sir / TBT;Arês;RN
18/10/2025 12:33:14;18/10/2025 12:33:14;SIM;682752,3;12862h 28m;1108;-15;-;-;-;-;N/A;N/A;N/A;N/A;N/A;N/A;NAO;NAO;" ";" ";-;SBT / Des / SPM / SPC / VPa;Sir / TBT;Arês;RN
18/10/2025 12:31:40;18/10/2025 12:31:41;SIM;682750,4;12862h 27m;1111;-14;-;-;-;-;N/A;N/A;N/A;N/A;N/A;N/A;NAO;NAO;" ";" ";-;SBT / Des / SPM / SPC / VPa;Sir / TBT;Goianinha;RN
18/10/2025 12:27:26;18/10/2025 12:27:27;SIM;682745,7;12862h 22m;1123;-11;-;-;-;-;N/A;N/A;N/A;N/A;N/A;N/A;NAO;NAO;" ";" ";-;SBT / Des / SPM / SPC / VPa;Sir / TBT;Goianinha;RN
18/10/2025 12:23:12;18/10/2025 12:23:13;SIM;682740,9;12862h 18m;1130;-14;-;-;-;-;N/A;N/A;N/A;N/A;N/A;N/A;NAO;NAO;" ";" ";-;SBT / Des / SPM / SPC / VPa;Sir / TBT;Goianinha;RN
18/10/2025 12:20:15;18/10/2025 12:20:15;SIM;682737,7;12862h 15m;1190;-14;-;-;-;-;N/A;N/A;N/A;N/A;N/A;N/A;NAO;NAO;" ";" ";-;SBT / Des / SPM / SPC / VPa;Sir / TBT;Canguaretama;RN
18/10/2025 12:18:58;18/10/2025 12:18:59;SIM;682736,6;12862h 14m;940;-13;-;-;-;-;N/A;N/A;N/A;N/A;N/A;N/A;NAO;NAO;" ";" ";-;SBT / Des / SPM / SPC / VPa;Sir / TBT;Canguaretama;RN
18/10/2025 12:14:44;18/10/2025 12:14:47;SIM;682732,6;12862h 10m;1126;-11;-;-;-;-;N/A;N/A;N/A;N/A;N/A;N/A;NAO;NAO;" ";" ";-;SBT / Des / SPM / SPC / VPa;Sir / TBT;Canguaretama;RN
18/10/2025 12:10:30;18/10/2025 12:10:31;SIM;682727,8;12862h 5m;2091;-14;-;-;-;-;N/A;N/A;N/A;N/A;N/A;N/A;NAO;NAO;" ";" ";-;SBT / Des / SPM / SPC / VPa;Sir / TBT;Baía Formosa;RN
18/10/2025 12:10:14;18/10/2025 12:10:15;SIM;682727,5;12862h 5m;1848;-15;-;-;-;-;N/A;N/A;N/A;N/A;N/A;N/A;NAO;NAO;" ";" ";-;SBT / Des / SPM / SPC / VPa;Sir / TBT;Baía Formosa;RN
18/10/2025 12:06:16;18/10/2025 12:06:17;SIM;682723,1;12862h 1m;1096;-14;-;-;-;-;N/A;N/A;N/A;N/A;N/A;N/A;NAO;NAO;" ";" ";-;SBT / Des / SPM / SPC / VPa;Sir / TBT;Baía Formosa;RN
18/10/2025 12:02:02;18/10/2025 12:02:15;SIM;682721,6;12861h 57m;571;-10;-;-;-;-;N/A;N/A;N/A;N/A;N/A;N/A;NAO;NAO;" ";" ";-;SBT / Des / SPM / SPC / VPa;Sir / TBT;Baía Formosa;RN
18/10/2025 12:01:15;18/10/2025 12:01:45;SIM;682721,6;12861h 56m;565;-9;-;-;-;-;N/A;N/A;N/A;N/A;N/A;N/A;SIM;NAO;" ";" ";-;SBT / Des / SPM / SPC / VPa;Sir / TBT;Baía Formosa;RN
18/10/2025 11:59:59;18/10/2025 12:01:45;SIM;682721,6;12861h 55m;565;-8;-;-;-;-;N/A;N/A;N/A;N/A;N/A;N/A;SIM;NAO;" ";" ";-;SBT / Des / SPM / SPC / VPa;Sir / TBT;Baía Formosa;RN
18/10/2025 11:57:01;18/10/2025 11:57:01;SIM;682719,2;12861h 52m;1020;0;-;-;-;-;N/A;N/A;N/A;N/A;N/A;N/A;NAO;NAO;" ";" ";-;SBT / Des / SPM / SPC / VPa;Sir / TBT;Baía Formosa;RN
18/10/2025 11:52:47;18/10/2025 11:52:49;SIM;682714,8;12861h 48m;1090;-1;-;-;-;-;N/A;N/A;N/A;N/A;N/A;N/A;NAO;NAO;" ";" ";-;SBT / Des / SPM / SPC / VPa;Sir / TBT;Mataraca;PB
18/10/2025 11:48:33;18/10/2025 11:48:34;SIM;682710,0;12861h 43m;1110;-5;-;-;-;-;N/A;N/A;N/A;N/A;N/A;N/A;NAO;NAO;" ";" ";-;SBT / Des / SPM / SPC / VPa;Sir / TBT;Mamanguape;PB
18/10/2025 11:45:02;18/10/2025 11:45:02;SIM;682706,4;12861h 40m;1216;-9;-;-;-;-;N/A;N/A;N/A;N/A;N/A;N/A;NAO;NAO;" ";" ";-;SBT / Des / SPM / SPC / VPa;Sir / TBT;Mamanguape;PB
18/10/2025 11:40:48;18/10/2025 11:40:48;SIM;682701,9;12861h 36m;1112;-11;-;-;-;-;N/A;N/A;N/A;N/A;N/A;N/A;NAO;NAO;" ";" ";-;SBT / Des / SPM / SPC / VPa;Sir / TBT;Mamanguape;PB
18/10/2025 11:36:35;18/10/2025 11:36:36;SIM;682697,8;12861h 31m;1976;-13;-;-;-;-;N/A;N/A;N/A;N/A;N/A;N/A;NAO;NAO;" ";" ";-;SBT / Des / SPM / SPC / VPa;Sir / TBT;Rio Tinto;PB
18/10/2025 11:33:38;18/10/2025 11:33:38;SIM;682694,6;12861h 28m;1060;-14;-;-;-;-;N/A;N/A;N/A;N/A;N/A;N/A;NAO;NAO;" ";" ";-;SBT / Des / SPM / SPC / VPa;Sir / TBT;Rio Tinto;PB
18/10/2025 11:29:24;18/10/2025 11:29:25;SIM;682689,7;12861h 24m;1093;-13;-;-;-;-;N/A;N/A;N/A;N/A;N/A;N/A;NAO;NAO;" ";" ";-;SBT / Des / SPM / SPC / VPa;Sir / TBT;Rio Tinto;PB
18/10/2025 11:25:10;18/10/2025 11:25:12;SIM;682685,8;12861h 20m;1080;-11;-;-;-;-;N/A;N/A;N/A;N/A;N/A;N/A;NAO;NAO;" ";" ";-;SBT / Des / SPM / SPC / VPa;Sir / TBT;Rio Tinto;PB
18/10/2025 11:20:56;18/10/2025 11:20:58;SIM;682681,9;12861h 16m;1077;-14;-;-;-;-;N/A;N/A;N/A;N/A;N/A;N/A;NAO;NAO;" ";" ";-;SBT / Des / SPM / SPC / VPa;Sir / TBT;Mamanguape;PB
18/10/2025 11:16:42;18/10/2025 11:16:43;SIM;682678,1;12861h 12m;1077;-13;-;-;-;-;N/A;N/A;N/A;N/A;N/A;N/A;NAO;NAO;" ";" ";-;SBT / Des / SPM / SPC / VPa;Sir / TBT;Mamanguape;PB
18/10/2025 11:12:28;18/10/2025 11:12:29;SIM;682673,8;12861h 7m;2160;-11;-;-;-;-;N/A;N/A;N/A;N/A;N/A;N/A;NAO;NAO;" ";" ";-;SBT / Des / SPM / SPC / VPa;Sir / TBT;Mamanguape;PB
18/10/2025 11:12:03;18/10/2025 11:12:04;SIM;682673,4;12861h 7m;1874;-13;-;-;-;-;N/A;N/A;N/A;N/A;N/A;N/A;NAO;NAO;" ";" ";-;SBT / Des / SPM / SPC / VPa;Sir / TBT;Mamanguape;PB
18/10/2025 11:08:14;18/10/2025 11:08:15;SIM;682669,0;12861h 3m;1083;-14;-;-;-;-;N/A;N/A;N/A;N/A;N/A;N/A;NAO;NAO;" ";" ";-;SBT / Des / SPM / SPC / VPa;Sir / TBT;Rio Tinto;PB
18/10/2025 11:05:09;18/10/2025 11:05:10;SIM;682665,9;12861h 0m;548;-13;-;-;-;-;N/A;N/A;N/A;N/A;N/A;N/A;NAO;NAO;" ";" ";-;SBT / Des / SPM / SPC / VPa;Sir / TBT;Rio Tinto;PB
18/10/2025 11:04:00;18/10/2025 11:04:00;SIM;682665,9;12860h 59m;563;-13;-;-;-;-;N/A;N/A;N/A;N/A;N/A;N/A;NAO;NAO;" ";" ";-;SBT / Des / SPM / SPC / VPa;Sir / TBT;Rio Tinto;PB
18/10/2025 11:03:58;18/10/2025 11:03:59;SIM;682665,9;12860h 59m;565;-13;-;-;-;-;N/A;N/A;N/A;N/A;N/A;N/A;NAO;NAO;" ";" ";-;SBT / Des / SPM / SPC / VPa;Sir / TBT;Rio Tinto;PB
18/10/2025 11:03:21;18/10/2025 11:03:22;SIM;682665,9;12860h 58m;564;-11;-;-;-;-;N/A;N/A;N/A;N/A;N/A;N/A;NAO;NAO;" ";" ";-;SBT / Des / SPM / SPC / VPa;Sir / TBT;Rio Tinto;PB
18/10/2025 10:59:07;18/10/2025 10:59:07;SIM;682664,4;12860h 54m;1151;-13;-;-;-;-;N/A;N/A;N/A;N/A;N/A;N/A;NAO;NAO;" ";" ";-;SBT / Des / SPM / SPC / VPa;Sir / TBT;Rio Tinto;PB
18/10/2025 10:54:53;18/10/2025 10:54:54;SIM;682659,5;12860h 50m;1107;-15;-;-;-;-;N/A;N/A;N/A;N/A;N/A;N/A;NAO;NAO;" ";" ";-;SBT / Des / SPM / SPC / VPa;Sir / TBT;Santa Rita;PB
18/10/2025 10:50:39;18/10/2025 10:50:40;SIM;682656,5;12860h 45m;1101;-11;-;-;-;-;N/A;N/A;N/A;N/A;N/A;N/A;NAO;NAO;" ";" ";-;SBT / Des / SPM / SPC / VPa;Sir / TBT;Santa Rita;PB
18/10/2025 10:48:44;18/10/2025 10:48:45;SIM;682654,4;12860h 44m;1777;-10;-;-;-;-;N/A;N/A;N/A;N/A;N/A;N/A;NAO;NAO;" ";" ";-;SBT / Des / SPM / SPC / VPa;Sir / TBT;Santa Rita;PB
18/10/2025 10:48:28;18/10/2025 10:48:29;SIM;682654,1;12860h 43m;1850;-11;-;-;-;-;N/A;N/A;N/A;N/A;N/A;N/A;NAO;NAO;" ";" ";-;SBT / Des / SPM / SPC / VPa;Sir / TBT;Santa Rita;PB
18/10/2025 10:48:18;18/10/2025 10:48:19;SIM;682653,9;12860h 43m;1877;-11;-;-;-;-;N/A;N/A;N/A;N/A;N/A;N/A;NAO;NAO;" ";" ";-;SBT / Des / SPM / SPC / VPa;Sir / TBT;Santa Rita;PB
18/10/2025 10:46:25;18/10/2025 10:46:25;SIM;682651,8;12860h 41m;1111;-13;-;-;-;-;N/A;N/A;N/A;N/A;N/A;N/A;NAO;NAO;" ";" ";-;SBT / Des / SPM / SPC / VPa;Sir / TBT;Santa Rita;PB
18/10/2025 10:44:49;18/10/2025 10:45:15;SIM;682649,8;12860h 40m;1208;-14;-;-;-;-;N/A;N/A;N/A;N/A;N/A;N/A;SIM;NAO;" ";" ";-;SBT / Des / SPM / SPC / VPa;Sir / TBT;Santa Rita;PB
18/10/2025 10:44:44;18/10/2025 10:45:15;SIM;682649,8;12860h 40m;1207;-13;-;-;-;-;N/A;N/A;N/A;N/A;N/A;N/A;SIM;NAO;" ";" ";-;SBT / Des / SPM / SPC / VPa;Sir / TBT;Santa Rita;PB
18/10/2025 10:44:38;18/10/2025 10:45:15;SIM;682649,7;12860h 39m;1204;-13;-;-;-;-;N/A;N/A;N/A;N/A;N/A;N/A;SIM;NAO;" ";" ";-;SBT / Des / SPM / SPC / VPa;Sir / TBT;Santa Rita;PB
18/10/2025 10:44:36;18/10/2025 10:45:14;SIM;682649,5;12860h 39m;1208;-14;-;-;-;-;N/A;N/A;N/A;N/A;N/A;N/A;NAO;NAO;" ";" ";-;SBT / Des / SPM / SPC / VPa;Sir / TBT;Santa Rita;PB
18/10/2025 10:44:08;18/10/2025 10:44:08;SIM;682648,8;12860h 39m;1871;-14;-;-;-;-;N/A;N/A;N/A;N/A;N/A;N/A;NAO;NAO;" ";" ";-;SBT / Des / SPM / SPC / VPa;Sir / TBT;Santa Rita;PB
18/10/2025 10:42:11;18/10/2025 10:42:11;SIM;682646,7;12860h 37m;1350;-15;-;-;-;-;N/A;N/A;N/A;N/A;N/A;N/A;NAO;NAO;" ";" ";-;SBT / Des / SPM / SPC / VPa;Sir / TBT;Santa Rita;PB
18/10/2025 10:37:57;18/10/2025 10:38:03;SIM;682642,2;12860h 33m;1119;-11;-;-;-;-;N/A;N/A;N/A;N/A;N/A;N/A;NAO;NAO;" ";" ";-;SBT / Des / SPM / SPC / VPa;Sir / TBT;Santa Rita;PB
18/10/2025 10:36:54;18/10/2025 10:37:10;SIM;682641,2;12860h 32m;1204;-9;-;-;-;-;N/A;N/A;N/A;N/A;N/A;N/A;NAO;NAO;" ";" ";-;SBT / Des / SPM / SPC / VPa;Sir / TBT;Santa Rita;PB
18/10/2025 10:36:53;18/10/2025 10:37:10;SIM;682641,2;12860h 32m;1229;-9;-;-;-;-;N/A;N/A;N/A;N/A;N/A;N/A;NAO;NAO;" ";" ";-;SBT / Des / SPM / SPC / VPa;Sir / TBT;Santa Rita;PB
18/10/2025 10:36:38;18/10/2025 10:36:39;SIM;682640,8;12860h 31m;1196;-9;-;-;-;-;N/A;N/A;N/A;N/A;N/A;N/A;NAO;NAO;" ";" ";-;SBT / Des / SPM / SPC / VPa;Sir / TBT;Santa Rita;PB
18/10/2025 10:36:11;18/10/2025 10:36:12;SIM;682640,3;12860h 31m;1236;-10;-;-;-;-;N/A;N/A;N/A;N/A;N/A;N/A;NAO;NAO;" ";" ";-;SBT / Des / SPM / SPC / VPa;Sir / TBT;Santa Rita;PB
18/10/2025 10:35:19;18/10/2025 10:35:21;SIM;682639,4;12860h 30m;1207;-11;-;-;-;-;N/A;N/A;N/A;N/A;N/A;N/A;NAO;NAO;" ";" ";-;SBT / Des / SPM / SPC / VPa;Sir / TBT;Santa Rita;PB
18/10/2025 10:35:07;18/10/2025 10:35:10;SIM;682639,2;12860h 30m;1209;-11;-;-;-;-;N/A;N/A;N/A;N/A;N/A;N/A;NAO;NAO;" ";" ";-;SBT / Des / SPM / SPC / VPa;Sir / TBT;Santa Rita;PB
18/10/2025 10:33:36;18/10/2025 10:33:52;SIM;682637,3;12860h 28m;1141;-13;-;-;-;-;N/A;N/A;N/A;N/A;N/A;N/A;NAO;NAO;" ";" ";-;SBT / Des / SPM / SPC / VPa;Sir / TBT;Santa Rita;PB
18/10/2025 10:33:04;18/10/2025 10:33:04;SIM;682636,7;12860h 28m;1194;-13;-;-;-;-;N/A;N/A;N/A;N/A;N/A;N/A;NAO;NAO;" ";" ";-;SBT / Des / SPM / SPC / VPa;Sir / TBT;Santa Rita;PB
18/10/2025 10:33:02;18/10/2025 10:33:04;SIM;682636,6;12860h 28m;1204;-13;-;-;-;-;N/A;N/A;N/A;N/A;N/A;N/A;NAO;NAO;" ";" ";-;SBT / Des / SPM / SPC / VPa;Sir / TBT;Santa Rita;PB
18/10/2025 10:32:14;18/10/2025 10:32:15;SIM;682635,7;12860h 27m;1195;-14;-;-;-;-;N/A;N/A;N/A;N/A;N/A;N/A;NAO;NAO;" ";" ";-;SBT / Des / SPM / SPC / VPa;Sir / TBT;Santa Rita;PB
18/10/2025 10:29:52;18/10/2025 10:29:53;SIM;682633,0;12860h 25m;1206;-15;-;-;-;-;N/A;N/A;N/A;N/A;N/A;N/A;NAO;NAO;" ";" ";-;SBT / Des / SPM / SPC / VPa;Sir / TBT;Bayeux;PB
18/10/2025 10:29:22;18/10/2025 10:29:23;SIM;682632,3;12860h 24m;1194;-14;-;-;-;-;N/A;N/A;N/A;N/A;N/A;N/A;NAO;NAO;" ";" ";-;SBT / Des / SPM / SPC / VPa;Sir / TBT;Bayeux;PB
18/10/2025 10:25:08;18/10/2025 10:25:10;SIM;682627,9;12860h 20m;1211;-10;-;-;-;-;N/A;N/A;N/A;N/A;N/A;N/A;NAO;NAO;" ";" ";-;SBT / Des / SPM / SPC / VPa;Sir / TBT;João Pessoa;PB
18/10/2025 10:24:34;18/10/2025 10:24:35;SIM;682627,4;12860h 19m;1035;-9;-;-;-;-;N/A;N/A;N/A;N/A;N/A;N/A;NAO;NAO;" ";" ";-;SBT / Des / SPM / SPC / VPa;Sir / TBT;João Pessoa;PB
18/10/2025 10:24:18;18/10/2025 10:24:19;SIM;682627,3;12860h 19m;1040;-9;-;-;-;-;N/A;N/A;N/A;N/A;N/A;N/A;NAO;NAO;" ";" ";-;SBT / Des / SPM / SPC / VPa;Sir / TBT;João Pessoa;PB
18/10/2025 10:24:02;18/10/2025 10:24:03;SIM;682627,1;12860h 19m;997;-10;-;-;-;-;N/A;N/A;N/A;N/A;N/A;N/A;NAO;NAO;" ";" ";-;SBT / Des / SPM / SPC / VPa;Sir / TBT;João Pessoa;PB
18/10/2025 10:21:30;18/10/2025 10:21:30;SIM;682624,5;12860h 16m;1141;-13;-;-;-;-;N/A;N/A;N/A;N/A;N/A;N/A;NAO;NAO;" ";" ";-;SBT / Des / SPM / SPC / VPa;Sir / TBT;João Pessoa;PB
18/10/2025 10:18:07;18/10/2025 10:18:08;SIM;682621,0;12860h 13m;1205;-15;-;-;-;-;N/A;N/A;N/A;N/A;N/A;N/A;NAO;NAO;" ";" ";-;SBT / Des / SPM / SPC / VPa;Sir / TBT;Conde;PB
18/10/2025 10:18:01;18/10/2025 10:18:01;SIM;682620,9;12860h 13m;1209;-15;-;-;-;-;N/A;N/A;N/A;N/A;N/A;N/A;NAO;NAO;" ";" ";-;SBT / Des / SPM / SPC / VPa;Sir / TBT;Conde;PB
18/10/2025 10:17:16;18/10/2025 10:17:17;SIM;682620,1;12860h 12m;1965;-14;-;-;-;-;N/A;N/A;N/A;N/A;N/A;N/A;NAO;NAO;" ";" ";-;SBT / Des / SPM / SPC / VPa;Sir / TBT;Conde;PB
18/10/2025 10:14:34;18/10/2025 10:14:35;SIM;682617,2;12860h 9m;1205;-13;-;-;-;-;N/A;N/A;N/A;N/A;N/A;N/A;NAO;NAO;" ";" ";-;SBT / Des / SPM / SPC / VPa;Sir / TBT;Conde;PB
18/10/2025 10:13:02;18/10/2025 10:13:31;SIM;682615,4;12860h 8m;1133;-10;-;-;-;-;N/A;N/A;N/A;N/A;N/A;N/A;NAO;NAO;" ";" ";-;SBT / Des / SPM / SPC / VPa;Sir / TBT;Conde;PB
18/10/2025 10:08:48;18/10/2025 10:09:05;SIM;682610,5;12860h 4m;991;-12;-;-;-;-;N/A;N/A;N/A;N/A;N/A;N/A;NAO;NAO;" ";" ";-;SBT / Des / SPM / SPC / VPa;Sir / TBT;Alhandra;PB
18/10/2025 10:07:38;18/10/2025 10:07:58;SIM;682609,2;12860h 2m;1183;-13;-;-;-;-;N/A;N/A;N/A;N/A;N/A;N/A;SIM;NAO;" ";" ";-;SBT / Des / SPM / SPC / VPa;Sir / TBT;Alhandra;PB
18/10/2025 10:04:34;18/10/2025 10:04:35;SIM;682606,4;12859h 59m;855;-15;-;-;-;-;N/A;N/A;N/A;N/A;N/A;N/A;NAO;NAO;" ";" ";-;SBT / Des / SPM / SPC / VPa;Sir / TBT;Alhandra;PB
18/10/2025 10:00:20;18/10/2025 10:01:03;SIM;682602,2;12859h 55m;1232;-9;-;-;-;-;N/A;N/A;N/A;N/A;N/A;N/A;SIM;NAO;" ";" ";-;SBT / Des / SPM / SPC / VPa;Sir / TBT;Alhandra;PB
18/10/2025 09:58:49;18/10/2025 10:01:02;SIM;682600,9;12859h 54m;1196;-11;-;-;-;-;N/A;N/A;N/A;N/A;N/A;N/A;SIM;NAO;" ";" ";-;SBT / Des / SPM / SPC / VPa;Sir / TBT;Alhandra;PB
18/10/2025 09:57:36;18/10/2025 09:58:21;SIM;682599,5;12859h 52m;1206;-12;-;-;-;-;N/A;N/A;N/A;N/A;N/A;N/A;SIM;NAO;" ";" ";-;SBT / Des / SPM / SPC / VPa;Sir / TBT;Alhandra;PB
18/10/2025 09:56:38;18/10/2025 09:58:20;SIM;682598,4;12859h 51m;1197;-13;-;-;-;-;N/A;N/A;N/A;N/A;N/A;N/A;SIM;NAO;" ";" ";-;SBT / Des / SPM / SPC / VPa;Sir / TBT;Pedras de Fo;PB
18/10/2025 09:56:07;18/10/2025 09:56:07;SIM;682597,7;12859h 51m;2146;-13;-;-;-;-;N/A;N/A;N/A;N/A;N/A;N/A;NAO;NAO;" ";" ";-;SBT / Des / SPM / SPC / VPa;Sir / TBT;Caaporã;PB
18/10/2025 09:52:13;18/10/2025 09:52:13;SIM;682593,7;12859h 47m;1918;-14;-;-;-;-;N/A;N/A;N/A;N/A;N/A;N/A;NAO;NAO;" ";" ";-;SBT / Des / SPM / SPC / VPa;Sir / TBT;Caaporã;PB
18/10/2025 09:49:36;18/10/2025 09:49:37;SIM;682591,4;12859h 44m;1154;-11;-;-;-;-;N/A;N/A;N/A;N/A;N/A;N/A;NAO;NAO;" ";" ";-;SBT / Des / SPM / SPC / VPa;Sir / TBT;Caaporã;PB
18/10/2025 09:48:58;18/10/2025 09:48:59;SIM;682591,0;12859h 44m;1049;-11;-;-;-;-;N/A;N/A;N/A;N/A;N/A;N/A;NAO;NAO;" ";" ";-;SBT / Des / SPM / SPC / VPa;Sir / TBT;Caaporã;PB
18/10/2025 09:45:21;18/10/2025 09:45:24;SIM;682586,9;12859h 40m;1305;-11;-;-;-;-;N/A;N/A;N/A;N/A;N/A;N/A;NAO;NAO;" ";" ";-;SBT / Des / SPM / SPC / VPa;Sir / TBT;Caaporã;PB
18/10/2025 09:41:08;18/10/2025 09:41:09;SIM;682583,5;12859h 36m;1215;-15;-;-;-;-;N/A;N/A;N/A;N/A;N/A;N/A;NAO;NAO;" ";" ";-;SBT / Des / SPM / SPC / VPa;Sir / TBT;Goiana;PE
18/10/2025 09:40:30;18/10/2025 09:40:31;SIM;682583,0;12859h 35m;1191;-14;-;-;-;-;N/A;N/A;N/A;N/A;N/A;N/A;NAO;NAO;" ";" ";-;SBT / Des / SPM / SPC / VPa;Sir / TBT;Goiana;PE
18/10/2025 09:36:16;18/10/2025 09:36:17;SIM;682578,7;12859h 31m;1121;-10;-;-;-;-;N/A;N/A;N/A;N/A;N/A;N/A;NAO;NAO;" ";" ";-;SBT / Des / SPM / SPC / VPa;Sir / TBT;Goiana;PE
18/10/2025 09:32:02;18/10/2025 09:32:06;SIM;682575,1;12859h 27m;1955;-13;-;-;-;-;N/A;N/A;N/A;N/A;N/A;N/A;NAO;NAO;" ";" ";-;SBT / Des / SPM / SPC / VPa;Sir / TBT;Goiana;PE
18/10/2025 09:27:48;18/10/2025 09:27:49;SIM;682570,3;12859h 23m;1153;-14;-;-;-;-;N/A;N/A;N/A;N/A;N/A;N/A;NAO;NAO;" ";" ";-;SBT / Des / SPM / SPC / VPa;Sir / TBT;Goiana;PE
18/10/2025 09:23:34;18/10/2025 09:23:35;SIM;682565,3;12859h 18m;1018;-9;-;-;-;-;N/A;N/A;N/A;N/A;N/A;N/A;NAO;NAO;" ";" ";-;SBT / Des / SPM / SPC / VPa;Sir / TBT;Goiana;PE
18/10/2025 09:22:22;18/10/2025 09:22:24;SIM;682563,9;12859h 17m;1206;-11;-;-;-;-;N/A;N/A;N/A;N/A;N/A;N/A;NAO;NAO;" ";" ";-;SBT / Des / SPM / SPC / VPa;Sir / TBT;Goiana;PE
18/10/2025 09:19:21;18/10/2025 09:19:22;SIM;682560,7;12859h 14m;1124;-14;-;-;-;-;N/A;N/A;N/A;N/A;N/A;N/A;NAO;NAO;" ";" ";-;SBT / Des / SPM / SPC / VPa;Sir / TBT;Itapissuma;PE
18/10/2025 09:17:59;18/10/2025 09:18:02;SIM;682559,2;12859h 13m;1162;-14;-;-;-;-;N/A;N/A;N/A;N/A;N/A;N/A;NAO;NAO;" ";" ";-;SBT / Des / SPM / SPC / VPa;Sir / TBT;Itapissuma;PE
18/10/2025 09:13:46;18/10/2025 09:13:48;SIM;682555,1;12859h 9m;1134;-13;-;-;-;-;N/A;N/A;N/A;N/A;N/A;N/A;NAO;NAO;" ";" ";-;SBT / Des / SPM / SPC / VPa;Sir / TBT;Itapissuma;PE
18/10/2025 09:13:29;18/10/2025 09:13:29;SIM;682554,8;12859h 8m;1213;-13;-;-;-;-;N/A;N/A;N/A;N/A;N/A;N/A;NAO;NAO;" ";" ";-;SBT / Des / SPM / SPC / VPa;Sir / TBT;Itapissuma;PE
18/10/2025 09:13:07;18/10/2025 09:13:06;SIM;682554,5;12859h 8m;1331;-11;-;-;-;-;N/A;N/A;N/A;N/A;N/A;N/A;NAO;NAO;" ";" ";-;SBT / Des / SPM / SPC / VPa;Sir / TBT;Itapissuma;PE
18/10/2025 09:12:37;18/10/2025 09:12:38;SIM;682554,0;12859h 7m;1238;-11;-;-;-;-;N/A;N/A;N/A;N/A;N/A;N/A;NAO;NAO;" ";" ";-;SBT / Des / SPM / SPC / VPa;Sir / TBT;Itapissuma;PE
18/10/2025 09:09:00;18/10/2025 09:09:01;SIM;682551,2;12859h 4m;1038;-11;-;-;-;-;N/A;N/A;N/A;N/A;N/A;N/A;NAO;NAO;" ";" ";-;SBT / Des / SPM / SPC / VPa;Sir / TBT;Itapissuma;PE
18/10/2025 09:08:24;18/10/2025 09:08:23;SIM;682551,2;12859h 3m;0;-12;-;-;-;-;N/A;N/A;N/A;N/A;N/A;N/A;NAO;NAO;" ";" ";-;SBT / Des / SPM / SPC / VPa;Sir / TBT;Itapissuma;PE
18/10/2025 09:08:22;18/10/2025 09:08:23;NAO;682551,2;12859h 3m;0;-13;-;-;-;-;N/A;N/A;N/A;N/A;N/A;N/A;NAO;NAO;" ";" ";-;SBT / Des / SPM / SPC / VPa;Sir / TBT;Itapissuma;PE
18/10/2025 09:08:19;18/10/2025 09:08:19;NAO;682551,2;12859h 3m;0;-12;-;-;-;-;N/A;N/A;N/A;N/A;N/A;N/A;NAO;NAO;" ";" ";-;SBT / Des / SPM / SPC / VPa;Sir / TBT;Itapissuma;PE
18/10/2025 09:08:15;18/10/2025 09:08:17;SIM;682551,2;12859h 3m;0;-13;-;-;-;-;N/A;N/A;N/A;N/A;N/A;N/A;NAO;NAO;" ";" ";-;SBT / Des / SPM / SPC / VPa;Sir / TBT;Itapissuma;PE
18/10/2025 09:08:12;18/10/2025 09:08:12;SIM;682551,2;12859h 3m;0;-12;-;-;-;-;N/A;N/A;N/A;N/A;N/A;N/A;NAO;NAO;" ";" ";-;SBT / Des / SPM / SPC / VPa;Sir / TBT;Itapissuma;PE
18/10/2025 09:07:43;18/10/2025 09:07:43;SIM;682551,2;12859h 3m;0;-12;-;-;-;-;N/A;N/A;N/A;N/A;N/A;N/A;NAO;NAO;" ";" ";-;SBT / Des / SPM / SPC / VPa;Sir / TBT;Itapissuma;PE
18/10/2025 09:07:41;18/10/2025 09:07:42;SIM;682551,2;12859h 3m;0;-12;-;-;-;-;N/A;N/A;N/A;N/A;N/A;N/A;NAO;NAO;" ";" ";-;SBT / Des / SPM / SPC / VPa;Sir / TBT;Itapissuma;PE
18/10/2025 09:07:38;18/10/2025 09:07:39;NAO;682551,2;12859h 3m;0;-12;-;-;-;-;N/A;N/A;N/A;N/A;N/A;N/A;NAO;NAO;" ";" ";-;SBT / Des / SPM / SPC / VPa;Sir / TBT;Itapissuma;PE
18/10/2025 09:06:04;18/10/2025 09:06:04;SIM;682551,2;12859h 1m;0;-13;-;-;-;-;N/A;N/A;N/A;N/A;N/A;N/A;NAO;NAO;" ";" ";-;SBT / Des / SPM / SPC / VPa;Sir / TBT;Itapissuma;PE
18/10/2025 09:06:00;18/10/2025 09:06:01;SIM;682551,2;12859h 1m;0;-13;-;-;-;-;N/A;N/A;N/A;N/A;N/A;N/A;NAO;NAO;" ";" ";-;SBT / Des / SPM / SPC / VPa;Sir / TBT;Itapissuma;PE
18/10/2025 09:04:42;18/10/2025 09:04:43;SIM;682550,4;12859h 0m;1208;-14;-;-;-;-;N/A;N/A;N/A;N/A;N/A;N/A;NAO;NAO;" ";" ";-;SBT / Des / SPM / SPC / VPa;Sir / TBT;Itapissuma;PE
18/10/2025 09:04:20;18/10/2025 09:04:21;SIM;682549,9;12858h 59m;1195;-15;-;-;-;-;N/A;N/A;N/A;N/A;N/A;N/A;NAO;NAO;" ";" ";-;SBT / Des / SPM / SPC / VPa;Sir / TBT;Itapissuma;PE
18/10/2025 09:04:04;18/10/2025 09:04:05;SIM;682549,6;12858h 59m;1189;-14;-;-;-;-;N/A;N/A;N/A;N/A;N/A;N/A;NAO;NAO;" ";" ";-;SBT / Des / SPM / SPC / VPa;Sir / TBT;Itapissuma;PE
18/10/2025 09:02:45;18/10/2025 09:02:46;SIM;682548,5;12858h 58m;1302;-15;-;-;-;-;N/A;N/A;N/A;N/A;N/A;N/A;NAO;NAO;" ";" ";-;SBT / Des / SPM / SPC / VPa;Sir / TBT;Itapissuma;PE
18/10/2025 09:01:46;18/10/2025 09:01:46;SIM;682548,4;12858h 57m;0;-13;-;-;-;-;N/A;N/A;N/A;N/A;N/A;N/A;NAO;NAO;" ";" ";-;SBT / Des / SPM / SPC / VPa;Sir / TBT;Itapissuma;PE
18/10/2025 09:01:43;18/10/2025 09:01:43;NAO;682548,4;12858h 57m;0;-14;-;-;-;-;N/A;N/A;N/A;N/A;N/A;N/A;NAO;NAO;" ";" ";-;SBT / Des / SPM / SPC / VPa;Sir / TBT;Itapissuma;PE
18/10/2025 09:01:21;18/10/2025 09:01:21;NAO;682548,4;12858h 57m;0;-14;-;-;-;-;N/A;N/A;N/A;N/A;N/A;N/A;NAO;NAO;" ";" ";-;SBT / Des / SPM / SPC / VPa;Sir / TBT;Itapissuma;PE
18/10/2025 09:01:10;18/10/2025 09:01:11;NAO;682548,4;12858h 57m;0;-13;-;-;-;-;N/A;N/A;N/A;N/A;N/A;N/A;NAO;NAO;" ";" ";-;SBT / Des / SPM / SPC / VPa;Sir / TBT;Itapissuma;PE
18/10/2025 09:01:07;18/10/2025 09:01:07;NAO;682548,4;12858h 57m;0;-12;-;-;-;-;N/A;N/A;N/A;N/A;N/A;N/A;NAO;NAO;" ";" ";-;SBT / Des / SPM / SPC / VPa;Sir / TBT;Itapissuma;PE
18/10/2025 08:58:36;18/10/2025 08:58:37;NAO;682548,4;12858h 57m;0;-9;-;-;-;-;N/A;N/A;N/A;N/A;N/A;N/A;NAO;NAO;" ";" ";-;SBT / Des / SPM / SPC / VPa;Sir / TBT;Itapissuma;PE
18/10/2025 08:56:14;18/10/2025 08:56:15;NAO;682548,4;12858h 57m;0;-11;-;-;-;-;N/A;N/A;N/A;N/A;N/A;N/A;NAO;NAO;" ";" ";-;SBT / Des / SPM / SPC / VPa;Sir / TBT;Itapissuma;PE
18/10/2025 08:56:11;18/10/2025 08:56:11;NAO;682548,4;12858h 57m;0;-11;-;-;-;-;N/A;N/A;N/A;N/A;N/A;N/A;NAO;NAO;" ";" ";-;SBT / Des / SPM / SPC / VPa;Sir / TBT;Itapissuma;PE
18/10/2025 08:54:36;18/10/2025 08:54:37;NAO;682548,4;12858h 57m;0;-13;-;-;-;-;N/A;N/A;N/A;N/A;N/A;N/A;NAO;NAO;" ";" ";-;SBT / Des / SPM / SPC / VPa;Sir / TBT;Itapissuma;PE
18/10/2025 08:50:36;18/10/2025 08:50:37;NAO;682548,4;12858h 57m;0;-15;-;-;-;-;N/A;N/A;N/A;N/A;N/A;N/A;NAO;NAO;" ";" ";-;SBT / Des / SPM / SPC / VPa;Sir / TBT;Itapissuma;PE
18/10/2025 08:47:01;18/10/2025 08:47:01;NAO;682548,4;12858h 57m;0;-11;-;-;-;-;N/A;N/A;N/A;N/A;N/A;N/A;NAO;NAO;" ";" ";-;SBT / Des / SPM / SPC / VPa;Sir / TBT;Itapissuma;PE
18/10/2025 08:46:52;18/10/2025 08:46:53;NAO;682548,4;12858h 57m;0;-11;-;-;-;-;N/A;N/A;N/A;N/A;N/A;N/A;NAO;NAO;" ";" ";-;SBT / Des / SPM / SPC / VPa;Sir / TBT;Itapissuma;PE
18/10/2025 08:46:41;18/10/2025 08:46:41;NAO;682548,4;12858h 57m;0;-11;-;-;-;-;N/A;N/A;N/A;N/A;N/A;N/A;NAO;NAO;" ";" ";-;SBT / Des / SPM / SPC / VPa;Sir / TBT;Itapissuma;PE
18/10/2025 08:46:39;18/10/2025 08:46:39;NAO;682548,4;12858h 57m;0;-11;-;-;-;-;N/A;N/A;N/A;N/A;N/A;N/A;NAO;NAO;" ";" ";-;SBT / Des / SPM / SPC / VPa;Sir / TBT;Itapissuma;PE
18/10/2025 08:46:37;18/10/2025 08:46:38;NAO;682548,4;12858h 57m;565;-11;-;-;-;-;N/A;N/A;N/A;N/A;N/A;N/A;NAO;NAO;" ";" ";-;SBT / Des / SPM / SPC / VPa;Sir / TBT;Itapissuma;PE
18/10/2025 08:45:58;18/10/2025 08:45:59;SIM;682548,4;12858h 56m;565;-10;-;-;-;-;N/A;N/A;N/A;N/A;N/A;N/A;NAO;NAO;" ";" ";-;SBT / Des / SPM / SPC / VPa;Sir / TBT;Itapissuma;PE
18/10/2025 08:41:44;18/10/2025 08:41:46;SIM;682545,3;12858h 52m;1181;-13;-;-;-;-;N/A;N/A;N/A;N/A;N/A;N/A;NAO;NAO;" ";" ";-;SBT / Des / SPM / SPC / VPa;Sir / TBT;Igarassu;PE
18/10/2025 08:37:30;18/10/2025 08:37:30;SIM;682542,4;12858h 48m;1161;-14;-;-;-;-;N/A;N/A;N/A;N/A;N/A;N/A;NAO;NAO;" ";" ";-;SBT / Des / SPM / SPC / VPa;Sir / TBT;Igarassu;PE
18/10/2025 08:33:28;18/10/2025 08:33:29;SIM;682540,0;12858h 44m;906;-12;-;-;-;-;N/A;N/A;N/A;N/A;N/A;N/A;NAO;NAO;" ";" ";-;SBT / Des / SPM / SPC / VPa;Sir / TBT;Igarassu;PE
18/10/2025 08:33:16;18/10/2025 08:33:17;SIM;682540,0;12858h 43m;565;-11;-;-;-;-;N/A;N/A;N/A;N/A;N/A;N/A;NAO;NAO;" ";" ";-;SBT / Des / SPM / SPC / VPa;Sir / TBT;Igarassu;PE
18/10/2025 08:32:53;18/10/2025 08:32:54;SIM;682540,0;12858h 43m;541;-9;-;-;-;-;N/A;N/A;N/A;N/A;N/A;N/A;NAO;NAO;" ";" ";-;SBT / Des / SPM / SPC / VPa;Sir / TBT;Igarassu;PE
18/10/2025 08:32:41;18/10/2025 08:32:42;SIM;682540,0;12858h 43m;565;-9;-;-;-;-;N/A;N/A;N/A;N/A;N/A;N/A;NAO;NAO;" ";" ";-;SBT / Des / SPM / SPC / VPa;Sir / TBT;Igarassu;PE
18/10/2025 08:32:37;18/10/2025 08:32:37;SIM;682540,0;12858h 43m;564;-9;-;-;-;-;N/A;N/A;N/A;N/A;N/A;N/A;NAO;NAO;" ";" ";-;SBT / Des / SPM / SPC / VPa;Sir / TBT;Igarassu;PE
18/10/2025 08:32:00;18/10/2025 08:32:01;SIM;682540,0;12858h 42m;565;-9;-;-;-;-;N/A;N/A;N/A;N/A;N/A;N/A;NAO;NAO;" ";" ";-;SBT / Des / SPM / SPC / VPa;Sir / TBT;Igarassu;PE
18/10/2025 08:31:35;18/10/2025 08:31:37;SIM;682540,0;12858h 42m;565;-10;-;-;-;-;N/A;N/A;N/A;N/A;N/A;N/A;NAO;NAO;" ";" ";-;SBT / Des / SPM / SPC / VPa;Sir / TBT;Igarassu;PE
18/10/2025 08:31:16;18/10/2025 08:31:17;SIM;682540,0;12858h 41m;564;-10;-;-;-;-;N/A;N/A;N/A;N/A;N/A;N/A;NAO;NAO;" ";" ";-;SBT / Des / SPM / SPC / VPa;Sir / TBT;Igarassu;PE
18/10/2025 08:30:47;18/10/2025 08:30:48;SIM;682540,0;12858h 41m;564;-11;-;-;-;-;N/A;N/A;N/A;N/A;N/A;N/A;NAO;NAO;" ";" ";-;SBT / Des / SPM / SPC / VPa;Sir / TBT;Igarassu;PE
18/10/2025 08:29:16;18/10/2025 08:29:17;SIM;682540,0;12858h 39m;563;-13;-;-;-;-;N/A;N/A;N/A;N/A;N/A;N/A;NAO;NAO;" ";" ";-;SBT / Des / SPM / SPC / VPa;Sir / TBT;Igarassu;PE
18/10/2025 08:29:12;18/10/2025 08:29:13;SIM;682540,0;12858h 39m;565;-13;-;-;-;-;N/A;N/A;N/A;N/A;N/A;N/A;NAO;NAO;" ";" ";-;SBT / Des / SPM / SPC / VPa;Sir / TBT;Igarassu;PE
18/10/2025 08:28:56;18/10/2025 08:28:57;SIM;682540,0;12858h 39m;564;-13;-;-;-;-;N/A;N/A;N/A;N/A;N/A;N/A;NAO;NAO;" ";" ";-;SBT / Des / SPM / SPC / VPa;Sir / TBT;Igarassu;PE
18/10/2025 08:27:43;18/10/2025 08:27:45;SIM;682539,7;12858h 38m;1292;-14;-;-;-;-;N/A;N/A;N/A;N/A;N/A;N/A;NAO;NAO;" ";" ";-;SBT / Des / SPM / SPC / VPa;Sir / TBT;Igarassu;PE
18/10/2025 08:23:29;18/10/2025 08:23:30;SIM;682537,7;12858h 34m;1121;-14;-;-;-;-;N/A;N/A;N/A;N/A;N/A;N/A;NAO;NAO;" ";" ";-;SBT / Des / SPM / SPC / VPa;Sir / TBT;Igarassu;PE
18/10/2025 08:19:16;18/10/2025 08:19:17;SIM;682534,7;12858h 29m;1157;-9;-;-;-;-;N/A;N/A;N/A;N/A;N/A;N/A;NAO;NAO;" ";" ";-;SBT / Des / SPM / SPC / VPa;Sir / TBT;Abreu e Lima;PE
18/10/2025 08:15:09;18/10/2025 08:15:13;SIM;682533,1;12858h 25m;1253;-13;-;-;-;-;N/A;N/A;N/A;N/A;N/A;N/A;NAO;NAO;" ";" ";-;SBT / Des / SPM / SPC / VPa;Sir / TBT;Paulista;PE
18/10/2025 08:14:53;18/10/2025 08:14:54;SIM;682532,9;12858h 25m;1001;-14;-;-;-;-;N/A;N/A;N/A;N/A;N/A;N/A;NAO;NAO;" ";" ";-;SBT / Des / SPM / SPC / VPa;Sir / TBT;Paulista;PE
18/10/2025 08:14:37;18/10/2025 08:14:39;SIM;682532,7;12858h 25m;880;-14;-;-;-;-;N/A;N/A;N/A;N/A;N/A;N/A;NAO;NAO;" ";" ";-;SBT / Des / SPM / SPC / VPa;Sir / TBT;Paulista;PE
18/10/2025 08:11:13;18/10/2025 08:11:14;SIM;682528,9;12858h 21m;1877;-14;-;-;-;-;N/A;N/A;N/A;N/A;N/A;N/A;NAO;NAO;" ";" ";-;SBT / Des / SPM / SPC / VPa;Sir / TBT;Paulista;PE
18/10/2025 08:11:05;18/10/2025 08:11:06;SIM;682528,7;12858h 21m;1877;-15;-;-;-;-;N/A;N/A;N/A;N/A;N/A;N/A;NAO;NAO;" ";" ";-;SBT / Des / SPM / SPC / VPa;Sir / TBT;Paulista;PE
18/10/2025 08:10:35;18/10/2025 08:10:37;SIM;682528,1;12858h 21m;1156;-14;-;-;-;-;N/A;N/A;N/A;N/A;N/A;N/A;NAO;NAO;" ";" ";-;SBT / Des / SPM / SPC / VPa;Sir / TBT;Recife;PE
18/10/2025 08:10:34;18/10/2025 08:10:36;SIM;682528,1;12858h 21m;1156;-14;-;-;-;-;N/A;N/A;N/A;N/A;N/A;N/A;NAO;NAO;" ";" ";-;SBT / Des / SPM / SPC / VPa;Sir / TBT;Recife;PE
18/10/2025 08:06:21;18/10/2025 08:06:22;SIM;682524,2;12858h 17m;1191;-11;-;-;-;-;N/A;N/A;N/A;N/A;N/A;N/A;NAO;NAO;" ";" ";-;SBT / Des / SPM / SPC / VPa;Sir / TBT;Recife;PE
18/10/2025 08:05:53;18/10/2025 08:05:54;SIM;682523,8;12858h 16m;949;-13;-;-;-;-;N/A;N/A;N/A;N/A;N/A;N/A;NAO;NAO;" ";" ";-;SBT / Des / SPM / SPC / VPa;Sir / TBT;Recife;PE
18/10/2025 08:03:47;18/10/2025 08:03:48;SIM;682522,3;12858h 14m;1094;-14;-;-;-;-;N/A;N/A;N/A;N/A;N/A;N/A;NAO;NAO;" ";" ";-;SBT / Des / SPM / SPC / VPa;Sir / TBT;Recife;PE
18/10/2025 08:02:58;18/10/2025 08:02:58;SIM;682521,4;12858h 13m;1121;-14;-;-;-;-;N/A;N/A;N/A;N/A;N/A;N/A;NAO;NAO;" ";" ";-;SBT / Des / SPM / SPC / VPa;Sir / TBT;Recife;PE
18/10/2025 08:01:08;18/10/2025 08:01:09;SIM;682519,5;12858h 11m;1183;-15;-;-;-;-;N/A;N/A;N/A;N/A;N/A;N/A;NAO;NAO;" ";" ";-;SBT / Des / SPM / SPC / VPa;Sir / TBT;Recife;PE
18/10/2025 08:01:05;18/10/2025 08:01:06;SIM;682519,5;12858h 11m;1210;-15;-;-;-;-;N/A;N/A;N/A;N/A;N/A;N/A;NAO;NAO;" ";" ";-;SBT / Des / SPM / SPC / VPa;Sir / TBT;Recife;PE
18/10/2025 07:59:08;18/10/2025 07:59:09;SIM;682517,5;12858h 9m;1233;-15;-;-;-;-;N/A;N/A;N/A;N/A;N/A;N/A;NAO;NAO;" ";" ";-;SBT / Des / SPM / SPC / VPa;Sir / TBT;Recife;PE
18/10/2025 07:54:55;18/10/2025 07:54:56;SIM;682513,7;12858h 5m;1287;-9;-;-;-;-;N/A;N/A;N/A;N/A;N/A;N/A;NAO;NAO;" ";" ";-;SBT / Des / SPM / SPC / VPa;Sir / TBT;Recife;PE
18/10/2025 07:50:50;18/10/2025 07:50:51;SIM;682510,1;12858h 1m;1259;-13;-;-;-;-;N/A;N/A;N/A;N/A;N/A;N/A;NAO;NAO;" ";" ";-;SBT / Des / SPM / SPC / VPa;Sir / TBT;Recife;PE
18/10/2025 07:47:48;18/10/2025 07:47:49;SIM;682507,7;12857h 58m;1073;-15;-;-;-;-;N/A;N/A;N/A;N/A;N/A;N/A;NAO;NAO;" ";" ";-;SBT / Des / SPM / SPC / VPa;Sir / TBT;Recife;PE
18/10/2025 07:45:14;18/10/2025 07:45:14;SIM;682505,4;12857h 55m;1232;-13;-;-;-;-;N/A;N/A;N/A;N/A;N/A;N/A;NAO;NAO;" ";" ";-;SBT / Des / SPM / SPC / VPa;Sir / TBT;Recife;PE
18/10/2025 07:44:13;18/10/2025 07:44:14;SIM;682504,8;12857h 54m;1005;-13;-;-;-;-;N/A;N/A;N/A;N/A;N/A;N/A;NAO;NAO;" ";" ";-;SBT / Des / SPM / SPC / VPa;Sir / TBT;Jaboatão dos;PE
18/10/2025 07:43:56;18/10/2025 07:43:57;SIM;682504,5;12857h 54m;1071;-12;-;-;-;-;N/A;N/A;N/A;N/A;N/A;N/A;NAO;NAO;" ";" ";-;SBT / Des / SPM / SPC / VPa;Sir / TBT;Jaboatão dos;PE
18/10/2025 07:41:14;18/10/2025 07:41:15;SIM;682502,7;12857h 51m;1171;-10;-;-;-;-;N/A;N/A;N/A;N/A;N/A;N/A;NAO;NAO;" ";" ";-;SBT / Des / SPM / SPC / VPa;Sir / TBT;Jaboatão dos;PE
18/10/2025 07:40:58;18/10/2025 07:41:08;SIM;682502,7;12857h 51m;886;-10;-;-;-;-;N/A;N/A;N/A;N/A;N/A;N/A;NAO;NAO;" ";" ";-;SBT / Des / SPM / SPC / VPa;Sir / TBT;Jaboatão dos;PE
18/10/2025 07:40:38;18/10/2025 07:41:08;SIM;682502,6;12857h 51m;566;-11;-;-;-;-;N/A;N/A;N/A;N/A;N/A;N/A;NAO;NAO;" ";" ";-;SBT / Des / SPM / SPC / VPa;Sir / TBT;Jaboatão dos;PE
18/10/2025 07:40:16;18/10/2025 07:40:17;SIM;682502,5;12857h 50m;1158;-11;-;-;-;-;N/A;N/A;N/A;N/A;N/A;N/A;NAO;NAO;" ";" ";-;SBT / Des / SPM / SPC / VPa;Sir / TBT;Jaboatão dos;PE
18/10/2025 07:40:01;18/10/2025 07:40:01;SIM;682502,4;12857h 50m;987;-11;-;-;-;-;N/A;N/A;N/A;N/A;N/A;N/A;NAO;NAO;" ";" ";-;SBT / Des / SPM / SPC / VPa;Sir / TBT;Jaboatão dos;PE
18/10/2025 07:39:33;18/10/2025 07:39:34;SIM;682502,1;12857h 50m;1192;-11;-;-;-;-;N/A;N/A;N/A;N/A;N/A;N/A;NAO;NAO;" ";" ";-;SBT / Des / SPM / SPC / VPa;Sir / TBT;Jaboatão dos;PE
18/10/2025 07:39:04;18/10/2025 07:39:05;SIM;682502,0;12857h 49m;1073;-13;-;-;-;-;N/A;N/A;N/A;N/A;N/A;N/A;NAO;NAO;" ";" ";-;SBT / Des / SPM / SPC / VPa;Sir / TBT;Jaboatão dos;PE
18/10/2025 07:37:27;18/10/2025 07:37:28;SIM;682501,9;12857h 48m;1148;-14;-;-;-;-;N/A;N/A;N/A;N/A;N/A;N/A;NAO;NAO;" ";" ";-;SBT / Des / SPM / SPC / VPa;Sir / TBT;Jaboatão dos;PE
18/10/2025 07:36:30;18/10/2025 07:36:31;SIM;682501,8;12857h 47m;558;-14;-;-;-;-;N/A;N/A;N/A;N/A;N/A;N/A;NAO;NAO;" ";" ";-;SBT / Des / SPM / SPC / VPa;Sir / TBT;Jaboatão dos;PE
18/10/2025 07:35:29;18/10/2025 07:35:30;SIM;682501,8;12857h 46m;565;-15;-;-;-;-;N/A;N/A;N/A;N/A;N/A;N/A;NAO;NAO;" ";" ";-;SBT / Des / SPM / SPC / VPa;Sir / TBT;Jaboatão dos;PE
18/10/2025 07:34:07;18/10/2025 07:34:08;SIM;682501,8;12857h 44m;566;-15;-;-;-;-;N/A;N/A;N/A;N/A;N/A;N/A;NAO;NAO;" ";" ";-;SBT / Des / SPM / SPC / VPa;Sir / TBT;Jaboatão dos;PE
18/10/2025 07:32:28;18/10/2025 07:32:29;SIM;682501,8;12857h 43m;551;-14;-;-;-;-;N/A;N/A;N/A;N/A;N/A;N/A;NAO;NAO;" ";" ";-;SBT / Des / SPM / SPC / VPa;Sir / TBT;Jaboatão dos;PE
18/10/2025 07:32:10;18/10/2025 07:32:11;SIM;682501,8;12857h 42m;566;-14;-;-;-;-;N/A;N/A;N/A;N/A;N/A;N/A;NAO;NAO;" ";" ";-;SBT / Des / SPM / SPC / VPa;Sir / TBT;Jaboatão dos;PE
18/10/2025 07:30:06;18/10/2025 07:30:07;SIM;682501,8;12857h 40m;564;-11;-;-;-;-;N/A;N/A;N/A;N/A;N/A;N/A;NAO;NAO;" ";" ";-;SBT / Des / SPM / SPC / VPa;Sir / TBT;Jaboatão dos;PE
18/10/2025 07:29:53;18/10/2025 07:29:55;SIM;682501,8;12857h 40m;565;-11;-;-;-;-;N/A;N/A;N/A;N/A;N/A;N/A;NAO;NAO;" ";" ";-;SBT / Des / SPM / SPC / VPa;Sir / TBT;Jaboatão dos;PE
18/10/2025 07:29:40;18/10/2025 07:29:41;SIM;682501,8;12857h 40m;563;-11;-;-;-;-;N/A;N/A;N/A;N/A;N/A;N/A;NAO;NAO;" ";" ";-;SBT / Des / SPM / SPC / VPa;Sir / TBT;Jaboatão dos;PE
18/10/2025 07:27:27;18/10/2025 07:27:28;SIM;682501,6;12857h 38m;570;-10;-;-;-;-;N/A;N/A;N/A;N/A;N/A;N/A;NAO;NAO;" ";" ";-;SBT / Des / SPM / SPC / VPa;Sir / TBT;Jaboatão dos;PE
18/10/2025 07:27:21;18/10/2025 07:27:20;SIM;682501,6;12857h 38m;565;-10;-;-;-;-;N/A;N/A;N/A;N/A;N/A;N/A;NAO;NAO;" ";" ";-;SBT / Des / SPM / SPC / VPa;Sir / TBT;Jaboatão dos;PE
18/10/2025 07:27:08;18/10/2025 07:27:08;SIM;682501,6;12857h 37m;565;-10;-;-;-;-;N/A;N/A;N/A;N/A;N/A;N/A;NAO;NAO;" ";" ";-;SBT / VPa;-;Jaboatão dos;PE
18/10/2025 07:26:35;18/10/2025 07:26:36;SIM;682501,6;12857h 37m;565;-10;-;-;-;-;N/A;N/A;N/A;N/A;N/A;N/A;NAO;NAO;" ";" ";-;SBT;-;Jaboatão dos;PE
18/10/2025 07:26:16;18/10/2025 07:26:16;SIM;682501,6;12857h 37m;566;-10;-;-;-;-;N/A;N/A;N/A;N/A;N/A;N/A;NAO;NAO;" ";" ";-;SBT;-;Jaboatão dos;PE
18/10/2025 07:26:13;18/10/2025 07:26:14;SIM;682501,6;12857h 37m;566;-10;-;-;-;-;N/A;N/A;N/A;N/A;N/A;N/A;NAO;NAO;" ";" ";-;SBT;-;Jaboatão dos;PE
18/10/2025 07:26:00;18/10/2025 07:26:01;SIM;682501,6;12857h 36m;565;-11;-;-;-;-;N/A;N/A;N/A;N/A;N/A;N/A;NAO;NAO;" ";" ";-;SBT;-;Jaboatão dos;PE
18/10/2025 07:25:42;18/10/2025 07:25:43;SIM;682501,6;12857h 36m;565;-11;-;-;-;-;N/A;N/A;N/A;N/A;N/A;N/A;NAO;NAO;" ";" ";-;SBT;-;Jaboatão dos;PE
18/10/2025 07:23:35;18/10/2025 07:23:36;SIM;682501,6;12857h 34m;0;-13;-;-;-;-;N/A;N/A;N/A;N/A;N/A;N/A;NAO;NAO;" ";" ";-;SBT;-;Jaboatão dos;PE
18/10/2025 07:23:32;18/10/2025 07:23:33;NAO;682501,6;12857h 34m;0;-13;-;-;-;-;N/A;N/A;N/A;N/A;N/A;N/A;NAO;NAO;" ";" ";-;SBT;-;Jaboatão dos;PE
18/10/2025 07:23:10;18/10/2025 07:23:11;NAO;682501,6;12857h 34m;0;-14;-;-;-;-;N/A;N/A;N/A;N/A;N/A;N/A;NAO;NAO;" ";" ";-;SBT;-;Jaboatão dos;PE
18/10/2025 07:19:36;18/10/2025 07:19:41;NAO;682501,6;12857h 34m;0;-9;-;-;-;-;N/A;N/A;N/A;N/A;N/A;N/A;NAO;NAO;" ";" ";-;SBT;-;Jaboatão dos;PE
18/10/2025 07:15:36;18/10/2025 07:15:38;NAO;682501,6;12857h 34m;0;-9;-;-;-;-;N/A;N/A;N/A;N/A;N/A;N/A;NAO;NAO;" ";" ";-;SBT;-;Jaboatão dos;PE
18/10/2025 07:13:31;18/10/2025 07:13:31;NAO;682501,6;12857h 34m;0;-9;-;-;-;-;N/A;N/A;N/A;N/A;N/A;N/A;NAO;NAO;" ";" ";-;SBT;-;Jaboatão dos;PE
18/10/2025 07:11:39;18/10/2025 07:11:41;NAO;682501,6;12857h 34m;0;-10;-;-;-;-;N/A;N/A;N/A;N/A;N/A;N/A;NAO;NAO;" ";" ";-;SBT;-;Jaboatão dos;PE
18/10/2025 07:11:37;18/10/2025 07:11:38;NAO;682501,6;12857h 34m;0;-10;-;-;-;-;N/A;N/A;N/A;N/A;N/A;N/A;NAO;NAO;" ";" ";-;SBT;-;Jaboatão dos;PE
18/10/2025 07:10:51;18/10/2025 07:10:52;SIM;682501,6;12857h 33m;0;-10;-;-;-;-;N/A;N/A;N/A;N/A;N/A;N/A;NAO;NAO;" ";" ";-;SBT;-;Jaboatão dos;PE
18/10/2025 07:09:31;18/10/2025 07:09:33;NAO;682501,6;12857h 33m;0;-11;-;-;-;-;N/A;N/A;N/A;N/A;N/A;N/A;NAO;NAO;" ";" ";-;SBT;-;Jaboatão dos;PE
18/10/2025 07:09:29;18/10/2025 07:09:30;NAO;682501,6;12857h 33m;566;-11;-;-;-;-;N/A;N/A;N/A;N/A;N/A;N/A;NAO;NAO;" ";" ";-;SBT;-;Jaboatão dos;PE
18/10/2025 07:08:03;18/10/2025 07:08:04;SIM;682501,4;12857h 32m;961;-13;-;-;-;-;N/A;N/A;N/A;N/A;N/A;N/A;NAO;NAO;" ";" ";-;SBT;-;Jaboatão dos;PE
18/10/2025 07:07:48;18/10/2025 07:07:49;SIM;682501,4;12857h 31m;960;-14;-;-;-;-;N/A;N/A;N/A;N/A;N/A;N/A;NAO;NAO;" ";" ";-;SBT;-;Jaboatão dos;PE
18/10/2025 07:05:22;18/10/2025 07:05:23;SIM;682501,1;12857h 29m;973;-11;-;-;-;-;N/A;N/A;N/A;N/A;N/A;N/A;NAO;NAO;" ";" ";-;SBT;-;Jaboatão dos;PE
18/10/2025 07:05:07;18/10/2025 07:05:08;SIM;682501,0;12857h 29m;925;-11;-;-;-;-;N/A;N/A;N/A;N/A;N/A;N/A;NAO;NAO;" ";" ";-;SBT;-;Jaboatão dos;PE
18/10/2025 07:04:22;18/10/2025 07:04:23;SIM;682500,9;12857h 28m;1160;-11;-;-;-;-;N/A;N/A;N/A;N/A;N/A;N/A;NAO;NAO;" ";" ";-;SBT;-;Jaboatão dos;PE
18/10/2025 07:04:06;18/10/2025 07:04:07;SIM;682500,8;12857h 28m;1023;-9;-;-;-;-;N/A;N/A;N/A;N/A;N/A;N/A;NAO;NAO;" ";" ";-;SBT;-;Jaboatão dos;PE
18/10/2025 07:03:30;18/10/2025 07:03:31;SIM;682500,8;12857h 27m;1086;-9;-;-;-;-;N/A;N/A;N/A;N/A;N/A;N/A;NAO;NAO;" ";" ";-;SBT;-;Jaboatão dos;PE
18/10/2025 07:02:16;18/10/2025 07:02:17;SIM;682500,8;12857h 26m;748;-9;-;-;-;-;N/A;N/A;N/A;N/A;N/A;N/A;NAO;NAO;" ";" ";-;SBT;-;Jaboatão dos;PE
18/10/2025 06:59:58;18/10/2025 07:00:01;SIM;682500,8;12857h 24m;0;-9;-;-;-;-;N/A;N/A;N/A;N/A;N/A;N/A;NAO;NAO;" ";" ";-;SBT;-;Jaboatão dos;PE
18/10/2025 06:59:16;18/10/2025 06:59:17;SIM;682500,8;12857h 23m;0;-9;-;-;-;-;N/A;N/A;N/A;N/A;N/A;N/A;NAO;NAO;" ";" ";-;SBT;-;Jaboatão dos;PE
18/10/2025 06:57:56;18/10/2025 06:57:58;NAO;682500,8;12857h 23m;0;-9;-;-;-;-;N/A;N/A;N/A;N/A;N/A;N/A;NAO;NAO;" ";" ";-;SBT;-;Jaboatão dos;PE
18/10/2025 06:53:56;18/10/2025 06:53:57;NAO;682500,8;12857h 23m;0;-13;-;-;-;-;N/A;N/A;N/A;N/A;N/A;N/A;NAO;NAO;" ";" ";-;SBT;-;Jaboatão dos;PE
18/10/2025 06:49:56;18/10/2025 06:49:57;NAO;682500,8;12857h 23m;0;-11;-;-;-;-;N/A;N/A;N/A;N/A;N/A;N/A;NAO;NAO;" ";" ";-;SBT;-;Jaboatão dos;PE
18/10/2025 06:45:56;18/10/2025 06:45:57;NAO;682500,8;12857h 23m;0;-9;-;-;-;-;N/A;N/A;N/A;N/A;N/A;N/A;NAO;NAO;" ";" ";-;SBT;-;Jaboatão dos;PE
18/10/2025 06:41:56;18/10/2025 06:41:57;NAO;682500,8;12857h 23m;0;-9;-;-;-;-;N/A;N/A;N/A;N/A;N/A;N/A;NAO;NAO;" ";" ";-;SBT;-;Jaboatão dos;PE
18/10/2025 06:37:56;18/10/2025 06:37:58;NAO;682500,8;12857h 23m;0;-13;-;-;-;-;N/A;N/A;N/A;N/A;N/A;N/A;NAO;NAO;" ";" ";-;SBT;-;Jaboatão dos;PE
18/10/2025 06:33:56;18/10/2025 06:33:57;NAO;682500,8;12857h 23m;0;-10;-;-;-;-;N/A;N/A;N/A;N/A;N/A;N/A;NAO;NAO;" ";" ";-;SBT;-;Jaboatão dos;PE
18/10/2025 06:29:56;18/10/2025 06:29:58;NAO;682500,8;12857h 23m;0;-9;-;-;-;-;N/A;N/A;N/A;N/A;N/A;N/A;NAO;NAO;" ";" ";-;SBT;-;Jaboatão dos;PE
18/10/2025 06:25:56;18/10/2025 06:25:58;NAO;682500,8;12857h 23m;0;-10;-;-;-;-;N/A;N/A;N/A;N/A;N/A;N/A;NAO;NAO;" ";" ";-;SBT;-;Jaboatão dos;PE
18/10/2025 06:21:56;18/10/2025 06:21:57;NAO;682500,8;12857h 23m;0;-13;-;-;-;-;N/A;N/A;N/A;N/A;N/A;N/A;NAO;NAO;" ";" ";-;SBT;-;Jaboatão dos;PE
18/10/2025 06:17:56;18/10/2025 06:17:58;NAO;682500,8;12857h 23m;0;-10;-;-;-;-;N/A;N/A;N/A;N/A;N/A;N/A;NAO;NAO;" ";" ";-;SBT;-;Jaboatão dos;PE
18/10/2025 06:13:56;18/10/2025 06:13:58;NAO;682500,8;12857h 23m;0;-9;-;-;-;-;N/A;N/A;N/A;N/A;N/A;N/A;NAO;NAO;" ";" ";-;SBT;-;Jaboatão dos;PE
18/10/2025 06:09:56;18/10/2025 06:09:57;NAO;682500,8;12857h 23m;0;-10;-;-;-;-;N/A;N/A;N/A;N/A;N/A;N/A;NAO;NAO;" ";" ";-;SBT;-;Jaboatão dos;PE
18/10/2025 06:05:56;18/10/2025 06:05:57;NAO;682500,8;12857h 23m;0;-13;-;-;-;-;N/A;N/A;N/A;N/A;N/A;N/A;NAO;NAO;" ";" ";-;SBT;-;Jaboatão dos;PE
18/10/2025 06:01:56;18/10/2025 06:01:57;NAO;682500,8;12857h 23m;0;-9;-;-;-;-;N/A;N/A;N/A;N/A;N/A;N/A;NAO;NAO;" ";" ";-;SBT;-;Jaboatão dos;PE
18/10/2025 05:57:56;18/10/2025 05:57:57;NAO;682500,8;12857h 23m;0;-9;-;-;-;-;N/A;N/A;N/A;N/A;N/A;N/A;NAO;NAO;" ";" ";-;SBT;-;Jaboatão dos;PE
18/10/2025 05:53:56;18/10/2025 05:53:57;NAO;682500,8;12857h 23m;0;-10;-;-;-;-;N/A;N/A;N/A;N/A;N/A;N/A;NAO;NAO;" ";" ";-;SBT;-;Jaboatão dos;PE
18/10/2025 05:49:56;18/10/2025 05:49:57;NAO;682500,8;12857h 23m;0;-14;-;-;-;-;N/A;N/A;N/A;N/A;N/A;N/A;NAO;NAO;" ";" ";-;SBT;-;Jaboatão dos;PE
18/10/2025 05:45:56;18/10/2025 05:45:57;NAO;682500,8;12857h 23m;0;-9;-;-;-;-;N/A;N/A;N/A;N/A;N/A;N/A;NAO;NAO;" ";" ";-;SBT;-;Jaboatão dos;PE
18/10/2025 05:41:56;18/10/2025 05:41:57;NAO;682500,8;12857h 23m;0;-9;-;-;-;-;N/A;N/A;N/A;N/A;N/A;N/A;NAO;NAO;" ";" ";-;SBT;-;Jaboatão dos;PE
18/10/2025 05:37:56;18/10/2025 05:37:57;NAO;682500,8;12857h 23m;0;-10;-;-;-;-;N/A;N/A;N/A;N/A;N/A;N/A;NAO;NAO;" ";" ";-;SBT;-;Jaboatão dos;PE
18/10/2025 05:33:56;18/10/2025 05:33:57;NAO;682500,8;12857h 23m;0;-14;-;-;-;-;N/A;N/A;N/A;N/A;N/A;N/A;NAO;NAO;" ";" ";-;SBT;-;Jaboatão dos;PE
18/10/2025 05:29:56;18/10/2025 05:29:57;NAO;682500,8;12857h 23m;0;-9;-;-;-;-;N/A;N/A;N/A;N/A;N/A;N/A;NAO;NAO;" ";" ";-;SBT;-;Jaboatão dos;PE
18/10/2025 05:25:56;18/10/2025 05:25:57;NAO;682500,8;12857h 23m;0;-8;-;-;-;-;N/A;N/A;N/A;N/A;N/A;N/A;NAO;NAO;" ";" ";-;SBT;-;Jaboatão dos;PE
18/10/2025 05:21:56;18/10/2025 05:21:57;NAO;682500,8;12857h 23m;0;-10;-;-;-;-;N/A;N/A;N/A;N/A;N/A;N/A;NAO;NAO;" ";" ";-;SBT;-;Jaboatão dos;PE
18/10/2025 05:17:56;18/10/2025 05:17:57;NAO;682500,8;12857h 23m;0;-14;-;-;-;-;N/A;N/A;N/A;N/A;N/A;N/A;NAO;NAO;" ";" ";-;SBT;-;Jaboatão dos;PE
18/10/2025 05:13:56;18/10/2025 05:13:57;NAO;682500,8;12857h 23m;0;-9;-;-;-;-;N/A;N/A;N/A;N/A;N/A;N/A;NAO;NAO;" ";" ";-;SBT;-;Jaboatão dos;PE
18/10/2025 05:09:56;18/10/2025 05:09:57;NAO;682500,8;12857h 23m;0;-8;-;-;-;-;N/A;N/A;N/A;N/A;N/A;N/A;NAO;NAO;" ";" ";-;SBT;-;Jaboatão dos;PE
18/10/2025 05:05:56;18/10/2025 05:05:57;NAO;682500,8;12857h 23m;0;-10;-;-;-;-;N/A;N/A;N/A;N/A;N/A;N/A;NAO;NAO;" ";" ";-;SBT;-;Jaboatão dos;PE
18/10/2025 05:01:56;18/10/2025 05:01:57;NAO;682500,8;12857h 23m;0;-13;-;-;-;-;N/A;N/A;N/A;N/A;N/A;N/A;NAO;NAO;" ";" ";-;SBT;-;Jaboatão dos;PE
18/10/2025 04:57:56;18/10/2025 04:57:57;NAO;682500,8;12857h 23m;0;-9;-;-;-;-;N/A;N/A;N/A;N/A;N/A;N/A;NAO;NAO;" ";" ";-;SBT;-;Jaboatão dos;PE
18/10/2025 04:53:56;18/10/2025 04:53:57;NAO;682500,8;12857h 23m;0;-8;-;-;-;-;N/A;N/A;N/A;N/A;N/A;N/A;NAO;NAO;" ";" ";-;SBT;-;Jaboatão dos;PE
18/10/2025 04:49:56;18/10/2025 04:49:57;NAO;682500,8;12857h 23m;0;-10;-;-;-;-;N/A;N/A;N/A;N/A;N/A;N/A;NAO;NAO;" ";" ";-;SBT;-;Jaboatão dos;PE
18/10/2025 04:45:56;18/10/2025 04:45:57;NAO;682500,8;12857h 23m;0;-14;-;-;-;-;N/A;N/A;N/A;N/A;N/A;N/A;NAO;NAO;" ";" ";-;SBT;-;Jaboatão dos;PE
18/10/2025 04:41:56;18/10/2025 04:41:57;NAO;682500,8;12857h 23m;0;-8;-;-;-;-;N/A;N/A;N/A;N/A;N/A;N/A;NAO;NAO;" ";" ";-;SBT;-;Jaboatão dos;PE
18/10/2025 04:37:56;18/10/2025 04:37:57;NAO;682500,8;12857h 23m;0;-9;-;-;-;-;N/A;N/A;N/A;N/A;N/A;N/A;NAO;NAO;" ";" ";-;SBT;-;Jaboatão dos;PE
18/10/2025 04:33:56;18/10/2025 04:33:57;NAO;682500,8;12857h 23m;0;-10;-;-;-;-;N/A;N/A;N/A;N/A;N/A;N/A;NAO;NAO;" ";" ";-;SBT;-;Jaboatão dos;PE
18/10/2025 04:29:56;18/10/2025 04:29:57;NAO;682500,8;12857h 23m;0;-14;-;-;-;-;N/A;N/A;N/A;N/A;N/A;N/A;NAO;NAO;" ";" ";-;SBT;-;Jaboatão dos;PE
18/10/2025 04:25:56;18/10/2025 04:25:57;NAO;682500,8;12857h 23m;0;-7;-;-;-;-;N/A;N/A;N/A;N/A;N/A;N/A;NAO;NAO;" ";" ";-;SBT;-;Jaboatão dos;PE
18/10/2025 04:21:56;18/10/2025 04:22:58;NAO;682500,8;12857h 23m;0;-9;-;-;-;-;N/A;N/A;N/A;N/A;N/A;N/A;SIM;NAO;" ";" ";-;SBT;-;Jaboatão dos;PE
18/10/2025 04:17:56;18/10/2025 04:17:57;NAO;682500,8;12857h 23m;0;-11;-;-;-;-;N/A;N/A;N/A;N/A;N/A;N/A;NAO;NAO;" ";" ";-;SBT;-;Jaboatão dos;PE
18/10/2025 04:13:56;18/10/2025 04:13:57;NAO;682500,8;12857h 23m;0;-13;-;-;-;-;N/A;N/A;N/A;N/A;N/A;N/A;NAO;NAO;" ";" ";-;SBT;-;Jaboatão dos;PE
18/10/2025 04:09:56;18/10/2025 04:09:57;NAO;682500,8;12857h 23m;0;-7;-;-;-;-;N/A;N/A;N/A;N/A;N/A;N/A;NAO;NAO;" ";" ";-;SBT;-;Jaboatão dos;PE
18/10/2025 04:05:56;18/10/2025 04:05:57;NAO;682500,8;12857h 23m;0;-9;-;-;-;-;N/A;N/A;N/A;N/A;N/A;N/A;NAO;NAO;" ";" ";-;SBT;-;Jaboatão dos;PE
18/10/2025 04:01:56;18/10/2025 04:01:58;NAO;682500,8;12857h 23m;0;-11;-;-;-;-;N/A;N/A;N/A;N/A;N/A;N/A;NAO;NAO;" ";" ";-;SBT;-;Jaboatão dos;PE
18/10/2025 03:57:56;18/10/2025 03:57:57;NAO;682500,8;12857h 23m;0;-13;-;-;-;-;N/A;N/A;N/A;N/A;N/A;N/A;NAO;NAO;" ";" ";-;SBT;-;Jaboatão dos;PE
18/10/2025 03:53:56;18/10/2025 03:53:57;NAO;682500,8;12857h 23m;0;-7;-;-;-;-;N/A;N/A;N/A;N/A;N/A;N/A;NAO;NAO;" ";" ";-;SBT;-;Jaboatão dos;PE
18/10/2025 03:49:56;18/10/2025 03:50:13;NAO;682500,8;12857h 23m;0;-9;-;-;-;-;N/A;N/A;N/A;N/A;N/A;N/A;NAO;NAO;" ";" ";-;SBT;-;Jaboatão dos;PE
18/10/2025 03:45:56;18/10/2025 03:45:58;NAO;682500,8;12857h 23m;0;-11;-;-;-;-;N/A;N/A;N/A;N/A;N/A;N/A;NAO;NAO;" ";" ";-;SBT;-;Jaboatão dos;PE
18/10/2025 03:41:56;18/10/2025 03:41:58;NAO;682500,8;12857h 23m;0;-11;-;-;-;-;N/A;N/A;N/A;N/A;N/A;N/A;NAO;NAO;" ";" ";-;SBT;-;Jaboatão dos;PE
18/10/2025 03:37:56;18/10/2025 03:37:58;NAO;682500,8;12857h 23m;0;-9;-;-;-;-;N/A;N/A;N/A;N/A;N/A;N/A;NAO;NAO;" ";" ";-;SBT;-;Jaboatão dos;PE
18/10/2025 03:33:56;18/10/2025 03:33:58;NAO;682500,8;12857h 23m;0;-9;-;-;-;-;N/A;N/A;N/A;N/A;N/A;N/A;NAO;NAO;" ";" ";-;SBT;-;Jaboatão dos;PE
18/10/2025 03:29:56;18/10/2025 03:29:58;NAO;682500,8;12857h 23m;0;-13;-;-;-;-;N/A;N/A;N/A;N/A;N/A;N/A;NAO;NAO;" ";" ";-;SBT;-;Jaboatão dos;PE
18/10/2025 03:25:56;18/10/2025 03:25:58;NAO;682500,8;12857h 23m;0;-10;-;-;-;-;N/A;N/A;N/A;N/A;N/A;N/A;NAO;NAO;" ";" ";-;SBT;-;Jaboatão dos;PE
18/10/2025 03:21:56;18/10/2025 03:21:58;NAO;682500,8;12857h 23m;0;-8;-;-;-;-;N/A;N/A;N/A;N/A;N/A;N/A;NAO;NAO;" ";" ";-;SBT;-;Jaboatão dos;PE
18/10/2025 03:17:56;18/10/2025 03:17:58;NAO;682500,8;12857h 23m;0;-10;-;-;-;-;N/A;N/A;N/A;N/A;N/A;N/A;NAO;NAO;" ";" ";-;SBT;-;Jaboatão dos;PE
18/10/2025 03:13:56;18/10/2025 03:13:58;NAO;682500,8;12857h 23m;0;-12;-;-;-;-;N/A;N/A;N/A;N/A;N/A;N/A;NAO;NAO;" ";" ";-;SBT;-;Jaboatão dos;PE
18/10/2025 03:09:56;18/10/2025 03:09:57;NAO;682500,8;12857h 23m;0;-9;-;-;-;-;N/A;N/A;N/A;N/A;N/A;N/A;NAO;NAO;" ";" ";-;SBT;-;Jaboatão dos;PE
18/10/2025 03:05:56;18/10/2025 03:05:57;NAO;682500,8;12857h 23m;0;-9;-;-;-;-;N/A;N/A;N/A;N/A;N/A;N/A;NAO;NAO;" ";" ";-;SBT;-;Jaboatão dos;PE
18/10/2025 03:01:56;18/10/2025 03:01:57;NAO;682500,8;12857h 23m;0;-10;-;-;-;-;N/A;N/A;N/A;N/A;N/A;N/A;NAO;NAO;" ";" ";-;SBT;-;Jaboatão dos;PE
18/10/2025 02:57:56;18/10/2025 02:57:57;NAO;682500,8;12857h 23m;0;-12;-;-;-;-;N/A;N/A;N/A;N/A;N/A;N/A;NAO;NAO;" ";" ";-;SBT;-;Jaboatão dos;PE
18/10/2025 02:53:56;18/10/2025 02:53:57;NAO;682500,8;12857h 23m;0;-8;-;-;-;-;N/A;N/A;N/A;N/A;N/A;N/A;NAO;NAO;" ";" ";-;SBT;-;Jaboatão dos;PE
18/10/2025 02:49:56;18/10/2025 02:49:57;NAO;682500,8;12857h 23m;0;-9;-;-;-;-;N/A;N/A;N/A;N/A;N/A;N/A;NAO;NAO;" ";" ";-;SBT;-;Jaboatão dos;PE
18/10/2025 02:45:56;18/10/2025 02:45:57;NAO;682500,8;12857h 23m;0;-11;-;-;-;-;N/A;N/A;N/A;N/A;N/A;N/A;NAO;NAO;" ";" ";-;SBT;-;Jaboatão dos;PE
18/10/2025 02:41:56;18/10/2025 02:41:57;NAO;682500,8;12857h 23m;0;-13;-;-;-;-;N/A;N/A;N/A;N/A;N/A;N/A;NAO;NAO;" ";" ";-;SBT;-;Jaboatão dos;PE
18/10/2025 02:37:56;18/10/2025 02:37:57;NAO;682500,8;12857h 23m;0;-7;-;-;-;-;N/A;N/A;N/A;N/A;N/A;N/A;NAO;NAO;" ";" ";-;SBT;-;Jaboatão dos;PE
18/10/2025 02:33:56;18/10/2025 02:33:57;NAO;682500,8;12857h 23m;0;-9;-;-;-;-;N/A;N/A;N/A;N/A;N/A;N/A;NAO;NAO;" ";" ";-;SBT;-;Jaboatão dos;PE
18/10/2025 02:29:56;18/10/2025 02:29:57;NAO;682500,8;12857h 23m;0;-11;-;-;-;-;N/A;N/A;N/A;N/A;N/A;N/A;NAO;NAO;" ";" ";-;SBT;-;Jaboatão dos;PE
18/10/2025 02:25:56;18/10/2025 02:25:57;NAO;682500,8;12857h 23m;0;-11;-;-;-;-;N/A;N/A;N/A;N/A;N/A;N/A;NAO;NAO;" ";" ";-;SBT;-;Jaboatão dos;PE
18/10/2025 02:21:56;18/10/2025 02:21:57;NAO;682500,8;12857h 23m;0;-8;-;-;-;-;N/A;N/A;N/A;N/A;N/A;N/A;NAO;NAO;" ";" ";-;SBT;-;Jaboatão dos;PE
18/10/2025 02:17:56;18/10/2025 02:17:57;NAO;682500,8;12857h 23m;0;-9;-;-;-;-;N/A;N/A;N/A;N/A;N/A;N/A;NAO;NAO;" ";" ";-;SBT;-;Jaboatão dos;PE
18/10/2025 02:13:56;18/10/2025 02:13:57;NAO;682500,8;12857h 23m;0;-13;-;-;-;-;N/A;N/A;N/A;N/A;N/A;N/A;NAO;NAO;" ";" ";-;SBT;-;Jaboatão dos;PE
18/10/2025 02:09:56;18/10/2025 02:09:57;NAO;682500,8;12857h 23m;0;-9;-;-;-;-;N/A;N/A;N/A;N/A;N/A;N/A;NAO;NAO;" ";" ";-;SBT;-;Jaboatão dos;PE
18/10/2025 02:05:56;18/10/2025 02:05:57;NAO;682500,8;12857h 23m;0;-9;-;-;-;-;N/A;N/A;N/A;N/A;N/A;N/A;NAO;NAO;" ";" ";-;SBT;-;Jaboatão dos;PE
18/10/2025 02:01:56;18/10/2025 02:01:57;NAO;682500,8;12857h 23m;0;-10;-;-;-;-;N/A;N/A;N/A;N/A;N/A;N/A;NAO;NAO;" ";" ";-;SBT;-;Jaboatão dos;PE
18/10/2025 01:57:56;18/10/2025 01:57:57;NAO;682500,8;12857h 23m;0;-14;-;-;-;-;N/A;N/A;N/A;N/A;N/A;N/A;NAO;NAO;" ";" ";-;SBT;-;Jaboatão dos;PE
18/10/2025 01:53:56;18/10/2025 01:53:57;NAO;682500,8;12857h 23m;0;-7;-;-;-;-;N/A;N/A;N/A;N/A;N/A;N/A;NAO;NAO;" ";" ";-;SBT;-;Jaboatão dos;PE
18/10/2025 01:49:56;18/10/2025 01:49:57;NAO;682500,8;12857h 23m;0;-9;-;-;-;-;N/A;N/A;N/A;N/A;N/A;N/A;NAO;NAO;" ";" ";-;SBT;-;Jaboatão dos;PE
18/10/2025 01:45:56;18/10/2025 01:45:57;NAO;682500,8;12857h 23m;0;-11;-;-;-;-;N/A;N/A;N/A;N/A;N/A;N/A;NAO;NAO;" ";" ";-;SBT;-;Jaboatão dos;PE
18/10/2025 01:41:56;18/10/2025 01:41:57;NAO;682500,8;12857h 23m;0;-11;-;-;-;-;N/A;N/A;N/A;N/A;N/A;N/A;NAO;NAO;" ";" ";-;SBT;-;Jaboatão dos;PE
18/10/2025 01:37:56;18/10/2025 01:37:57;NAO;682500,8;12857h 23m;0;-9;-;-;-;-;N/A;N/A;N/A;N/A;N/A;N/A;NAO;NAO;" ";" ";-;SBT;-;Jaboatão dos;PE
18/10/2025 01:33:56;18/10/2025 01:33:57;NAO;682500,8;12857h 23m;0;-9;-;-;-;-;N/A;N/A;N/A;N/A;N/A;N/A;NAO;NAO;" ";" ";-;SBT;-;Jaboatão dos;PE
18/10/2025 01:29:56;18/10/2025 01:29:57;NAO;682500,8;12857h 23m;0;-12;-;-;-;-;N/A;N/A;N/A;N/A;N/A;N/A;NAO;NAO;" ";" ";-;SBT;-;Jaboatão dos;PE
18/10/2025 01:25:56;18/10/2025 01:25:57;NAO;682500,8;12857h 23m;0;-9;-;-;-;-;N/A;N/A;N/A;N/A;N/A;N/A;NAO;NAO;" ";" ";-;SBT;-;Jaboatão dos;PE
18/10/2025 01:21:56;18/10/2025 01:21:57;NAO;682500,8;12857h 23m;0;-9;-;-;-;-;N/A;N/A;N/A;N/A;N/A;N/A;NAO;NAO;" ";" ";-;SBT;-;Jaboatão dos;PE
18/10/2025 01:17:56;18/10/2025 01:17:57;NAO;682500,8;12857h 23m;0;-10;-;-;-;-;N/A;N/A;N/A;N/A;N/A;N/A;NAO;NAO;" ";" ";-;SBT;-;Jaboatão dos;PE
18/10/2025 01:13:56;18/10/2025 01:13:57;NAO;682500,8;12857h 23m;0;-13;-;-;-;-;N/A;N/A;N/A;N/A;N/A;N/A;NAO;NAO;" ";" ";-;SBT;-;Jaboatão dos;PE
18/10/2025 01:09:56;18/10/2025 01:09:58;NAO;682500,8;12857h 23m;0;-7;-;-;-;-;N/A;N/A;N/A;N/A;N/A;N/A;NAO;NAO;" ";" ";-;SBT;-;Jaboatão dos;PE
18/10/2025 01:05:56;18/10/2025 01:05:58;NAO;682500,8;12857h 23m;0;-9;-;-;-;-;N/A;N/A;N/A;N/A;N/A;N/A;NAO;NAO;" ";" ";-;SBT;-;Jaboatão dos;PE
18/10/2025 01:01:56;18/10/2025 01:01:58;NAO;682500,8;12857h 23m;0;-11;-;-;-;-;N/A;N/A;N/A;N/A;N/A;N/A;NAO;NAO;" ";" ";-;SBT;-;Jaboatão dos;PE
18/10/2025 00:57:56;18/10/2025 00:57:58;NAO;682500,8;12857h 23m;0;-11;-;-;-;-;N/A;N/A;N/A;N/A;N/A;N/A;NAO;NAO;" ";" ";-;SBT;-;Jaboatão dos;PE
18/10/2025 00:53:56;18/10/2025 00:53:58;NAO;682500,8;12857h 23m;0;-9;-;-;-;-;N/A;N/A;N/A;N/A;N/A;N/A;NAO;NAO;" ";" ";-;SBT;-;Jaboatão dos;PE
18/10/2025 00:49:56;18/10/2025 00:49:58;NAO;682500,8;12857h 23m;0;-10;-;-;-;-;N/A;N/A;N/A;N/A;N/A;N/A;NAO;NAO;" ";" ";-;SBT;-;Jaboatão dos;PE
18/10/2025 00:45:56;18/10/2025 00:45:58;NAO;682500,8;12857h 23m;0;-13;-;-;-;-;N/A;N/A;N/A;N/A;N/A;N/A;NAO;NAO;" ";" ";-;SBT;-;Jaboatão dos;PE
18/10/2025 00:41:56;18/10/2025 00:41:58;NAO;682500,8;12857h 23m;0;-8;-;-;-;-;N/A;N/A;N/A;N/A;N/A;N/A;NAO;NAO;" ";" ";-;SBT;-;Jaboatão dos;PE
18/10/2025 00:37:56;18/10/2025 00:37:58;NAO;682500,8;12857h 23m;0;-9;-;-;-;-;N/A;N/A;N/A;N/A;N/A;N/A;NAO;NAO;" ";" ";-;SBT;-;Jaboatão dos;PE
18/10/2025 00:33:56;18/10/2025 00:33:58;NAO;682500,8;12857h 23m;0;-11;-;-;-;-;N/A;N/A;N/A;N/A;N/A;N/A;NAO;NAO;" ";" ";-;SBT;-;Jaboatão dos;PE
18/10/2025 00:29:56;18/10/2025 00:29:58;NAO;682500,8;12857h 23m;0;-10;-;-;-;-;N/A;N/A;N/A;N/A;N/A;N/A;NAO;NAO;" ";" ";-;SBT;-;Jaboatão dos;PE
18/10/2025 00:25:56;18/10/2025 00:25:58;NAO;682500,8;12857h 23m;0;-9;-;-;-;-;N/A;N/A;N/A;N/A;N/A;N/A;NAO;NAO;" ";" ";-;SBT;-;Jaboatão dos;PE
18/10/2025 00:21:56;18/10/2025 00:21:58;NAO;682500,8;12857h 23m;0;-10;-;-;-;-;N/A;N/A;N/A;N/A;N/A;N/A;NAO;NAO;" ";" ";-;SBT;-;Jaboatão dos;PE
18/10/2025 00:17:56;18/10/2025 00:17:59;NAO;682500,8;12857h 23m;0;-13;-;-;-;-;N/A;N/A;N/A;N/A;N/A;N/A;NAO;NAO;" ";" ";-;SBT;-;Jaboatão dos;PE
18/10/2025 00:13:57;18/10/2025 00:13:59;NAO;682500,8;12857h 23m;0;-6;-;-;-;-;N/A;N/A;N/A;N/A;N/A;N/A;NAO;NAO;" ";" ";-;SBT;-;Jaboatão dos;PE
18/10/2025 00:09:56;18/10/2025 00:09:58;NAO;682500,8;12857h 23m;0;-9;-;-;-;-;N/A;N/A;N/A;N/A;N/A;N/A;NAO;NAO;" ";" ";-;SBT;-;Jaboatão dos;PE
18/10/2025 00:05:56;18/10/2025 00:05:58;NAO;682500,8;12857h 23m;0;-13;-;-;-;-;N/A;N/A;N/A;N/A;N/A;N/A;NAO;NAO;" ";" ";-;SBT;-;Jaboatão dos;PE
18/10/2025 00:01:57;18/10/2025 00:01:58;NAO;682500,8;12857h 23m;0;-9;-;-;-;-;N/A;N/A;N/A;N/A;N/A;N/A;NAO;NAO;" ";" ";-;SBT;-;Jaboatão dos;PE
17/10/2025 23:57:57;17/10/2025 23:57:58;NAO;682500,8;12857h 23m;0;-8;-;-;-;-;N/A;N/A;N/A;N/A;N/A;N/A;NAO;NAO;" ";" ";-;SBT;-;Jaboatão dos;PE
17/10/2025 23:53:57;17/10/2025 23:53:57;NAO;682500,8;12857h 23m;0;-10;-;-;-;-;N/A;N/A;N/A;N/A;N/A;N/A;NAO;NAO;" ";" ";-;SBT;-;Jaboatão dos;PE
17/10/2025 23:49:57;17/10/2025 23:49:57;NAO;682500,8;12857h 23m;0;-11;-;-;-;-;N/A;N/A;N/A;N/A;N/A;N/A;NAO;NAO;" ";" ";-;SBT;-;Jaboatão dos;PE
17/10/2025 23:45:57;17/10/2025 23:45:57;NAO;682500,8;12857h 23m;0;-7;-;-;-;-;N/A;N/A;N/A;N/A;N/A;N/A;NAO;NAO;" ";" ";-;SBT;-;Jaboatão dos;PE
17/10/2025 23:41:57;17/10/2025 23:41:57;NAO;682500,8;12857h 23m;0;-10;-;-;-;-;N/A;N/A;N/A;N/A;N/A;N/A;NAO;NAO;" ";" ";-;SBT;-;Jaboatão dos;PE
17/10/2025 23:37:57;17/10/2025 23:38:12;NAO;682500,8;12857h 23m;0;-11;-;-;-;-;N/A;N/A;N/A;N/A;N/A;N/A;NAO;NAO;" ";" ";-;SBT;-;Jaboatão dos;PE
17/10/2025 23:33:57;17/10/2025 23:33:57;NAO;682500,8;12857h 23m;0;-6;-;-;-;-;N/A;N/A;N/A;N/A;N/A;N/A;NAO;NAO;" ";" ";-;SBT;-;Jaboatão dos;PE
17/10/2025 23:29:57;17/10/2025 23:29:57;NAO;682500,8;12857h 23m;0;-9;-;-;-;-;N/A;N/A;N/A;N/A;N/A;N/A;NAO;NAO;" ";" ";-;SBT;-;Jaboatão dos;PE
17/10/2025 23:25:57;17/10/2025 23:25:57;NAO;682500,8;12857h 23m;0;-12;-;-;-;-;N/A;N/A;N/A;N/A;N/A;N/A;NAO;NAO;" ";" ";-;SBT;-;Jaboatão dos;PE
17/10/2025 23:21:57;17/10/2025 23:21:57;NAO;682500,8;12857h 23m;0;-6;-;-;-;-;N/A;N/A;N/A;N/A;N/A;N/A;NAO;NAO;" ";" ";-;SBT;-;Jaboatão dos;PE
17/10/2025 23:17:57;17/10/2025 23:17:57;NAO;682500,8;12857h 23m;0;-9;-;-;-;-;N/A;N/A;N/A;N/A;N/A;N/A;NAO;NAO;" ";" ";-;SBT;-;Jaboatão dos;PE
17/10/2025 23:13:57;17/10/2025 23:13:57;NAO;682500,8;12857h 23m;0;-13;-;-;-;-;N/A;N/A;N/A;N/A;N/A;N/A;NAO;NAO;" ";" ";-;SBT;-;Jaboatão dos;PE
17/10/2025 23:09:57;17/10/2025 23:09:57;NAO;682500,8;12857h 23m;0;-8;-;-;-;-;N/A;N/A;N/A;N/A;N/A;N/A;NAO;NAO;" ";" ";-;SBT;-;Jaboatão dos;PE
17/10/2025 23:05:57;17/10/2025 23:05:57;NAO;682500,8;12857h 23m;0;-9;-;-;-;-;N/A;N/A;N/A;N/A;N/A;N/A;NAO;NAO;" ";" ";-;SBT;-;Jaboatão dos;PE
17/10/2025 23:01:57;17/10/2025 23:01:57;NAO;682500,8;12857h 23m;0;-13;-;-;-;-;N/A;N/A;N/A;N/A;N/A;N/A;NAO;NAO;" ";" ";-;SBT;-;Jaboatão dos;PE
17/10/2025 22:57:57;17/10/2025 22:57:57;NAO;682500,8;12857h 23m;0;-8;-;-;-;-;N/A;N/A;N/A;N/A;N/A;N/A;NAO;NAO;" ";" ";-;SBT;-;Jaboatão dos;PE
17/10/2025 22:53:57;17/10/2025 22:53:57;NAO;682500,8;12857h 23m;0;-9;-;-;-;-;N/A;N/A;N/A;N/A;N/A;N/A;NAO;NAO;" ";" ";-;SBT;-;Jaboatão dos;PE
17/10/2025 22:49:57;17/10/2025 22:49:57;NAO;682500,8;12857h 23m;0;-13;-;-;-;-;N/A;N/A;N/A;N/A;N/A;N/A;NAO;NAO;" ";" ";-;SBT;-;Jaboatão dos;PE
17/10/2025 22:45:57;17/10/2025 22:45:57;NAO;682500,8;12857h 23m;0;-7;-;-;-;-;N/A;N/A;N/A;N/A;N/A;N/A;NAO;NAO;" ";" ";-;SBT;-;Jaboatão dos;PE
17/10/2025 22:41:57;17/10/2025 22:41:57;NAO;682500,8;12857h 23m;0;-9;-;-;-;-;N/A;N/A;N/A;N/A;N/A;N/A;NAO;NAO;" ";" ";-;SBT;-;Jaboatão dos;PE
17/10/2025 22:37:57;17/10/2025 22:37:57;NAO;682500,8;12857h 23m;0;-12;-;-;-;-;N/A;N/A;N/A;N/A;N/A;N/A;NAO;NAO;" ";" ";-;SBT;-;Jaboatão dos;PE
17/10/2025 22:33:57;17/10/2025 22:33:57;NAO;682500,8;12857h 23m;0;-8;-;-;-;-;N/A;N/A;N/A;N/A;N/A;N/A;NAO;NAO;" ";" ";-;SBT;-;Jaboatão dos;PE
17/10/2025 22:29:57;17/10/2025 22:29:57;NAO;682500,8;12857h 23m;0;-9;-;-;-;-;N/A;N/A;N/A;N/A;N/A;N/A;NAO;NAO;" ";" ";-;SBT;-;Jaboatão dos;PE
17/10/2025 22:25:57;17/10/2025 22:25:58;NAO;682500,8;12857h 23m;0;-13;-;-;-;-;N/A;N/A;N/A;N/A;N/A;N/A;NAO;NAO;" ";" ";-;SBT;-;Jaboatão dos;PE
17/10/2025 22:23:03;17/10/2025 22:23:03;NAO;682500,8;12857h 23m;0;-9;-;-;-;-;N/A;N/A;N/A;N/A;N/A;N/A;NAO;NAO;" ";" ";-;SBT;-;Jaboatão dos;PE
17/10/2025 22:19:03;17/10/2025 22:25:57;NAO;682500,8;12857h 23m;0;-9;-;-;-;-;N/A;N/A;N/A;N/A;N/A;N/A;SIM;NAO;" ";" ";-;SBT;-;Jaboatão dos;PE
17/10/2025 22:17:14;17/10/2025 22:17:14;NAO;682500,8;12857h 23m;0;-10;-;-;-;-;N/A;N/A;N/A;N/A;N/A;N/A;NAO;NAO;" ";" ";-;SBT;-;Jaboatão dos;PE
17/10/2025 22:15:03;17/10/2025 22:15:19;NAO;682500,8;12857h 23m;0;-11;-;-;-;-;N/A;N/A;N/A;N/A;N/A;N/A;NAO;NAO;" ";" ";-;SBT;-;Jaboatão dos;PE
17/10/2025 22:11:03;17/10/2025 22:11:04;NAO;682500,8;12857h 23m;0;-9;-;-;-;-;N/A;N/A;N/A;N/A;N/A;N/A;NAO;NAO;" ";" ";-;SBT;-;Jaboatão dos;PE
17/10/2025 22:07:03;17/10/2025 22:07:04;NAO;682500,8;12857h 23m;0;-9;-;-;-;-;N/A;N/A;N/A;N/A;N/A;N/A;NAO;NAO;" ";" ";-;SBT;-;Jaboatão dos;PE
17/10/2025 22:03:03;17/10/2025 22:03:04;NAO;682500,8;12857h 23m;0;-11;-;-;-;-;N/A;N/A;N/A;N/A;N/A;N/A;NAO;NAO;" ";" ";-;SBT;-;Jaboatão dos;PE
17/10/2025 21:59:03;17/10/2025 21:59:04;NAO;682500,8;12857h 23m;0;-9;-;-;-;-;N/A;N/A;N/A;N/A;N/A;N/A;NAO;NAO;" ";" ";-;SBT;-;Jaboatão dos;PE
17/10/2025 21:55:03;17/10/2025 21:55:04;NAO;682500,8;12857h 23m;0;-8;-;-;-;-;N/A;N/A;N/A;N/A;N/A;N/A;NAO;NAO;" ";" ";-;SBT;-;Jaboatão dos;PE
17/10/2025 21:52:05;17/10/2025 21:52:06;NAO;682500,8;12857h 23m;0;-11;-;-;-;-;N/A;N/A;N/A;N/A;N/A;N/A;NAO;NAO;" ";" ";-;SBT;-;Jaboatão dos;PE
17/10/2025 21:52:04;17/10/2025 21:52:05;NAO;682500,8;12857h 23m;0;-11;-;-;-;-;N/A;N/A;N/A;N/A;N/A;N/A;NAO;NAO;" ";" ";-;SBT;-;Jaboatão dos;PE
17/10/2025 21:51:47;17/10/2025 21:51:49;NAO;682500,8;12857h 23m;0;-11;-;-;-;-;N/A;N/A;N/A;N/A;N/A;N/A;NAO;NAO;" ";" ";-;SBT;-;Jaboatão dos;PE
17/10/2025 21:51:07;17/10/2025 21:51:08;NAO;682500,8;12857h 23m;0;-11;-;-;-;-;N/A;N/A;N/A;N/A;N/A;N/A;NAO;NAO;" ";" ";-;SBT;-;Jaboatão dos;PE
17/10/2025 21:51:06;17/10/2025 21:51:07;NAO;682500,8;12857h 23m;0;-11;-;-;-;-;N/A;N/A;N/A;N/A;N/A;N/A;NAO;NAO;" ";" ";-;SBT;-;Jaboatão dos;PE
17/10/2025 21:51:03;17/10/2025 21:51:04;NAO;682500,8;12857h 23m;566;-11;-;-;-;-;N/A;N/A;N/A;N/A;N/A;N/A;NAO;NAO;" ";" ";-;SBT;-;Jaboatão dos;PE
17/10/2025 21:50:59;17/10/2025 21:51:01;SIM;682500,8;12857h 23m;565;-11;-;-;-;-;N/A;N/A;N/A;N/A;N/A;N/A;NAO;NAO;" ";" ";-;SBT;-;Jaboatão dos;PE
17/10/2025 21:50:11;17/10/2025 21:50:12;SIM;682500,8;12857h 22m;565;-11;-;-;-;-;N/A;N/A;N/A;N/A;N/A;N/A;NAO;NAO;" ";" ";-;SBT;-;Jaboatão dos;PE
17/10/2025 21:49:37;17/10/2025 21:49:38;SIM;682500,7;12857h 22m;920;-11;-;-;-;-;N/A;N/A;N/A;N/A;N/A;N/A;NAO;NAO;" ";" ";-;SBT;-;Jaboatão dos;PE
17/10/2025 21:49:22;17/10/2025 21:49:23;SIM;682500,7;12857h 21m;1072;-11;-;-;-;-;N/A;N/A;N/A;N/A;N/A;N/A;NAO;NAO;" ";" ";-;SBT;-;Jaboatão dos;PE
17/10/2025 21:48:58;17/10/2025 21:48:59;SIM;682500,6;12857h 21m;918;-10;-;-;-;-;N/A;N/A;N/A;N/A;N/A;N/A;NAO;NAO;" ";" ";-;SBT;-;Jaboatão dos;PE
17/10/2025 21:48:33;17/10/2025 21:48:33;SIM;682500,5;12857h 20m;864;-10;-;-;-;-;N/A;N/A;N/A;N/A;N/A;N/A;NAO;NAO;" ";" ";-;SBT;-;Jaboatão dos;PE
17/10/2025 21:47:56;17/10/2025 21:47:57;SIM;682500,4;12857h 20m;1017;-9;-;-;-;-;N/A;N/A;N/A;N/A;N/A;N/A;NAO;NAO;" ";" ";-;SBT;-;Jaboatão dos;PE
17/10/2025 21:47:35;17/10/2025 21:47:36;SIM;682500,3;12857h 19m;1303;-9;-;-;-;-;N/A;N/A;N/A;N/A;N/A;N/A;NAO;NAO;" ";" ";-;SBT;-;Jaboatão dos;PE
17/10/2025 21:46:59;17/10/2025 21:47:01;SIM;682500,2;12857h 19m;1248;-9;-;-;-;-;N/A;N/A;N/A;N/A;N/A;N/A;NAO;NAO;" ";" ";-;SBT;-;Jaboatão dos;PE
17/10/2025 21:46:11;17/10/2025 21:46:12;SIM;682500,0;12857h 18m;1283;-8;-;-;-;-;N/A;N/A;N/A;N/A;N/A;N/A;NAO;NAO;" ";" ";-;SBT;-;Jaboatão dos;PE
17/10/2025 21:45:05;17/10/2025 21:45:06;SIM;682499,9;12857h 17m;1052;-5;-;-;-;-;N/A;N/A;N/A;N/A;N/A;N/A;NAO;NAO;" ";" ";-;SBT;-;Jaboatão dos;PE
17/10/2025 21:44:34;17/10/2025 21:44:34;SIM;682499,8;12857h 16m;836;-6;-;-;-;-;N/A;N/A;N/A;N/A;N/A;N/A;NAO;NAO;" ";" ";-;SBT;-;Jaboatão dos;PE
17/10/2025 21:43:11;17/10/2025 21:43:27;SIM;682499,7;12857h 15m;0;-8;-;-;-;-;N/A;N/A;N/A;N/A;N/A;N/A;NAO;NAO;" ";" ";-;SBT;-;Jaboatão dos;PE
17/10/2025 21:40:38;17/10/2025 21:40:39;NAO;682499,7;12857h 15m;0;-10;-;-;-;-;N/A;N/A;N/A;N/A;N/A;N/A;NAO;NAO;" ";" ";-;SBT;-;Jaboatão dos;PE
17/10/2025 21:40:35;17/10/2025 21:40:36;NAO;682499,7;12857h 15m;566;-10;-;-;-;-;N/A;N/A;N/A;N/A;N/A;N/A;NAO;NAO;" ";" ";-;SBT;-;Jaboatão dos;PE
17/10/2025 21:37:09;17/10/2025 21:37:10;SIM;682499,4;12857h 12m;1017;-10;-;-;-;-;N/A;N/A;N/A;N/A;N/A;N/A;NAO;NAO;" ";" ";-;SBT;-;Jaboatão dos;PE
17/10/2025 21:36:53;17/10/2025 21:36:54;SIM;682499,3;12857h 11m;1029;-10;-;-;-;-;N/A;N/A;N/A;N/A;N/A;N/A;NAO;NAO;" ";" ";-;SBT;-;Jaboatão dos;PE
17/10/2025 21:36:31;17/10/2025 21:36:31;SIM;682499,2;12857h 11m;1115;-10;-;-;-;-;N/A;N/A;N/A;N/A;N/A;N/A;NAO;NAO;" ";" ";-;SBT;-;Jaboatão dos;PE
17/10/2025 21:35:35;17/10/2025 21:35:36;SIM;682499,0;12857h 10m;1272;-9;-;-;-;-;N/A;N/A;N/A;N/A;N/A;N/A;NAO;NAO;" ";" ";-;SBT;-;Jaboatão dos;PE
17/10/2025 21:35:19;17/10/2025 21:35:20;SIM;682498,9;12857h 10m;880;-9;-;-;-;-;N/A;N/A;N/A;N/A;N/A;N/A;NAO;NAO;" ";" ";-;SBT;-;Jaboatão dos;PE
17/10/2025 21:34:29;17/10/2025 21:34:30;SIM;682498,7;12857h 9m;954;-9;-;-;-;-;N/A;N/A;N/A;N/A;N/A;N/A;NAO;NAO;" ";" ";-;SBT;-;Jaboatão dos;PE
17/10/2025 21:33:31;17/10/2025 21:33:32;SIM;682498,7;12857h 8m;0;-8;-;-;-;-;N/A;N/A;N/A;N/A;N/A;N/A;NAO;NAO;" ";" ";-;SBT;-;Jaboatão dos;PE
17/10/2025 21:29:31;17/10/2025 21:29:32;NAO;682498,7;12857h 8m;0;-9;-;-;-;-;N/A;N/A;N/A;N/A;N/A;N/A;NAO;NAO;" ";" ";-;SBT;-;Jaboatão dos;PE
17/10/2025 21:25:31;17/10/2025 21:25:32;NAO;682498,7;12857h 8m;0;-11;-;-;-;-;N/A;N/A;N/A;N/A;N/A;N/A;NAO;NAO;" ";" ";-;SBT;-;Jaboatão dos;PE
17/10/2025 21:21:31;17/10/2025 21:21:32;NAO;682498,7;12857h 8m;0;-10;-;-;-;-;N/A;N/A;N/A;N/A;N/A;N/A;NAO;NAO;" ";" ";-;SBT;-;Jaboatão dos;PE
17/10/2025 21:17:31;17/10/2025 21:17:32;NAO;682498,7;12857h 8m;0;-9;-;-;-;-;N/A;N/A;N/A;N/A;N/A;N/A;NAO;NAO;" ";" ";-;SBT;-;Jaboatão dos;PE
17/10/2025 21:13:31;17/10/2025 21:13:31;NAO;682498,7;12857h 8m;0;-6;-;-;-;-;N/A;N/A;N/A;N/A;N/A;N/A;NAO;NAO;" ";" ";-;SBT;-;Jaboatão dos;PE
17/10/2025 21:09:34;17/10/2025 21:09:36;NAO;682498,7;12857h 8m;0;-2;-;-;-;-;N/A;N/A;N/A;N/A;N/A;N/A;NAO;NAO;" ";" ";-;SBT;-;Jaboatão dos;PE
17/10/2025 21:09:31;17/10/2025 21:09:32;NAO;682498,7;12857h 8m;570;-2;-;-;-;-;N/A;N/A;N/A;N/A;N/A;N/A;NAO;NAO;" ";" ";-;SBT;-;Jaboatão dos;PE
17/10/2025 21:07:55;17/10/2025 21:07:56;SIM;682498,6;12857h 6m;1068;0;-;-;-;-;N/A;N/A;N/A;N/A;N/A;N/A;NAO;NAO;" ";" ";-;SBT;-;Jaboatão dos;PE
17/10/2025 21:07:18;17/10/2025 21:07:19;SIM;682498,5;12857h 6m;1145;1;-;-;-;-;N/A;N/A;N/A;N/A;N/A;N/A;NAO;NAO;" ";" ";-;SBT;-;Jaboatão dos;PE
17/10/2025 21:07:02;17/10/2025 21:07:03;SIM;682498,4;12857h 6m;1031;2;-;-;-;-;N/A;N/A;N/A;N/A;N/A;N/A;NAO;NAO;" ";" ";-;SBT;-;Jaboatão dos;PE
17/10/2025 21:06:06;17/10/2025 21:06:07;SIM;682498,3;12857h 5m;1184;5;-;-;-;-;N/A;N/A;N/A;N/A;N/A;N/A;NAO;NAO;" ";" ";-;SBT;-;Jaboatão dos;PE
17/10/2025 21:05:50;17/10/2025 21:05:52;SIM;682498,2;12857h 4m;1079;6;-;-;-;-;N/A;N/A;N/A;N/A;N/A;N/A;NAO;NAO;" ";" ";-;SBT;-;Jaboatão dos;PE
17/10/2025 21:02:36;17/10/2025 21:02:37;SIM;682498,1;12857h 1m;565;15;-;-;-;-;N/A;N/A;N/A;N/A;N/A;N/A;NAO;NAO;" ";" ";-;SBT;-;Jaboatão dos;PE
17/10/2025 21:02:12;17/10/2025 21:02:13;SIM;682498,1;12857h 1m;558;16;-;-;-;-;N/A;N/A;N/A;N/A;N/A;N/A;NAO;NAO;" ";" ";-;SBT;-;Jaboatão dos;PE
17/10/2025 21:01:02;17/10/2025 21:01:03;SIM;682498,1;12857h 0m;565;15;-;-;-;-;N/A;N/A;N/A;N/A;N/A;N/A;NAO;NAO;" ";" ";-;SBT;-;Jaboatão dos;PE
17/10/2025 20:58:22;17/10/2025 20:58:23;SIM;682498,1;12856h 57m;565;16;-;-;-;-;N/A;N/A;N/A;N/A;N/A;N/A;NAO;NAO;" ";" ";-;SBT;-;Jaboatão dos;PE
17/10/2025 20:56:04;17/10/2025 20:56:05;SIM;682498,1;12856h 55m;566;16;-;-;-;-;N/A;N/A;N/A;N/A;N/A;N/A;NAO;NAO;" ";" ";-;SBT;-;Jaboatão dos;PE
17/10/2025 20:55:22;17/10/2025 20:55:24;SIM;682498,1;12856h 54m;0;16;-;-;-;-;N/A;N/A;N/A;N/A;N/A;N/A;NAO;NAO;" ";" ";-;SBT;-;Jaboatão dos;PE
17/10/2025 20:51:33;17/10/2025 20:51:34;NAO;682498,1;12856h 54m;0;16;-;-;-;-;N/A;N/A;N/A;N/A;N/A;N/A;NAO;NAO;" ";" ";-;SBT;-;Jaboatão dos;PE
17/10/2025 20:47:33;17/10/2025 20:47:34;NAO;682498,1;12856h 54m;0;17;-;-;-;-;N/A;N/A;N/A;N/A;N/A;N/A;NAO;NAO;" ";" ";-;SBT;-;Jaboatão dos;PE
17/10/2025 20:43:33;17/10/2025 20:43:34;NAO;682498,1;12856h 54m;0;17;-;-;-;-;N/A;N/A;N/A;N/A;N/A;N/A;NAO;NAO;" ";" ";-;SBT;-;Jaboatão dos;PE
17/10/2025 20:39:36;17/10/2025 20:39:36;NAO;682498,1;12856h 54m;0;17;-;-;-;-;N/A;N/A;N/A;N/A;N/A;N/A;NAO;NAO;" ";" ";-;SBT;-;Jaboatão dos;PE
17/10/2025 20:39:34;17/10/2025 20:39:33;NAO;682498,1;12856h 54m;0;17;-;-;-;-;N/A;N/A;N/A;N/A;N/A;N/A;NAO;NAO;" ";" ";-;SBT;-;Jaboatão dos;PE
17/10/2025 20:39:32;17/10/2025 20:39:32;SIM;682498,1;12856h 54m;0;17;-;-;-;-;N/A;N/A;N/A;N/A;N/A;N/A;NAO;NAO;" ";" ";-;SBT;-;Jaboatão dos;PE
17/10/2025 20:38:08;17/10/2025 20:38:09;NAO;682498,1;12856h 54m;0;17;-;-;-;-;N/A;N/A;N/A;N/A;N/A;N/A;NAO;NAO;" ";" ";-;SBT;-;Jaboatão dos;PE
17/10/2025 20:34:08;17/10/2025 20:34:08;NAO;682498,1;12856h 54m;0;17;-;-;-;-;N/A;N/A;N/A;N/A;N/A;N/A;NAO;NAO;" ";" ";-;SBT;-;Jaboatão dos;PE
17/10/2025 20:30:08;17/10/2025 20:30:08;NAO;682498,1;12856h 54m;0;18;-;-;-;-;N/A;N/A;N/A;N/A;N/A;N/A;NAO;NAO;" ";" ";-;SBT;-;Jaboatão dos;PE
17/10/2025 20:26:08;17/10/2025 20:26:08;NAO;682498,1;12856h 54m;0;18;-;-;-;-;N/A;N/A;N/A;N/A;N/A;N/A;NAO;NAO;" ";" ";-;SBT;-;Jaboatão dos;PE
17/10/2025 20:22:08;17/10/2025 20:22:08;NAO;682498,1;12856h 54m;0;19;-;-;-;-;N/A;N/A;N/A;N/A;N/A;N/A;NAO;NAO;" ";" ";-;SBT;-;Jaboatão dos;PE
17/10/2025 20:18:08;17/10/2025 20:18:08;NAO;682498,1;12856h 54m;0;20;-;-;-;-;N/A;N/A;N/A;N/A;N/A;N/A;NAO;NAO;" ";" ";-;SBT;-;Jaboatão dos;PE
17/10/2025 20:14:08;17/10/2025 20:14:08;NAO;682498,1;12856h 54m;0;21;-;-;-;-;N/A;N/A;N/A;N/A;N/A;N/A;NAO;NAO;" ";" ";-;SBT;-;Jaboatão dos;PE
17/10/2025 20:10:11;17/10/2025 20:10:11;NAO;682498,1;12856h 54m;0;23;-;-;-;-;N/A;N/A;N/A;N/A;N/A;N/A;NAO;NAO;" ";" ";-;SBT;-;Jaboatão dos;PE
17/10/2025 20:10:09;17/10/2025 20:10:09;NAO;682498,1;12856h 54m;0;23;-;-;-;-;N/A;N/A;N/A;N/A;N/A;N/A;NAO;NAO;" ";" ";-;SBT;-;Jaboatão dos;PE
17/10/2025 20:09:49;17/10/2025 20:09:49;SIM;682498,1;12856h 54m;0;24;-;-;-;-;N/A;N/A;N/A;N/A;N/A;N/A;NAO;NAO;" ";" ";-;SBT;-;Jaboatão dos;PE
17/10/2025 20:07:08;17/10/2025 20:07:08;NAO;682498,1;12856h 54m;0;25;-;-;-;-;N/A;N/A;N/A;N/A;N/A;N/A;NAO;NAO;" ";" ";-;SBT;-;Jaboatão dos;PE
17/10/2025 20:07:06;17/10/2025 20:07:06;NAO;682498,1;12856h 54m;561;25;-;-;-;-;N/A;N/A;N/A;N/A;N/A;N/A;NAO;NAO;" ";" ";-;SBT;-;Jaboatão dos;PE
17/10/2025 20:05:54;17/10/2025 20:05:54;SIM;682498,1;12856h 52m;564;25;-;-;-;-;N/A;N/A;N/A;N/A;N/A;N/A;NAO;NAO;" ";" ";-;SBT;-;Jaboatão dos;PE
17/10/2025 20:02:54;17/10/2025 20:02:55;SIM;682498,0;12856h 49m;0;25;-;-;-;-;N/A;N/A;N/A;N/A;N/A;N/A;NAO;NAO;" ";" ";-;SBT;-;Jaboatão dos;PE
17/10/2025 20:01:32;17/10/2025 20:01:33;NAO;682498,0;12856h 49m;0;25;-;-;-;-;N/A;N/A;N/A;N/A;N/A;N/A;NAO;NAO;" ";" ";-;SBT;-;Jaboatão dos;PE
17/10/2025 19:57:32;17/10/2025 19:57:33;NAO;682498,0;12856h 49m;0;25;-;-;-;-;N/A;N/A;N/A;N/A;N/A;N/A;NAO;NAO;" ";" ";-;SBT;-;Jaboatão dos;PE
17/10/2025 19:53:32;17/10/2025 19:53:33;NAO;682498,0;12856h 49m;0;25;-;-;-;-;N/A;N/A;N/A;N/A;N/A;N/A;NAO;NAO;" ";" ";-;SBT;-;Jaboatão dos;PE
17/10/2025 19:49:32;17/10/2025 19:49:33;NAO;682498,0;12856h 49m;0;25;-;-;-;-;N/A;N/A;N/A;N/A;N/A;N/A;NAO;NAO;" ";" ";-;SBT;-;Jaboatão dos;PE
17/10/2025 19:45:32;17/10/2025 19:45:48;NAO;682498,0;12856h 49m;0;25;-;-;-;-;N/A;N/A;N/A;N/A;N/A;N/A;NAO;NAO;" ";" ";-;SBT;-;Jaboatão dos;PE
17/10/2025 19:41:32;17/10/2025 19:41:33;NAO;682498,0;12856h 49m;0;25;-;-;-;-;N/A;N/A;N/A;N/A;N/A;N/A;NAO;NAO;" ";" ";-;SBT;-;Jaboatão dos;PE
17/10/2025 19:37:32;17/10/2025 19:37:33;NAO;682498,0;12856h 49m;0;25;-;-;-;-;N/A;N/A;N/A;N/A;N/A;N/A;NAO;NAO;" ";" ";-;SBT;-;Jaboatão dos;PE
17/10/2025 19:33:32;17/10/2025 19:33:33;NAO;682498,0;12856h 49m;0;25;-;-;-;-;N/A;N/A;N/A;N/A;N/A;N/A;NAO;NAO;" ";" ";-;SBT;-;Jaboatão dos;PE
17/10/2025 19:29:32;17/10/2025 19:29:33;NAO;682498,0;12856h 49m;0;25;-;-;-;-;N/A;N/A;N/A;N/A;N/A;N/A;NAO;NAO;" ";" ";-;SBT;-;Jaboatão dos;PE
17/10/2025 19:25:32;17/10/2025 19:25:33;NAO;682498,0;12856h 49m;0;25;-;-;-;-;N/A;N/A;N/A;N/A;N/A;N/A;NAO;NAO;" ";" ";-;SBT;-;Jaboatão dos;PE
17/10/2025 19:21:32;17/10/2025 19:21:33;NAO;682498,0;12856h 49m;0;25;-;-;-;-;N/A;N/A;N/A;N/A;N/A;N/A;NAO;NAO;" ";" ";-;SBT;-;Jaboatão dos;PE
17/10/2025 19:17:32;17/10/2025 19:17:33;NAO;682498,0;12856h 49m;0;25;-;-;-;-;N/A;N/A;N/A;N/A;N/A;N/A;NAO;NAO;" ";" ";-;SBT;-;Jaboatão dos;PE
17/10/2025 19:13:32;17/10/2025 19:13:33;NAO;682498,0;12856h 49m;0;26;-;-;-;-;N/A;N/A;N/A;N/A;N/A;N/A;NAO;NAO;" ";" ";-;SBT;-;Jaboatão dos;PE
17/10/2025 19:09:32;17/10/2025 19:09:33;NAO;682498,0;12856h 49m;0;26;-;-;-;-;N/A;N/A;N/A;N/A;N/A;N/A;NAO;NAO;" ";" ";-;SBT;-;Jaboatão dos;PE
17/10/2025 19:05:32;17/10/2025 19:05:33;NAO;682498,0;12856h 49m;0;26;-;-;-;-;N/A;N/A;N/A;N/A;N/A;N/A;NAO;NAO;" ";" ";-;SBT;-;Jaboatão dos;PE
17/10/2025 19:01:32;17/10/2025 19:01:33;NAO;682498,0;12856h 49m;0;26;-;-;-;-;N/A;N/A;N/A;N/A;N/A;N/A;NAO;NAO;" ";" ";-;SBT;-;Jaboatão dos;PE
17/10/2025 18:57:32;17/10/2025 18:57:33;NAO;682498,0;12856h 49m;0;26;-;-;-;-;N/A;N/A;N/A;N/A;N/A;N/A;NAO;NAO;" ";" ";-;SBT;-;Jaboatão dos;PE
17/10/2025 18:53:32;17/10/2025 18:53:33;NAO;682498,0;12856h 49m;0;26;-;-;-;-;N/A;N/A;N/A;N/A;N/A;N/A;NAO;NAO;" ";" ";-;SBT;-;Jaboatão dos;PE
17/10/2025 18:49:32;17/10/2025 18:49:33;NAO;682498,0;12856h 49m;0;26;-;-;-;-;N/A;N/A;N/A;N/A;N/A;N/A;NAO;NAO;" ";" ";-;SBT;-;Jaboatão dos;PE
17/10/2025 18:45:32;17/10/2025 18:45:33;NAO;682498,0;12856h 49m;0;26;-;-;-;-;N/A;N/A;N/A;N/A;N/A;N/A;NAO;NAO;" ";" ";-;SBT;-;Jaboatão dos;PE
17/10/2025 18:41:32;17/10/2025 18:41:33;NAO;682498,0;12856h 49m;0;26;-;-;-;-;N/A;N/A;N/A;N/A;N/A;N/A;NAO;NAO;" ";" ";-;SBT;-;Jaboatão dos;PE
17/10/2025 18:37:32;17/10/2025 18:37:33;NAO;682498,0;12856h 49m;0;26;-;-;-;-;N/A;N/A;N/A;N/A;N/A;N/A;NAO;NAO;" ";" ";-;SBT;-;Jaboatão dos;PE
17/10/2025 18:33:32;17/10/2025 18:33:33;NAO;682498,0;12856h 49m;0;26;-;-;-;-;N/A;N/A;N/A;N/A;N/A;N/A;NAO;NAO;" ";" ";-;SBT;-;Jaboatão dos;PE
17/10/2025 18:29:32;17/10/2025 18:29:33;NAO;682498,0;12856h 49m;0;26;-;-;-;-;N/A;N/A;N/A;N/A;N/A;N/A;NAO;NAO;" ";" ";-;SBT;-;Jaboatão dos;PE
17/10/2025 18:25:32;17/10/2025 18:25:33;NAO;682498,0;12856h 49m;0;26;-;-;-;-;N/A;N/A;N/A;N/A;N/A;N/A;NAO;NAO;" ";" ";-;SBT;-;Jaboatão dos;PE
17/10/2025 18:21:49;17/10/2025 18:21:50;NAO;682498,0;12856h 49m;0;26;-;-;-;-;N/A;N/A;N/A;N/A;N/A;N/A;NAO;NAO;" ";" ";-;SBT;-;Jaboatão dos;PE
17/10/2025 18:21:35;17/10/2025 18:21:36;NAO;682498,0;12856h 49m;0;26;-;-;-;-;N/A;N/A;N/A;N/A;N/A;N/A;NAO;NAO;" ";" ";-;SBT;-;Jaboatão dos;PE
17/10/2025 18:21:32;17/10/2025 18:21:33;NAO;682498,0;12856h 49m;565;26;-;-;-;-;N/A;N/A;N/A;N/A;N/A;N/A;NAO;NAO;" ";" ";-;SBT;-;Jaboatão dos;PE
17/10/2025 18:17:42;17/10/2025 18:17:43;SIM;682497,8;12856h 46m;563;26;-;-;-;-;N/A;N/A;N/A;N/A;N/A;N/A;NAO;NAO;" ";" ";-;SBT;-;Jaboatão dos;PE
17/10/2025 18:17:02;17/10/2025 18:17:01;SIM;682497,8;12856h 45m;1230;26;-;-;-;-;N/A;N/A;N/A;N/A;N/A;N/A;NAO;NAO;" ";" ";-;SBT;-;Jaboatão dos;PE
17/10/2025 18:14:38;17/10/2025 18:14:38;SIM;682497,7;12856h 42m;1216;26;-;-;-;-;N/A;N/A;N/A;N/A;N/A;N/A;NAO;NAO;" ";" ";-;SBT;-;Jaboatão dos;PE
17/10/2025 18:13:47;17/10/2025 18:13:48;SIM;682497,6;12856h 42m;564;26;-;-;-;-;N/A;N/A;N/A;N/A;N/A;N/A;NAO;NAO;" ";" ";-;SBT;-;Jaboatão dos;PE
17/10/2025 18:13:37;17/10/2025 18:13:37;SIM;682497,6;12856h 41m;553;26;-;-;-;-;N/A;N/A;N/A;N/A;N/A;N/A;NAO;NAO;" ";" ";-;SBT;-;Jaboatão dos;PE
17/10/2025 18:13:23;17/10/2025 18:13:23;SIM;682497,6;12856h 41m;0;26;-;-;-;-;N/A;N/A;N/A;N/A;N/A;N/A;NAO;NAO;" ";" ";-;SBT;-;Jaboatão dos;PE
17/10/2025 18:11:54;17/10/2025 18:11:55;NAO;682497,6;12856h 41m;0;26;-;-;-;-;N/A;N/A;N/A;N/A;N/A;N/A;NAO;NAO;" ";" ";-;SBT;-;Jaboatão dos;PE
17/10/2025 18:07:54;17/10/2025 18:07:55;NAO;682497,6;12856h 41m;0;26;-;-;-;-;N/A;N/A;N/A;N/A;N/A;N/A;NAO;NAO;" ";" ";-;SBT;-;Jaboatão dos;PE
17/10/2025 18:03:54;17/10/2025 18:03:55;NAO;682497,6;12856h 41m;0;26;-;-;-;-;N/A;N/A;N/A;N/A;N/A;N/A;NAO;NAO;" ";" ";-;SBT;-;Jaboatão dos;PE
17/10/2025 17:59:54;17/10/2025 17:59:55;NAO;682497,6;12856h 41m;0;26;-;-;-;-;N/A;N/A;N/A;N/A;N/A;N/A;NAO;NAO;" ";" ";-;SBT;-;Jaboatão dos;PE
17/10/2025 17:55:54;17/10/2025 17:55:55;NAO;682497,6;12856h 41m;0;27;-;-;-;-;N/A;N/A;N/A;N/A;N/A;N/A;NAO;NAO;" ";" ";-;SBT;-;Jaboatão dos;PE
17/10/2025 17:51:54;17/10/2025 17:51:55;NAO;682497,6;12856h 41m;0;26;-;-;-;-;N/A;N/A;N/A;N/A;N/A;N/A;NAO;NAO;" ";" ";-;SBT;-;Jaboatão dos;PE
17/10/2025 17:47:54;17/10/2025 17:47:55;NAO;682497,6;12856h 41m;0;27;-;-;-;-;N/A;N/A;N/A;N/A;N/A;N/A;NAO;NAO;" ";" ";-;SBT;-;Jaboatão dos;PE
17/10/2025 17:43:54;17/10/2025 17:43:55;NAO;682497,6;12856h 41m;0;26;-;-;-;-;N/A;N/A;N/A;N/A;N/A;N/A;NAO;NAO;" ";" ";-;SBT;-;Jaboatão dos;PE
17/10/2025 17:39:57;17/10/2025 17:39:58;NAO;682497,6;12856h 41m;0;26;-;-;-;-;N/A;N/A;N/A;N/A;N/A;N/A;NAO;NAO;" ";" ";-;SBT;-;Jaboatão dos;PE
17/10/2025 17:39:55;17/10/2025 17:39:56;NAO;682497,6;12856h 41m;0;26;-;-;-;-;N/A;N/A;N/A;N/A;N/A;N/A;NAO;NAO;" ";" ";-;SBT;-;Jaboatão dos;PE
17/10/2025 17:39:43;17/10/2025 17:39:43;SIM;682497,6;12856h 41m;0;26;-;-;-;-;N/A;N/A;N/A;N/A;N/A;N/A;NAO;NAO;" ";" ";-;SBT;-;Jaboatão dos;PE
17/10/2025 17:36:45;17/10/2025 17:36:46;NAO;682497,6;12856h 41m;0;26;-;-;-;-;N/A;N/A;N/A;N/A;N/A;N/A;NAO;NAO;" ";" ";-;SBT;-;Jaboatão dos;PE
17/10/2025 17:32:45;17/10/2025 17:32:46;NAO;682497,6;12856h 41m;0;26;-;-;-;-;N/A;N/A;N/A;N/A;N/A;N/A;NAO;NAO;" ";" ";-;SBT;-;Jaboatão dos;PE
17/10/2025 17:28:45;17/10/2025 17:29:00;NAO;682497,6;12856h 41m;0;26;-;-;-;-;N/A;N/A;N/A;N/A;N/A;N/A;NAO;NAO;" ";" ";-;SBT;-;Jaboatão dos;PE
17/10/2025 17:24:45;17/10/2025 17:24:46;NAO;682497,6;12856h 41m;0;25;-;-;-;-;N/A;N/A;N/A;N/A;N/A;N/A;NAO;NAO;" ";" ";-;SBT;-;Jaboatão dos;PE
17/10/2025 17:20:45;17/10/2025 17:20:46;NAO;682497,6;12856h 41m;0;25;-;-;-;-;N/A;N/A;N/A;N/A;N/A;N/A;NAO;NAO;" ";" ";-;SBT;-;Jaboatão dos;PE
17/10/2025 17:16:53;17/10/2025 17:16:54;NAO;682497,6;12856h 41m;0;25;-;-;-;-;N/A;N/A;N/A;N/A;N/A;N/A;NAO;NAO;" ";" ";-;SBT;-;Jaboatão dos;PE
17/10/2025 17:16:51;17/10/2025 17:16:51;NAO;682497,6;12856h 41m;0;25;-;-;-;-;N/A;N/A;N/A;N/A;N/A;N/A;NAO;NAO;" ";" ";-;SBT;-;Jaboatão dos;PE
17/10/2025 17:16:48;17/10/2025 17:16:49;NAO;682497,6;12856h 41m;0;25;-;-;-;-;N/A;N/A;N/A;N/A;N/A;N/A;NAO;NAO;" ";" ";-;SBT;-;Jaboatão dos;PE
17/10/2025 17:16:46;17/10/2025 17:16:46;NAO;682497,6;12856h 41m;565;25;-;-;-;-;N/A;N/A;N/A;N/A;N/A;N/A;NAO;NAO;" ";" ";-;SBT;-;Jaboatão dos;PE
17/10/2025 17:15:36;17/10/2025 17:15:37;SIM;682497,6;12856h 40m;563;25;-;-;-;-;N/A;N/A;N/A;N/A;N/A;N/A;NAO;NAO;" ";" ";-;SBT;-;Jaboatão dos;PE
17/10/2025 17:14:30;17/10/2025 17:14:31;SIM;682497,6;12856h 39m;1072;26;-;-;-;-;N/A;N/A;N/A;N/A;N/A;N/A;NAO;NAO;" ";" ";-;SBT;-;Jaboatão dos;PE
17/10/2025 17:13:22;17/10/2025 17:13:23;SIM;682497,3;12856h 38m;1038;25;-;-;-;-;N/A;N/A;N/A;N/A;N/A;N/A;NAO;NAO;" ";" ";-;SBT;-;Jaboatão dos;PE
17/10/2025 17:12:31;17/10/2025 17:12:32;SIM;682497,3;12856h 37m;562;25;-;-;-;-;N/A;N/A;N/A;N/A;N/A;N/A;NAO;NAO;" ";" ";-;SBT;-;Jaboatão dos;PE
17/10/2025 17:11:31;17/10/2025 17:11:32;SIM;682497,3;12856h 36m;978;25;-;-;-;-;N/A;N/A;N/A;N/A;N/A;N/A;NAO;NAO;" ";" ";-;SBT;-;Jaboatão dos;PE
17/10/2025 17:11:16;17/10/2025 17:11:17;SIM;682497,3;12856h 35m;999;25;-;-;-;-;N/A;N/A;N/A;N/A;N/A;N/A;NAO;NAO;" ";" ";-;SBT;-;Jaboatão dos;PE
17/10/2025 17:08:22;17/10/2025 17:08:23;SIM;682496,8;12856h 33m;575;25;-;-;-;-;N/A;N/A;N/A;N/A;N/A;N/A;NAO;NAO;" ";" ";-;SBT;-;Jaboatão dos;PE
17/10/2025 17:08:07;17/10/2025 17:08:07;SIM;682496,7;12856h 32m;1058;25;-;-;-;-;N/A;N/A;N/A;N/A;N/A;N/A;NAO;NAO;" ";" ";-;SBT;-;Jaboatão dos;PE
17/10/2025 17:07:36;17/10/2025 17:07:37;SIM;682496,5;12856h 32m;980;25;-;-;-;-;N/A;N/A;N/A;N/A;N/A;N/A;NAO;NAO;" ";" ";-;SBT;-;Jaboatão dos;PE
17/10/2025 17:07:20;17/10/2025 17:07:22;SIM;682496,3;12856h 32m;1073;25;-;-;-;-;N/A;N/A;N/A;N/A;N/A;N/A;NAO;NAO;" ";" ";-;SBT;-;Jaboatão dos;PE
17/10/2025 17:05:35;17/10/2025 17:06:09;SIM;682495,1;12856h 30m;1079;25;-;-;-;-;N/A;N/A;N/A;N/A;N/A;N/A;NAO;NAO;" ";" ";-;SBT;-;Jaboatão dos;PE
17/10/2025 17:02:43;17/10/2025 17:02:43;SIM;682493,2;12856h 27m;1188;25;-;-;-;-;N/A;N/A;N/A;N/A;N/A;N/A;NAO;NAO;" ";" ";-;SBT;-;Recife;PE
17/10/2025 16:58:47;17/10/2025 16:58:48;SIM;682490,4;12856h 23m;1186;25;-;-;-;-;N/A;N/A;N/A;N/A;N/A;N/A;NAO;NAO;" ";" ";-;SBT;-;Recife;PE
17/10/2025 16:58:22;17/10/2025 16:58:22;SIM;682490,1;12856h 23m;1248;25;-;-;-;-;N/A;N/A;N/A;N/A;N/A;N/A;NAO;NAO;" ";" ";-;SBT;-;Recife;PE
17/10/2025 16:57:49;17/10/2025 16:57:50;SIM;682489,7;12856h 22m;1222;25;-;-;-;-;N/A;N/A;N/A;N/A;N/A;N/A;NAO;NAO;" ";" ";-;SBT;-;Recife;PE
17/10/2025 16:55:02;17/10/2025 16:55:03;SIM;682488,5;12856h 19m;804;25;-;-;-;-;N/A;N/A;N/A;N/A;N/A;N/A;NAO;NAO;" ";" ";-;SBT;-;Recife;PE
17/10/2025 16:50:48;17/10/2025 16:50:49;SIM;682487,3;12856h 15m;801;25;-;-;-;-;N/A;N/A;N/A;N/A;N/A;N/A;NAO;NAO;" ";" ";-;SBT;-;Recife;PE
17/10/2025 16:46:34;17/10/2025 16:46:35;SIM;682486,5;12856h 11m;1137;25;-;-;-;-;N/A;N/A;N/A;N/A;N/A;N/A;NAO;NAO;" ";" ";-;SBT;-;Recife;PE
17/10/2025 16:42:20;17/10/2025 16:42:21;SIM;682486,3;12856h 7m;561;25;-;-;-;-;N/A;N/A;N/A;N/A;N/A;N/A;NAO;NAO;" ";" ";-;SBT;-;Recife;PE
17/10/2025 16:38:06;17/10/2025 16:38:07;SIM;682486,2;12856h 2m;587;25;-;-;-;-;N/A;N/A;N/A;N/A;N/A;N/A;NAO;NAO;" ";" ";-;SBT;-;Recife;PE
17/10/2025 16:33:52;17/10/2025 16:33:53;SIM;682486,0;12855h 58m;564;25;-;-;-;-;N/A;N/A;N/A;N/A;N/A;N/A;NAO;NAO;" ";" ";-;SBT;-;Recife;PE
17/10/2025 16:33:45;17/10/2025 16:33:46;SIM;682486,0;12855h 58m;567;25;-;-;-;-;N/A;N/A;N/A;N/A;N/A;N/A;NAO;NAO;" ";" ";-;SBT;-;Recife;PE
17/10/2025 16:29:31;17/10/2025 16:29:32;SIM;682484,4;12855h 54m;1136;25;-;-;-;-;N/A;N/A;N/A;N/A;N/A;N/A;NAO;NAO;" ";" ";-;SBT;-;Recife;PE
17/10/2025 16:25:17;17/10/2025 16:25:18;SIM;682482,2;12855h 50m;828;25;-;-;-;-;N/A;N/A;N/A;N/A;N/A;N/A;NAO;NAO;" ";" ";-;SBT;-;Recife;PE
17/10/2025 16:21:58;17/10/2025 16:22:00;SIM;682479,0;12855h 46m;1424;25;-;-;-;-;N/A;N/A;N/A;N/A;N/A;N/A;NAO;NAO;" ";" ";-;SBT;-;Recife;PE
17/10/2025 16:21:22;17/10/2025 16:21:23;SIM;682478,9;12855h 46m;564;25;-;-;-;-;N/A;N/A;N/A;N/A;N/A;N/A;NAO;NAO;" ";" ";-;SBT;-;Recife;PE
17/10/2025 16:21:12;17/10/2025 16:21:13;SIM;682478,9;12855h 45m;564;25;-;-;-;-;N/A;N/A;N/A;N/A;N/A;N/A;NAO;NAO;" ";" ";-;SBT;-;Recife;PE
17/10/2025 16:21:05;17/10/2025 16:21:07;SIM;682478,9;12855h 45m;566;25;-;-;-;-;N/A;N/A;N/A;N/A;N/A;N/A;NAO;NAO;" ";" ";-;SBT;-;Recife;PE
17/10/2025 16:21:04;17/10/2025 16:21:05;SIM;682478,9;12855h 45m;565;25;-;-;-;-;N/A;N/A;N/A;N/A;N/A;N/A;NAO;NAO;" ";" ";-;SBT;-;Recife;PE
17/10/2025 16:20:32;17/10/2025 16:20:33;SIM;682478,9;12855h 45m;875;25;-;-;-;-;N/A;N/A;N/A;N/A;N/A;N/A;NAO;NAO;" ";" ";-;SBT;-;Recife;PE
17/10/2025 16:20:16;17/10/2025 16:20:18;SIM;682478,8;12855h 44m;914;25;-;-;-;-;N/A;N/A;N/A;N/A;N/A;N/A;NAO;NAO;" ";" ";-;SBT;-;Recife;PE
17/10/2025 16:20:01;17/10/2025 16:20:17;SIM;682478,7;12855h 44m;750;25;-;-;-;-;N/A;N/A;N/A;N/A;N/A;N/A;NAO;NAO;" ";" ";-;SBT;-;Recife;PE
17/10/2025 16:19:33;17/10/2025 16:19:34;SIM;682478,5;12855h 44m;982;25;-;-;-;-;N/A;N/A;N/A;N/A;N/A;N/A;NAO;NAO;" ";" ";-;SBT;-;Recife;PE
17/10/2025 16:16:46;17/10/2025 16:16:47;SIM;682477,1;12855h 41m;1039;25;-;-;-;-;N/A;N/A;N/A;N/A;N/A;N/A;NAO;NAO;" ";" ";-;SBT;-;Recife;PE
17/10/2025 16:12:42;17/10/2025 16:12:44;SIM;682476,4;12855h 37m;562;25;-;-;-;-;N/A;N/A;N/A;N/A;N/A;N/A;NAO;NAO;" ";" ";-;SBT;-;Recife;PE
17/10/2025 16:10:21;17/10/2025 16:10:21;SIM;682476,4;12855h 35m;0;25;-;-;-;-;N/A;N/A;N/A;N/A;N/A;N/A;NAO;NAO;" ";" ";-;SBT;-;Recife;PE
17/10/2025 16:10:20;17/10/2025 16:10:20;SIM;682476,4;12855h 35m;0;25;-;-;-;-;N/A;N/A;N/A;N/A;N/A;N/A;NAO;NAO;" ";" ";-;SBT;-;Recife;PE
17/10/2025 16:10:18;17/10/2025 16:10:18;NAO;682476,4;12855h 35m;0;25;-;-;-;-;N/A;N/A;N/A;N/A;N/A;N/A;NAO;NAO;" ";" ";-;SBT;-;Recife;PE
17/10/2025 16:09:56;17/10/2025 16:10:11;SIM;682476,4;12855h 34m;0;25;-;-;-;-;N/A;N/A;N/A;N/A;N/A;N/A;NAO;NAO;" ";" ";-;SBT;-;Recife;PE
17/10/2025 16:09:14;17/10/2025 16:09:16;SIM;682476,4;12855h 34m;0;25;-;-;-;-;N/A;N/A;N/A;N/A;N/A;N/A;NAO;NAO;" ";" ";-;SBT;-;Recife;PE
17/10/2025 16:06:03;17/10/2025 16:06:08;NAO;682476,4;12855h 34m;0;25;-;-;-;-;N/A;N/A;N/A;N/A;N/A;N/A;NAO;NAO;" ";" ";-;SBT;-;Recife;PE
17/10/2025 16:02:03;17/10/2025 16:02:05;NAO;682476,4;12855h 34m;0;25;-;-;-;-;N/A;N/A;N/A;N/A;N/A;N/A;NAO;NAO;" ";" ";-;SBT;-;Recife;PE
17/10/2025 15:58:03;17/10/2025 15:58:04;NAO;682476,4;12855h 34m;0;25;-;-;-;-;N/A;N/A;N/A;N/A;N/A;N/A;NAO;NAO;" ";" ";-;SBT;-;Recife;PE
17/10/2025 15:54:03;17/10/2025 15:54:04;NAO;682476,4;12855h 34m;0;25;-;-;-;-;N/A;N/A;N/A;N/A;N/A;N/A;NAO;NAO;" ";" ";-;SBT;-;Recife;PE
17/10/2025 15:50:03;17/10/2025 15:50:05;NAO;682476,4;12855h 34m;0;25;-;-;-;-;N/A;N/A;N/A;N/A;N/A;N/A;NAO;NAO;" ";" ";-;SBT;-;Recife;PE
17/10/2025 15:46:03;17/10/2025 15:46:04;NAO;682476,4;12855h 34m;0;25;-;-;-;-;N/A;N/A;N/A;N/A;N/A;N/A;NAO;NAO;" ";" ";-;SBT;-;Recife;PE
17/10/2025 15:42:03;17/10/2025 15:42:05;NAO;682476,4;12855h 34m;0;25;-;-;-;-;N/A;N/A;N/A;N/A;N/A;N/A;NAO;NAO;" ";" ";-;SBT;-;Recife;PE
17/10/2025 15:38:03;17/10/2025 15:38:04;NAO;682476,4;12855h 34m;0;25;-;-;-;-;N/A;N/A;N/A;N/A;N/A;N/A;NAO;NAO;" ";" ";-;SBT;-;Recife;PE
17/10/2025 15:34:03;17/10/2025 15:34:04;NAO;682476,4;12855h 34m;0;25;-;-;-;-;N/A;N/A;N/A;N/A;N/A;N/A;NAO;NAO;" ";" ";-;SBT;-;Recife;PE
17/10/2025 15:30:03;17/10/2025 15:30:04;NAO;682476,4;12855h 34m;0;25;-;-;-;-;N/A;N/A;N/A;N/A;N/A;N/A;NAO;NAO;" ";" ";-;SBT;-;Recife;PE
17/10/2025 15:26:03;17/10/2025 15:26:19;NAO;682476,4;12855h 34m;0;25;-;-;-;-;N/A;N/A;N/A;N/A;N/A;N/A;NAO;NAO;" ";" ";-;SBT;-;Recife;PE
17/10/2025 15:22:03;17/10/2025 15:22:04;NAO;682476,4;12855h 34m;0;25;-;-;-;-;N/A;N/A;N/A;N/A;N/A;N/A;NAO;NAO;" ";" ";-;SBT;-;Recife;PE
17/10/2025 15:18:03;17/10/2025 15:18:05;NAO;682476,4;12855h 34m;0;25;-;-;-;-;N/A;N/A;N/A;N/A;N/A;N/A;NAO;NAO;" ";" ";-;SBT;-;Recife;PE
17/10/2025 15:14:03;17/10/2025 15:14:04;NAO;682476,4;12855h 34m;0;25;-;-;-;-;N/A;N/A;N/A;N/A;N/A;N/A;NAO;NAO;" ";" ";-;SBT;-;Recife;PE
17/10/2025 15:10:03;17/10/2025 15:10:04;NAO;682476,4;12855h 34m;0;25;-;-;-;-;N/A;N/A;N/A;N/A;N/A;N/A;NAO;NAO;" ";" ";-;SBT;-;Recife;PE
17/10/2025 15:06:03;17/10/2025 15:06:04;NAO;682476,4;12855h 34m;0;25;-;-;-;-;N/A;N/A;N/A;N/A;N/A;N/A;NAO;NAO;" ";" ";-;SBT;-;Recife;PE
17/10/2025 15:02:03;17/10/2025 15:02:04;NAO;682476,4;12855h 34m;0;25;-;-;-;-;N/A;N/A;N/A;N/A;N/A;N/A;NAO;NAO;" ";" ";-;SBT;-;Recife;PE
17/10/2025 14:58:03;17/10/2025 14:58:04;NAO;682476,4;12855h 34m;0;25;-;-;-;-;N/A;N/A;N/A;N/A;N/A;N/A;NAO;NAO;" ";" ";-;SBT;-;Recife;PE
17/10/2025 14:54:03;17/10/2025 14:54:07;NAO;682476,4;12855h 34m;0;25;-;-;-;-;N/A;N/A;N/A;N/A;N/A;N/A;NAO;NAO;" ";" ";-;SBT;-;Recife;PE
17/10/2025 14:50:03;17/10/2025 14:50:04;NAO;682476,4;12855h 34m;0;25;-;-;-;-;N/A;N/A;N/A;N/A;N/A;N/A;NAO;NAO;" ";" ";-;SBT;-;Recife;PE
17/10/2025 14:46:03;17/10/2025 14:46:04;NAO;682476,4;12855h 34m;0;25;-;-;-;-;N/A;N/A;N/A;N/A;N/A;N/A;NAO;NAO;" ";" ";-;SBT;-;Recife;PE
17/10/2025 14:42:03;17/10/2025 14:42:04;NAO;682476,4;12855h 34m;0;25;-;-;-;-;N/A;N/A;N/A;N/A;N/A;N/A;NAO;NAO;" ";" ";-;SBT;-;Recife;PE
17/10/2025 14:38:03;17/10/2025 14:38:05;NAO;682476,4;12855h 34m;0;25;-;-;-;-;N/A;N/A;N/A;N/A;N/A;N/A;NAO;NAO;" ";" ";-;SBT;-;Recife;PE
17/10/2025 14:34:03;17/10/2025 14:34:04;NAO;682476,4;12855h 34m;0;25;-;-;-;-;N/A;N/A;N/A;N/A;N/A;N/A;NAO;NAO;" ";" ";-;SBT;-;Recife;PE
17/10/2025 14:30:03;17/10/2025 14:30:05;NAO;682476,4;12855h 34m;0;25;-;-;-;-;N/A;N/A;N/A;N/A;N/A;N/A;NAO;NAO;" ";" ";-;SBT;-;Recife;PE
17/10/2025 14:26:03;17/10/2025 14:26:05;NAO;682476,4;12855h 34m;0;25;-;-;-;-;N/A;N/A;N/A;N/A;N/A;N/A;NAO;NAO;" ";" ";-;SBT;-;Recife;PE
17/10/2025 14:22:03;17/10/2025 14:22:06;NAO;682476,4;12855h 34m;0;24;-;-;-;-;N/A;N/A;N/A;N/A;N/A;N/A;NAO;NAO;" ";" ";-;SBT;-;Recife;PE
17/10/2025 14:18:03;17/10/2025 14:18:05;NAO;682476,4;12855h 34m;0;25;-;-;-;-;N/A;N/A;N/A;N/A;N/A;N/A;NAO;NAO;" ";" ";-;SBT;-;Recife;PE
17/10/2025 14:14:03;17/10/2025 14:14:04;NAO;682476,4;12855h 34m;0;24;-;-;-;-;N/A;N/A;N/A;N/A;N/A;N/A;NAO;NAO;" ";" ";-;SBT;-;Recife;PE
17/10/2025 14:10:03;17/10/2025 14:10:04;NAO;682476,4;12855h 34m;0;25;-;-;-;-;N/A;N/A;N/A;N/A;N/A;N/A;NAO;NAO;" ";" ";-;SBT;-;Recife;PE
17/10/2025 14:06:03;17/10/2025 14:06:04;NAO;682476,4;12855h 34m;0;25;-;-;-;-;N/A;N/A;N/A;N/A;N/A;N/A;NAO;NAO;" ";" ";-;SBT;-;Recife;PE
17/10/2025 14:02:03;17/10/2025 14:02:06;NAO;682476,4;12855h 34m;0;24;-;-;-;-;N/A;N/A;N/A;N/A;N/A;N/A;NAO;NAO;" ";" ";-;SBT;-;Recife;PE
17/10/2025 13:58:03;17/10/2025 13:58:09;NAO;682476,4;12855h 34m;0;25;-;-;-;-;N/A;N/A;N/A;N/A;N/A;N/A;NAO;NAO;" ";" ";-;SBT;-;Recife;PE
17/10/2025 13:54:03;17/10/2025 13:54:04;NAO;682476,4;12855h 34m;0;25;-;-;-;-;N/A;N/A;N/A;N/A;N/A;N/A;NAO;NAO;" ";" ";-;SBT;-;Recife;PE
17/10/2025 13:50:03;17/10/2025 13:50:04;NAO;682476,4;12855h 34m;0;26;-;-;-;-;N/A;N/A;N/A;N/A;N/A;N/A;NAO;NAO;" ";" ";-;SBT;-;Recife;PE
17/10/2025 13:38:38;17/10/2025 13:38:41;NAO;682476,4;12855h 34m;0;25;-;-;-;-;N/A;N/A;N/A;N/A;N/A;N/A;NAO;NAO;" ";" ";-;SBT;-;Recife;PE
17/10/2025 13:38:35;17/10/2025 13:38:39;NAO;682476,4;12855h 34m;564;25;-;-;-;-;N/A;N/A;N/A;N/A;N/A;N/A;NAO;NAO;" ";" ";-;SBT;-;Recife;PE
17/10/2025 13:37:47;17/10/2025 13:37:48;SIM;682476,4;12855h 33m;774;24;-;-;-;-;N/A;N/A;N/A;N/A;N/A;N/A;NAO;NAO;" ";" ";-;SBT;-;Recife;PE
17/10/2025 13:37:27;17/10/2025 13:37:28;SIM;682476,3;12855h 32m;1112;24;-;-;-;-;N/A;N/A;N/A;N/A;N/A;N/A;NAO;NAO;" ";" ";-;SBT;-;Recife;PE
17/10/2025 13:37:20;17/10/2025 13:37:21;SIM;682476,2;12855h 32m;877;24;-;-;-;-;N/A;N/A;N/A;N/A;N/A;N/A;NAO;NAO;" ";" ";-;SBT;-;Recife;PE
17/10/2025 13:35:11;17/10/2025 13:35:12;SIM;682475,1;12855h 30m;980;24;-;-;-;-;N/A;N/A;N/A;N/A;N/A;N/A;NAO;NAO;" ";" ";-;SBT;-;Recife;PE
17/10/2025 13:34:04;17/10/2025 13:34:04;SIM;682474,4;12855h 29m;1121;24;-;-;-;-;N/A;N/A;N/A;N/A;N/A;N/A;NAO;NAO;" ";" ";-;SBT;-;Recife;PE
17/10/2025 13:33:49;17/10/2025 13:33:50;SIM;682474,3;12855h 29m;914;24;-;-;-;-;N/A;N/A;N/A;N/A;N/A;N/A;NAO;NAO;" ";" ";-;SBT;-;Recife;PE
17/10/2025 13:31:14;17/10/2025 13:31:15;SIM;682473,1;12855h 26m;782;24;-;-;-;-;N/A;N/A;N/A;N/A;N/A;N/A;NAO;NAO;" ";" ";-;SBT;-;Recife;PE
17/10/2025 13:30:25;17/10/2025 13:30:27;SIM;682473,0;12855h 25m;1071;24;-;-;-;-;N/A;N/A;N/A;N/A;N/A;N/A;NAO;NAO;" ";" ";-;SBT;-;Recife;PE
17/10/2025 13:28:56;17/10/2025 13:28:58;SIM;682472,9;12855h 24m;1161;24;-;-;-;-;N/A;N/A;N/A;N/A;N/A;N/A;NAO;NAO;" ";" ";-;SBT;-;Recife;PE
17/10/2025 13:28:15;17/10/2025 13:28:17;SIM;682472,9;12855h 23m;0;24;-;-;-;-;N/A;N/A;N/A;N/A;N/A;N/A;NAO;NAO;" ";" ";-;SBT;-;Recife;PE
17/10/2025 13:26:02;17/10/2025 13:26:04;NAO;682472,9;12855h 23m;0;24;-;-;-;-;N/A;N/A;N/A;N/A;N/A;N/A;NAO;NAO;" ";" ";-;SBT;-;Recife;PE
17/10/2025 13:22:02;17/10/2025 13:22:18;NAO;682472,9;12855h 23m;0;24;-;-;-;-;N/A;N/A;N/A;N/A;N/A;N/A;NAO;NAO;" ";" ";-;SBT;-;Recife;PE
17/10/2025 13:18:02;17/10/2025 13:18:03;NAO;682472,9;12855h 23m;0;24;-;-;-;-;N/A;N/A;N/A;N/A;N/A;N/A;NAO;NAO;" ";" ";-;SBT;-;Recife;PE
17/10/2025 13:14:02;17/10/2025 13:14:04;NAO;682472,9;12855h 23m;0;24;-;-;-;-;N/A;N/A;N/A;N/A;N/A;N/A;NAO;NAO;" ";" ";-;SBT;-;Recife;PE
17/10/2025 13:10:02;17/10/2025 13:10:04;NAO;682472,9;12855h 23m;0;24;-;-;-;-;N/A;N/A;N/A;N/A;N/A;N/A;NAO;NAO;" ";" ";-;SBT;-;Recife;PE
17/10/2025 13:06:02;17/10/2025 13:06:04;NAO;682472,9;12855h 23m;0;24;-;-;-;-;N/A;N/A;N/A;N/A;N/A;N/A;NAO;NAO;" ";" ";-;SBT;-;Recife;PE
17/10/2025 13:02:02;17/10/2025 13:02:04;NAO;682472,9;12855h 23m;0;24;-;-;-;-;N/A;N/A;N/A;N/A;N/A;N/A;NAO;NAO;" ";" ";-;SBT;-;Recife;PE
17/10/2025 12:58:02;17/10/2025 12:58:03;NAO;682472,9;12855h 23m;0;24;-;-;-;-;N/A;N/A;N/A;N/A;N/A;N/A;NAO;NAO;" ";" ";-;SBT;-;Recife;PE
17/10/2025 12:54:02;17/10/2025 12:54:03;NAO;682472,9;12855h 23m;0;24;-;-;-;-;N/A;N/A;N/A;N/A;N/A;N/A;NAO;NAO;" ";" ";-;SBT;-;Recife;PE
17/10/2025 12:50:02;17/10/2025 12:50:04;NAO;682472,9;12855h 23m;0;24;-;-;-;-;N/A;N/A;N/A;N/A;N/A;N/A;NAO;NAO;" ";" ";-;SBT;-;Recife;PE
17/10/2025 12:46:02;17/10/2025 12:46:04;NAO;682472,9;12855h 23m;0;24;-;-;-;-;N/A;N/A;N/A;N/A;N/A;N/A;NAO;NAO;" ";" ";-;SBT;-;Recife;PE
17/10/2025 12:42:02;17/10/2025 12:42:04;NAO;682472,9;12855h 23m;0;24;-;-;-;-;N/A;N/A;N/A;N/A;N/A;N/A;NAO;NAO;" ";" ";-;SBT;-;Recife;PE
17/10/2025 12:38:02;17/10/2025 12:38:03;NAO;682472,9;12855h 23m;0;24;-;-;-;-;N/A;N/A;N/A;N/A;N/A;N/A;NAO;NAO;" ";" ";-;SBT;-;Recife;PE
17/10/2025 12:34:02;17/10/2025 12:34:03;NAO;682472,9;12855h 23m;0;24;-;-;-;-;N/A;N/A;N/A;N/A;N/A;N/A;NAO;NAO;" ";" ";-;SBT;-;Recife;PE
17/10/2025 12:30:02;17/10/2025 12:30:03;NAO;682472,9;12855h 23m;0;23;-;-;-;-;N/A;N/A;N/A;N/A;N/A;N/A;NAO;NAO;" ";" ";-;SBT;-;Recife;PE
17/10/2025 12:26:02;17/10/2025 12:26:03;NAO;682472,9;12855h 23m;0;23;-;-;-;-;N/A;N/A;N/A;N/A;N/A;N/A;NAO;NAO;" ";" ";-;SBT;-;Recife;PE
17/10/2025 12:22:02;17/10/2025 12:22:03;NAO;682472,9;12855h 23m;0;24;-;-;-;-;N/A;N/A;N/A;N/A;N/A;N/A;NAO;NAO;" ";" ";-;SBT;-;Recife;PE
17/10/2025 12:18:02;17/10/2025 12:18:03;NAO;682472,9;12855h 23m;0;23;-;-;-;-;N/A;N/A;N/A;N/A;N/A;N/A;NAO;NAO;" ";" ";-;SBT;-;Recife;PE
17/10/2025 12:14:02;17/10/2025 12:14:04;NAO;682472,9;12855h 23m;0;23;-;-;-;-;N/A;N/A;N/A;N/A;N/A;N/A;NAO;NAO;" ";" ";-;SBT;-;Recife;PE
17/10/2025 12:10:02;17/10/2025 12:10:04;NAO;682472,9;12855h 23m;0;23;-;-;-;-;N/A;N/A;N/A;N/A;N/A;N/A;NAO;NAO;" ";" ";-;SBT;-;Recife;PE
17/10/2025 12:06:02;17/10/2025 12:06:03;NAO;682472,9;12855h 23m;0;23;-;-;-;-;N/A;N/A;N/A;N/A;N/A;N/A;NAO;NAO;" ";" ";-;SBT;-;Recife;PE
17/10/2025 12:02:02;17/10/2025 12:02:04;NAO;682472,9;12855h 23m;0;23;-;-;-;-;N/A;N/A;N/A;N/A;N/A;N/A;NAO;NAO;" ";" ";-;SBT;-;Recife;PE
17/10/2025 11:58:02;17/10/2025 11:58:03;NAO;682472,9;12855h 23m;0;23;-;-;-;-;N/A;N/A;N/A;N/A;N/A;N/A;NAO;NAO;" ";" ";-;SBT;-;Recife;PE
17/10/2025 11:54:02;17/10/2025 11:54:03;NAO;682472,9;12855h 23m;0;23;-;-;-;-;N/A;N/A;N/A;N/A;N/A;N/A;NAO;NAO;" ";" ";-;SBT;-;Recife;PE
17/10/2025 11:50:02;17/10/2025 11:50:03;NAO;682472,9;12855h 23m;0;23;-;-;-;-;N/A;N/A;N/A;N/A;N/A;N/A;NAO;NAO;" ";" ";-;SBT;-;Recife;PE
17/10/2025 11:46:02;17/10/2025 11:46:51;NAO;682472,9;12855h 23m;0;22;-;-;-;-;N/A;N/A;N/A;N/A;N/A;N/A;SIM;NAO;" ";" ";-;SBT;-;Recife;PE
17/10/2025 11:42:02;17/10/2025 11:42:03;NAO;682472,9;12855h 23m;0;22;-;-;-;-;N/A;N/A;N/A;N/A;N/A;N/A;NAO;NAO;" ";" ";-;SBT;-;Recife;PE
17/10/2025 11:38:02;17/10/2025 11:38:05;NAO;682472,9;12855h 23m;0;23;-;-;-;-;N/A;N/A;N/A;N/A;N/A;N/A;NAO;NAO;" ";" ";-;SBT;-;Recife;PE
17/10/2025 11:34:02;17/10/2025 11:34:05;NAO;682472,9;12855h 23m;0;22;-;-;-;-;N/A;N/A;N/A;N/A;N/A;N/A;NAO;NAO;" ";" ";-;SBT;-;Recife;PE
17/10/2025 11:30:02;17/10/2025 11:30:18;NAO;682472,9;12855h 23m;0;22;-;-;-;-;N/A;N/A;N/A;N/A;N/A;N/A;NAO;NAO;" ";" ";-;SBT;-;Recife;PE
17/10/2025 11:26:02;17/10/2025 11:26:03;NAO;682472,9;12855h 23m;0;22;-;-;-;-;N/A;N/A;N/A;N/A;N/A;N/A;NAO;NAO;" ";" ";-;SBT;-;Recife;PE
17/10/2025 11:22:02;17/10/2025 11:22:04;NAO;682472,9;12855h 23m;0;22;-;-;-;-;N/A;N/A;N/A;N/A;N/A;N/A;NAO;NAO;" ";" ";-;SBT;-;Recife;PE
17/10/2025 11:18:02;17/10/2025 11:18:03;NAO;682472,9;12855h 23m;0;22;-;-;-;-;N/A;N/A;N/A;N/A;N/A;N/A;NAO;NAO;" ";" ";-;SBT;-;Recife;PE
17/10/2025 11:14:02;17/10/2025 11:14:19;NAO;682472,9;12855h 23m;0;22;-;-;-;-;N/A;N/A;N/A;N/A;N/A;N/A;NAO;NAO;" ";" ";-;SBT;-;Recife;PE
17/10/2025 11:10:02;17/10/2025 11:10:05;NAO;682472,9;12855h 23m;0;22;-;-;-;-;N/A;N/A;N/A;N/A;N/A;N/A;NAO;NAO;" ";" ";-;SBT;-;Recife;PE
17/10/2025 11:06:02;17/10/2025 11:06:03;NAO;682472,9;12855h 23m;0;23;-;-;-;-;N/A;N/A;N/A;N/A;N/A;N/A;NAO;NAO;" ";" ";-;SBT;-;Recife;PE
17/10/2025 11:02:02;17/10/2025 11:02:06;NAO;682472,9;12855h 23m;0;23;-;-;-;-;N/A;N/A;N/A;N/A;N/A;N/A;NAO;NAO;" ";" ";-;SBT;-;Recife;PE
17/10/2025 10:58:02;17/10/2025 10:58:04;NAO;682472,9;12855h 23m;0;23;-;-;-;-;N/A;N/A;N/A;N/A;N/A;N/A;NAO;NAO;" ";" ";-;SBT;-;Recife;PE
17/10/2025 10:54:02;17/10/2025 10:54:04;NAO;682472,9;12855h 23m;0;23;-;-;-;-;N/A;N/A;N/A;N/A;N/A;N/A;NAO;NAO;" ";" ";-;SBT;-;Recife;PE
17/10/2025 10:50:02;17/10/2025 10:50:04;NAO;682472,9;12855h 23m;0;23;-;-;-;-;N/A;N/A;N/A;N/A;N/A;N/A;NAO;NAO;" ";" ";-;SBT;-;Recife;PE
17/10/2025 10:46:02;17/10/2025 10:46:04;NAO;682472,9;12855h 23m;0;23;-;-;-;-;N/A;N/A;N/A;N/A;N/A;N/A;NAO;NAO;" ";" ";-;SBT;-;Recife;PE
17/10/2025 10:42:02;17/10/2025 10:42:04;NAO;682472,9;12855h 23m;0;23;-;-;-;-;N/A;N/A;N/A;N/A;N/A;N/A;NAO;NAO;" ";" ";-;SBT;-;Recife;PE
17/10/2025 10:38:02;17/10/2025 10:38:04;NAO;682472,9;12855h 23m;0;23;-;-;-;-;N/A;N/A;N/A;N/A;N/A;N/A;NAO;NAO;" ";" ";-;SBT;-;Recife;PE
17/10/2025 10:34:02;17/10/2025 10:34:04;NAO;682472,9;12855h 23m;0;23;-;-;-;-;N/A;N/A;N/A;N/A;N/A;N/A;NAO;NAO;" ";" ";-;SBT;-;Recife;PE
17/10/2025 10:30:02;17/10/2025 10:30:03;NAO;682472,9;12855h 23m;0;23;-;-;-;-;N/A;N/A;N/A;N/A;N/A;N/A;NAO;NAO;" ";" ";-;SBT;-;Recife;PE
17/10/2025 10:26:02;17/10/2025 10:26:04;NAO;682472,9;12855h 23m;0;23;-;-;-;-;N/A;N/A;N/A;N/A;N/A;N/A;NAO;NAO;" ";" ";-;SBT;-;Recife;PE
17/10/2025 10:22:02;17/10/2025 10:22:19;NAO;682472,9;12855h 23m;0;23;-;-;-;-;N/A;N/A;N/A;N/A;N/A;N/A;NAO;NAO;" ";" ";-;SBT;-;Recife;PE
17/10/2025 10:18:02;17/10/2025 10:18:04;NAO;682472,9;12855h 23m;0;23;-;-;-;-;N/A;N/A;N/A;N/A;N/A;N/A;NAO;NAO;" ";" ";-;SBT;-;Recife;PE
17/10/2025 10:14:02;17/10/2025 10:14:04;NAO;682472,9;12855h 23m;0;23;-;-;-;-;N/A;N/A;N/A;N/A;N/A;N/A;NAO;NAO;" ";" ";-;SBT;-;Recife;PE
17/10/2025 10:10:02;17/10/2025 10:10:04;NAO;682472,9;12855h 23m;0;23;-;-;-;-;N/A;N/A;N/A;N/A;N/A;N/A;NAO;NAO;" ";" ";-;SBT;-;Recife;PE
17/10/2025 10:06:02;17/10/2025 10:06:04;NAO;682472,9;12855h 23m;0;23;-;-;-;-;N/A;N/A;N/A;N/A;N/A;N/A;NAO;NAO;" ";" ";-;SBT;-;Recife;PE
17/10/2025 10:02:02;17/10/2025 10:02:04;NAO;682472,9;12855h 23m;0;23;-;-;-;-;N/A;N/A;N/A;N/A;N/A;N/A;NAO;NAO;" ";" ";-;SBT;-;Recife;PE
17/10/2025 09:58:02;17/10/2025 09:58:04;NAO;682472,9;12855h 23m;0;23;-;-;-;-;N/A;N/A;N/A;N/A;N/A;N/A;NAO;NAO;" ";" ";-;SBT;-;Recife;PE
17/10/2025 09:54:02;17/10/2025 09:54:04;NAO;682472,9;12855h 23m;0;23;-;-;-;-;N/A;N/A;N/A;N/A;N/A;N/A;NAO;NAO;" ";" ";-;SBT;-;Recife;PE
17/10/2025 09:50:02;17/10/2025 09:50:04;NAO;682472,9;12855h 23m;0;23;-;-;-;-;N/A;N/A;N/A;N/A;N/A;N/A;NAO;NAO;" ";" ";-;SBT;-;Recife;PE
17/10/2025 09:46:02;17/10/2025 09:46:04;NAO;682472,9;12855h 23m;0;23;-;-;-;-;N/A;N/A;N/A;N/A;N/A;N/A;NAO;NAO;" ";" ";-;SBT;-;Recife;PE
17/10/2025 09:42:02;17/10/2025 09:42:04;NAO;682472,9;12855h 23m;0;23;-;-;-;-;N/A;N/A;N/A;N/A;N/A;N/A;NAO;NAO;" ";" ";-;SBT;-;Recife;PE
17/10/2025 09:38:02;17/10/2025 09:38:03;NAO;682472,9;12855h 23m;0;23;-;-;-;-;N/A;N/A;N/A;N/A;N/A;N/A;NAO;NAO;" ";" ";-;SBT;-;Recife;PE
17/10/2025 09:34:02;17/10/2025 09:34:04;NAO;682472,9;12855h 23m;0;23;-;-;-;-;N/A;N/A;N/A;N/A;N/A;N/A;NAO;NAO;" ";" ";-;SBT;-;Recife;PE
17/10/2025 09:30:02;17/10/2025 09:30:04;NAO;682472,9;12855h 23m;0;23;-;-;-;-;N/A;N/A;N/A;N/A;N/A;N/A;NAO;NAO;" ";" ";-;SBT;-;Recife;PE
17/10/2025 09:26:02;17/10/2025 09:26:04;NAO;682472,9;12855h 23m;0;23;-;-;-;-;N/A;N/A;N/A;N/A;N/A;N/A;NAO;NAO;" ";" ";-;SBT;-;Recife;PE
17/10/2025 09:22:02;17/10/2025 09:22:03;NAO;682472,9;12855h 23m;0;23;-;-;-;-;N/A;N/A;N/A;N/A;N/A;N/A;NAO;NAO;" ";" ";-;SBT;-;Recife;PE
17/10/2025 09:18:02;17/10/2025 09:18:04;NAO;682472,9;12855h 23m;0;23;-;-;-;-;N/A;N/A;N/A;N/A;N/A;N/A;NAO;NAO;" ";" ";-;SBT;-;Recife;PE
17/10/2025 09:14:02;17/10/2025 09:14:03;NAO;682472,9;12855h 23m;0;23;-;-;-;-;N/A;N/A;N/A;N/A;N/A;N/A;NAO;NAO;" ";" ";-;SBT;-;Recife;PE
17/10/2025 09:10:02;17/10/2025 09:10:04;NAO;682472,9;12855h 23m;0;23;-;-;-;-;N/A;N/A;N/A;N/A;N/A;N/A;NAO;NAO;" ";" ";-;SBT;-;Recife;PE
17/10/2025 09:06:02;17/10/2025 09:06:03;NAO;682472,9;12855h 23m;0;23;-;-;-;-;N/A;N/A;N/A;N/A;N/A;N/A;NAO;NAO;" ";" ";-;SBT;-;Recife;PE
17/10/2025 09:02:02;17/10/2025 09:02:04;NAO;682472,9;12855h 23m;0;23;-;-;-;-;N/A;N/A;N/A;N/A;N/A;N/A;NAO;NAO;" ";" ";-;SBT;-;Recife;PE
17/10/2025 08:58:02;17/10/2025 08:58:03;NAO;682472,9;12855h 23m;0;23;-;-;-;-;N/A;N/A;N/A;N/A;N/A;N/A;NAO;NAO;" ";" ";-;SBT;-;Recife;PE
17/10/2025 08:54:02;17/10/2025 08:54:04;NAO;682472,9;12855h 23m;0;23;-;-;-;-;N/A;N/A;N/A;N/A;N/A;N/A;NAO;NAO;" ";" ";-;SBT;-;Recife;PE
17/10/2025 08:50:02;17/10/2025 08:50:03;NAO;682472,9;12855h 23m;0;23;-;-;-;-;N/A;N/A;N/A;N/A;N/A;N/A;NAO;NAO;" ";" ";-;SBT;-;Recife;PE
17/10/2025 08:46:02;17/10/2025 08:46:03;NAO;682472,9;12855h 23m;0;23;-;-;-;-;N/A;N/A;N/A;N/A;N/A;N/A;NAO;NAO;" ";" ";-;SBT;-;Recife;PE
17/10/2025 08:42:02;17/10/2025 08:42:04;NAO;682472,9;12855h 23m;0;23;-;-;-;-;N/A;N/A;N/A;N/A;N/A;N/A;NAO;NAO;" ";" ";-;SBT;-;Recife;PE
17/10/2025 08:38:02;17/10/2025 08:38:03;NAO;682472,9;12855h 23m;0;23;-;-;-;-;N/A;N/A;N/A;N/A;N/A;N/A;NAO;NAO;" ";" ";-;SBT;-;Recife;PE
17/10/2025 08:34:02;17/10/2025 08:34:04;NAO;682472,9;12855h 23m;0;23;-;-;-;-;N/A;N/A;N/A;N/A;N/A;N/A;NAO;NAO;" ";" ";-;SBT;-;Recife;PE
17/10/2025 08:30:02;17/10/2025 08:30:04;NAO;682472,9;12855h 23m;0;23;-;-;-;-;N/A;N/A;N/A;N/A;N/A;N/A;NAO;NAO;" ";" ";-;SBT;-;Recife;PE
17/10/2025 08:26:02;17/10/2025 08:26:03;NAO;682472,9;12855h 23m;0;23;-;-;-;-;N/A;N/A;N/A;N/A;N/A;N/A;NAO;NAO;" ";" ";-;SBT;-;Recife;PE
17/10/2025 08:22:02;17/10/2025 08:22:03;NAO;682472,9;12855h 23m;0;23;-;-;-;-;N/A;N/A;N/A;N/A;N/A;N/A;NAO;NAO;" ";" ";-;SBT;-;Recife;PE
17/10/2025 08:18:02;17/10/2025 08:18:03;NAO;682472,9;12855h 23m;0;23;-;-;-;-;N/A;N/A;N/A;N/A;N/A;N/A;NAO;NAO;" ";" ";-;SBT;-;Recife;PE
17/10/2025 08:14:02;17/10/2025 08:14:04;NAO;682472,9;12855h 23m;0;23;-;-;-;-;N/A;N/A;N/A;N/A;N/A;N/A;NAO;NAO;" ";" ";-;SBT;-;Recife;PE
17/10/2025 08:10:02;17/10/2025 08:10:03;NAO;682472,9;12855h 23m;0;23;-;-;-;-;N/A;N/A;N/A;N/A;N/A;N/A;NAO;NAO;" ";" ";-;SBT;-;Recife;PE
17/10/2025 08:06:02;17/10/2025 08:06:04;NAO;682472,9;12855h 23m;0;23;-;-;-;-;N/A;N/A;N/A;N/A;N/A;N/A;NAO;NAO;" ";" ";-;SBT;-;Recife;PE
17/10/2025 08:02:02;17/10/2025 08:02:04;NAO;682472,9;12855h 23m;0;23;-;-;-;-;N/A;N/A;N/A;N/A;N/A;N/A;NAO;NAO;" ";" ";-;SBT;-;Recife;PE
17/10/2025 07:58:02;17/10/2025 07:58:04;NAO;682472,9;12855h 23m;0;23;-;-;-;-;N/A;N/A;N/A;N/A;N/A;N/A;NAO;NAO;" ";" ";-;SBT;-;Recife;PE
17/10/2025 07:54:02;17/10/2025 07:54:03;NAO;682472,9;12855h 23m;0;23;-;-;-;-;N/A;N/A;N/A;N/A;N/A;N/A;NAO;NAO;" ";" ";-;SBT;-;Recife;PE
17/10/2025 07:50:02;17/10/2025 07:50:04;NAO;682472,9;12855h 23m;0;23;-;-;-;-;N/A;N/A;N/A;N/A;N/A;N/A;NAO;NAO;" ";" ";-;SBT;-;Recife;PE
17/10/2025 07:46:02;17/10/2025 07:46:04;NAO;682472,9;12855h 23m;0;23;-;-;-;-;N/A;N/A;N/A;N/A;N/A;N/A;NAO;NAO;" ";" ";-;SBT;-;Recife;PE
17/10/2025 07:42:02;17/10/2025 07:42:04;NAO;682472,9;12855h 23m;0;23;-;-;-;-;N/A;N/A;N/A;N/A;N/A;N/A;NAO;NAO;" ";" ";-;SBT;-;Recife;PE
17/10/2025 07:38:02;17/10/2025 07:38:04;NAO;682472,9;12855h 23m;0;23;-;-;-;-;N/A;N/A;N/A;N/A;N/A;N/A;NAO;NAO;" ";" ";-;SBT;-;Recife;PE
17/10/2025 07:34:02;17/10/2025 07:34:04;NAO;682472,9;12855h 23m;0;23;-;-;-;-;N/A;N/A;N/A;N/A;N/A;N/A;NAO;NAO;" ";" ";-;SBT;-;Recife;PE
17/10/2025 07:30:02;17/10/2025 07:30:04;NAO;682472,9;12855h 23m;0;23;-;-;-;-;N/A;N/A;N/A;N/A;N/A;N/A;NAO;NAO;" ";" ";-;SBT;-;Recife;PE
17/10/2025 07:26:02;17/10/2025 07:26:04;NAO;682472,9;12855h 23m;0;22;-;-;-;-;N/A;N/A;N/A;N/A;N/A;N/A;NAO;NAO;" ";" ";-;SBT;-;Recife;PE
17/10/2025 07:22:02;17/10/2025 07:22:04;NAO;682472,9;12855h 23m;0;22;-;-;-;-;N/A;N/A;N/A;N/A;N/A;N/A;NAO;NAO;" ";" ";-;SBT;-;Recife;PE
17/10/2025 07:18:02;17/10/2025 07:18:04;NAO;682472,9;12855h 23m;0;22;-;-;-;-;N/A;N/A;N/A;N/A;N/A;N/A;NAO;NAO;" ";" ";-;SBT;-;Recife;PE
17/10/2025 07:14:02;17/10/2025 07:14:04;NAO;682472,9;12855h 23m;0;22;-;-;-;-;N/A;N/A;N/A;N/A;N/A;N/A;NAO;NAO;" ";" ";-;SBT;-;Recife;PE
17/10/2025 07:10:03;17/10/2025 07:10:04;NAO;682472,9;12855h 23m;0;22;-;-;-;-;N/A;N/A;N/A;N/A;N/A;N/A;NAO;NAO;" ";" ";-;SBT;-;Recife;PE
17/10/2025 07:06:03;17/10/2025 07:06:03;NAO;682472,9;12855h 23m;0;22;-;-;-;-;N/A;N/A;N/A;N/A;N/A;N/A;NAO;NAO;" ";" ";-;SBT;-;Recife;PE
17/10/2025 07:02:03;17/10/2025 07:02:03;NAO;682472,9;12855h 23m;0;22;-;-;-;-;N/A;N/A;N/A;N/A;N/A;N/A;NAO;NAO;" ";" ";-;SBT;-;Recife;PE
17/10/2025 06:58:03;17/10/2025 06:58:03;NAO;682472,9;12855h 23m;0;23;-;-;-;-;N/A;N/A;N/A;N/A;N/A;N/A;NAO;NAO;" ";" ";-;SBT;-;Recife;PE
17/10/2025 06:54:03;17/10/2025 06:54:03;NAO;682472,9;12855h 23m;0;23;-;-;-;-;N/A;N/A;N/A;N/A;N/A;N/A;NAO;NAO;" ";" ";-;SBT;-;Recife;PE
17/10/2025 06:50:03;17/10/2025 06:50:04;NAO;682472,9;12855h 23m;0;23;-;-;-;-;N/A;N/A;N/A;N/A;N/A;N/A;NAO;NAO;" ";" ";-;SBT;-;Recife;PE
17/10/2025 06:46:03;17/10/2025 06:46:04;NAO;682472,9;12855h 23m;0;23;-;-;-;-;N/A;N/A;N/A;N/A;N/A;N/A;NAO;NAO;" ";" ";-;SBT;-;Recife;PE
17/10/2025 06:42:03;17/10/2025 06:42:04;NAO;682472,9;12855h 23m;0;23;-;-;-;-;N/A;N/A;N/A;N/A;N/A;N/A;NAO;NAO;" ";" ";-;SBT;-;Recife;PE
17/10/2025 06:38:03;17/10/2025 06:38:03;NAO;682472,9;12855h 23m;0;23;-;-;-;-;N/A;N/A;N/A;N/A;N/A;N/A;NAO;NAO;" ";" ";-;SBT;-;Recife;PE
17/10/2025 06:34:03;17/10/2025 06:34:03;NAO;682472,9;12855h 23m;0;23;-;-;-;-;N/A;N/A;N/A;N/A;N/A;N/A;NAO;NAO;" ";" ";-;SBT;-;Recife;PE
17/10/2025 06:30:03;17/10/2025 06:30:03;NAO;682472,9;12855h 23m;0;23;-;-;-;-;N/A;N/A;N/A;N/A;N/A;N/A;NAO;NAO;" ";" ";-;SBT;-;Recife;PE
17/10/2025 06:26:03;17/10/2025 06:26:03;NAO;682472,9;12855h 23m;0;23;-;-;-;-;N/A;N/A;N/A;N/A;N/A;N/A;NAO;NAO;" ";" ";-;SBT;-;Recife;PE
17/10/2025 06:22:03;17/10/2025 06:22:04;NAO;682472,9;12855h 23m;0;23;-;-;-;-;N/A;N/A;N/A;N/A;N/A;N/A;NAO;NAO;" ";" ";-;SBT;-;Recife;PE
17/10/2025 06:18:03;17/10/2025 06:18:04;NAO;682472,9;12855h 23m;0;23;-;-;-;-;N/A;N/A;N/A;N/A;N/A;N/A;NAO;NAO;" ";" ";-;SBT;-;Recife;PE
17/10/2025 06:14:03;17/10/2025 06:14:03;NAO;682472,9;12855h 23m;0;23;-;-;-;-;N/A;N/A;N/A;N/A;N/A;N/A;NAO;NAO;" ";" ";-;SBT;-;Recife;PE
17/10/2025 06:10:03;17/10/2025 06:10:18;NAO;682472,9;12855h 23m;0;23;-;-;-;-;N/A;N/A;N/A;N/A;N/A;N/A;NAO;NAO;" ";" ";-;SBT;-;Recife;PE
17/10/2025 06:06:03;17/10/2025 06:06:03;NAO;682472,9;12855h 23m;0;23;-;-;-;-;N/A;N/A;N/A;N/A;N/A;N/A;NAO;NAO;" ";" ";-;SBT;-;Recife;PE
17/10/2025 06:02:03;17/10/2025 06:02:04;NAO;682472,9;12855h 23m;0;23;-;-;-;-;N/A;N/A;N/A;N/A;N/A;N/A;NAO;NAO;" ";" ";-;SBT;-;Recife;PE
17/10/2025 05:58:03;17/10/2025 05:58:04;NAO;682472,9;12855h 23m;0;23;-;-;-;-;N/A;N/A;N/A;N/A;N/A;N/A;NAO;NAO;" ";" ";-;SBT;-;Recife;PE
17/10/2025 05:54:03;17/10/2025 05:54:04;NAO;682472,9;12855h 23m;0;23;-;-;-;-;N/A;N/A;N/A;N/A;N/A;N/A;NAO;NAO;" ";" ";-;SBT;-;Recife;PE
17/10/2025 05:50:03;17/10/2025 05:50:04;NAO;682472,9;12855h 23m;0;23;-;-;-;-;N/A;N/A;N/A;N/A;N/A;N/A;NAO;NAO;" ";" ";-;SBT;-;Recife;PE
17/10/2025 05:46:03;17/10/2025 05:47:05;NAO;682472,9;12855h 23m;0;23;-;-;-;-;N/A;N/A;N/A;N/A;N/A;N/A;SIM;NAO;" ";" ";-;SBT;-;Recife;PE
17/10/2025 05:42:03;17/10/2025 05:42:05;NAO;682472,9;12855h 23m;0;23;-;-;-;-;N/A;N/A;N/A;N/A;N/A;N/A;NAO;NAO;" ";" ";-;SBT;-;Recife;PE
17/10/2025 05:38:03;17/10/2025 05:38:04;NAO;682472,9;12855h 23m;0;23;-;-;-;-;N/A;N/A;N/A;N/A;N/A;N/A;NAO;NAO;" ";" ";-;SBT;-;Recife;PE
17/10/2025 05:34:03;17/10/2025 05:34:04;NAO;682472,9;12855h 23m;0;23;-;-;-;-;N/A;N/A;N/A;N/A;N/A;N/A;NAO;NAO;" ";" ";-;SBT;-;Recife;PE
17/10/2025 05:30:03;17/10/2025 05:30:04;NAO;682472,9;12855h 23m;0;23;-;-;-;-;N/A;N/A;N/A;N/A;N/A;N/A;NAO;NAO;" ";" ";-;SBT;-;Recife;PE
17/10/2025 05:26:03;17/10/2025 05:26:04;NAO;682472,9;12855h 23m;0;23;-;-;-;-;N/A;N/A;N/A;N/A;N/A;N/A;NAO;NAO;" ";" ";-;SBT;-;Recife;PE
17/10/2025 05:22:03;17/10/2025 05:22:03;NAO;682472,9;12855h 23m;0;23;-;-;-;-;N/A;N/A;N/A;N/A;N/A;N/A;NAO;NAO;" ";" ";-;SBT;-;Recife;PE
17/10/2025 05:18:03;17/10/2025 05:18:04;NAO;682472,9;12855h 23m;0;23;-;-;-;-;N/A;N/A;N/A;N/A;N/A;N/A;NAO;NAO;" ";" ";-;SBT;-;Recife;PE
17/10/2025 05:14:03;17/10/2025 05:14:04;NAO;682472,9;12855h 23m;0;21;-;-;-;-;N/A;N/A;N/A;N/A;N/A;N/A;NAO;NAO;" ";" ";-;SBT;-;Recife;PE
17/10/2025 05:10:03;17/10/2025 05:10:04;NAO;682472,9;12855h 23m;0;21;-;-;-;-;N/A;N/A;N/A;N/A;N/A;N/A;NAO;NAO;" ";" ";-;SBT;-;Recife;PE
17/10/2025 05:06:03;17/10/2025 05:06:04;NAO;682472,9;12855h 23m;0;21;-;-;-;-;N/A;N/A;N/A;N/A;N/A;N/A;NAO;NAO;" ";" ";-;SBT;-;Recife;PE
17/10/2025 05:02:03;17/10/2025 05:02:04;NAO;682472,9;12855h 23m;0;21;-;-;-;-;N/A;N/A;N/A;N/A;N/A;N/A;NAO;NAO;" ";" ";-;SBT;-;Recife;PE
17/10/2025 04:58:03;17/10/2025 04:58:04;NAO;682472,9;12855h 23m;0;21;-;-;-;-;N/A;N/A;N/A;N/A;N/A;N/A;NAO;NAO;" ";" ";-;SBT;-;Recife;PE
17/10/2025 04:54:03;17/10/2025 04:54:04;NAO;682472,9;12855h 23m;0;22;-;-;-;-;N/A;N/A;N/A;N/A;N/A;N/A;NAO;NAO;" ";" ";-;SBT;-;Recife;PE
17/10/2025 04:50:03;17/10/2025 04:50:03;NAO;682472,9;12855h 23m;0;22;-;-;-;-;N/A;N/A;N/A;N/A;N/A;N/A;NAO;NAO;" ";" ";-;SBT;-;Recife;PE
17/10/2025 04:46:03;17/10/2025 04:46:04;NAO;682472,9;12855h 23m;0;22;-;-;-;-;N/A;N/A;N/A;N/A;N/A;N/A;NAO;NAO;" ";" ";-;SBT;-;Recife;PE
17/10/2025 04:42:03;17/10/2025 04:42:05;NAO;682472,9;12855h 23m;0;22;-;-;-;-;N/A;N/A;N/A;N/A;N/A;N/A;NAO;NAO;" ";" ";-;SBT;-;Recife;PE
17/10/2025 04:38:03;17/10/2025 04:38:05;NAO;682472,9;12855h 23m;0;22;-;-;-;-;N/A;N/A;N/A;N/A;N/A;N/A;NAO;NAO;" ";" ";-;SBT;-;Recife;PE
17/10/2025 04:34:03;17/10/2025 04:34:03;NAO;682472,9;12855h 23m;0;22;-;-;-;-;N/A;N/A;N/A;N/A;N/A;N/A;NAO;NAO;" ";" ";-;SBT;-;Recife;PE
17/10/2025 04:30:03;17/10/2025 04:30:04;NAO;682472,9;12855h 23m;0;22;-;-;-;-;N/A;N/A;N/A;N/A;N/A;N/A;NAO;NAO;" ";" ";-;SBT;-;Recife;PE
17/10/2025 04:26:03;17/10/2025 04:26:03;NAO;682472,9;12855h 23m;0;22;-;-;-;-;N/A;N/A;N/A;N/A;N/A;N/A;NAO;NAO;" ";" ";-;SBT;-;Recife;PE
17/10/2025 04:22:03;17/10/2025 04:22:03;NAO;682472,9;12855h 23m;0;22;-;-;-;-;N/A;N/A;N/A;N/A;N/A;N/A;NAO;NAO;" ";" ";-;SBT;-;Recife;PE
17/10/2025 04:18:03;17/10/2025 04:18:04;NAO;682472,9;12855h 23m;0;22;-;-;-;-;N/A;N/A;N/A;N/A;N/A;N/A;NAO;NAO;" ";" ";-;SBT;-;Recife;PE
17/10/2025 04:14:03;17/10/2025 04:14:04;NAO;682472,9;12855h 23m;0;22;-;-;-;-;N/A;N/A;N/A;N/A;N/A;N/A;NAO;NAO;" ";" ";-;SBT;-;Recife;PE
17/10/2025 04:10:03;17/10/2025 04:10:03;NAO;682472,9;12855h 23m;0;22;-;-;-;-;N/A;N/A;N/A;N/A;N/A;N/A;NAO;NAO;" ";" ";-;SBT;-;Recife;PE
17/10/2025 04:06:03;17/10/2025 04:06:03;NAO;682472,9;12855h 23m;0;22;-;-;-;-;N/A;N/A;N/A;N/A;N/A;N/A;NAO;NAO;" ";" ";-;SBT;-;Recife;PE
17/10/2025 04:02:03;17/10/2025 04:02:04;NAO;682472,9;12855h 23m;0;22;-;-;-;-;N/A;N/A;N/A;N/A;N/A;N/A;NAO;NAO;" ";" ";-;SBT;-;Recife;PE
17/10/2025 03:58:03;17/10/2025 03:58:04;NAO;682472,9;12855h 23m;0;22;-;-;-;-;N/A;N/A;N/A;N/A;N/A;N/A;NAO;NAO;" ";" ";-;SBT;-;Recife;PE
17/10/2025 03:54:03;17/10/2025 03:54:04;NAO;682472,9;12855h 23m;0;22;-;-;-;-;N/A;N/A;N/A;N/A;N/A;N/A;NAO;NAO;" ";" ";-;SBT;-;Recife;PE
17/10/2025 03:50:03;17/10/2025 03:50:03;NAO;682472,9;12855h 23m;0;22;-;-;-;-;N/A;N/A;N/A;N/A;N/A;N/A;NAO;NAO;" ";" ";-;SBT;-;Recife;PE
17/10/2025 03:46:03;17/10/2025 03:46:03;NAO;682472,9;12855h 23m;0;22;-;-;-;-;N/A;N/A;N/A;N/A;N/A;N/A;NAO;NAO;" ";" ";-;SBT;-;Recife;PE
17/10/2025 03:42:03;17/10/2025 03:42:04;NAO;682472,9;12855h 23m;0;22;-;-;-;-;N/A;N/A;N/A;N/A;N/A;N/A;NAO;NAO;" ";" ";-;SBT;-;Recife;PE
17/10/2025 03:38:03;17/10/2025 03:38:03;NAO;682472,9;12855h 23m;0;23;-;-;-;-;N/A;N/A;N/A;N/A;N/A;N/A;NAO;NAO;" ";" ";-;SBT;-;Recife;PE
17/10/2025 03:34:03;17/10/2025 03:34:04;NAO;682472,9;12855h 23m;0;23;-;-;-;-;N/A;N/A;N/A;N/A;N/A;N/A;NAO;NAO;" ";" ";-;SBT;-;Recife;PE
17/10/2025 03:30:03;17/10/2025 03:30:04;NAO;682472,9;12855h 23m;0;23;-;-;-;-;N/A;N/A;N/A;N/A;N/A;N/A;NAO;NAO;" ";" ";-;SBT;-;Recife;PE
17/10/2025 03:26:03;17/10/2025 03:26:04;NAO;682472,9;12855h 23m;0;23;-;-;-;-;N/A;N/A;N/A;N/A;N/A;N/A;NAO;NAO;" ";" ";-;SBT;-;Recife;PE
17/10/2025 03:22:03;17/10/2025 03:22:03;NAO;682472,9;12855h 23m;0;23;-;-;-;-;N/A;N/A;N/A;N/A;N/A;N/A;NAO;NAO;" ";" ";-;SBT;-;Recife;PE
17/10/2025 03:18:03;17/10/2025 03:18:04;NAO;682472,9;12855h 23m;0;23;-;-;-;-;N/A;N/A;N/A;N/A;N/A;N/A;NAO;NAO;" ";" ";-;SBT;-;Recife;PE
17/10/2025 03:14:03;17/10/2025 03:14:04;NAO;682472,9;12855h 23m;0;23;-;-;-;-;N/A;N/A;N/A;N/A;N/A;N/A;NAO;NAO;" ";" ";-;SBT;-;Recife;PE
17/10/2025 03:10:03;17/10/2025 03:10:04;NAO;682472,9;12855h 23m;0;23;-;-;-;-;N/A;N/A;N/A;N/A;N/A;N/A;NAO;NAO;" ";" ";-;SBT;-;Recife;PE
17/10/2025 03:06:03;17/10/2025 03:06:05;NAO;682472,9;12855h 23m;0;23;-;-;-;-;N/A;N/A;N/A;N/A;N/A;N/A;NAO;NAO;" ";" ";-;SBT;-;Recife;PE
17/10/2025 03:02:03;17/10/2025 03:02:04;NAO;682472,9;12855h 23m;0;23;-;-;-;-;N/A;N/A;N/A;N/A;N/A;N/A;NAO;NAO;" ";" ";-;SBT;-;Recife;PE
17/10/2025 02:58:03;17/10/2025 02:58:04;NAO;682472,9;12855h 23m;0;23;-;-;-;-;N/A;N/A;N/A;N/A;N/A;N/A;NAO;NAO;" ";" ";-;SBT;-;Recife;PE
17/10/2025 02:54:03;17/10/2025 02:54:20;NAO;682472,9;12855h 23m;0;23;-;-;-;-;N/A;N/A;N/A;N/A;N/A;N/A;NAO;NAO;" ";" ";-;SBT;-;Recife;PE
17/10/2025 02:50:03;17/10/2025 02:50:04;NAO;682472,9;12855h 23m;0;23;-;-;-;-;N/A;N/A;N/A;N/A;N/A;N/A;NAO;NAO;" ";" ";-;SBT;-;Recife;PE
17/10/2025 02:46:03;17/10/2025 02:46:04;NAO;682472,9;12855h 23m;0;23;-;-;-;-;N/A;N/A;N/A;N/A;N/A;N/A;NAO;NAO;" ";" ";-;SBT;-;Recife;PE
17/10/2025 02:42:03;17/10/2025 02:42:04;NAO;682472,9;12855h 23m;0;23;-;-;-;-;N/A;N/A;N/A;N/A;N/A;N/A;NAO;NAO;" ";" ";-;SBT;-;Recife;PE
17/10/2025 02:38:03;17/10/2025 02:38:34;NAO;682472,9;12855h 23m;0;23;-;-;-;-;N/A;N/A;N/A;N/A;N/A;N/A;NAO;NAO;" ";" ";-;SBT;-;Recife;PE
17/10/2025 02:34:03;17/10/2025 02:34:03;NAO;682472,9;12855h 23m;0;23;-;-;-;-;N/A;N/A;N/A;N/A;N/A;N/A;NAO;NAO;" ";" ";-;SBT;-;Recife;PE
17/10/2025 02:30:03;17/10/2025 02:30:04;NAO;682472,9;12855h 23m;0;23;-;-;-;-;N/A;N/A;N/A;N/A;N/A;N/A;NAO;NAO;" ";" ";-;SBT;-;Recife;PE
17/10/2025 02:26:03;17/10/2025 02:27:18;NAO;682472,9;12855h 23m;0;23;-;-;-;-;N/A;N/A;N/A;N/A;N/A;N/A;NAO;NAO;" ";" ";-;SBT;-;Recife;PE
17/10/2025 02:22:03;17/10/2025 02:22:19;NAO;682472,9;12855h 23m;0;23;-;-;-;-;N/A;N/A;N/A;N/A;N/A;N/A;NAO;NAO;" ";" ";-;SBT;-;Recife;PE
17/10/2025 02:18:03;17/10/2025 02:18:04;NAO;682472,9;12855h 23m;0;23;-;-;-;-;N/A;N/A;N/A;N/A;N/A;N/A;NAO;NAO;" ";" ";-;SBT;-;Recife;PE
17/10/2025 02:14:03;17/10/2025 02:14:04;NAO;682472,9;12855h 23m;0;23;-;-;-;-;N/A;N/A;N/A;N/A;N/A;N/A;NAO;NAO;" ";" ";-;SBT;-;Recife;PE
17/10/2025 02:10:03;17/10/2025 02:10:19;NAO;682472,9;12855h 23m;0;23;-;-;-;-;N/A;N/A;N/A;N/A;N/A;N/A;NAO;NAO;" ";" ";-;SBT;-;Recife;PE
17/10/2025 02:06:03;17/10/2025 02:06:03;NAO;682472,9;12855h 23m;0;23;-;-;-;-;N/A;N/A;N/A;N/A;N/A;N/A;NAO;NAO;" ";" ";-;SBT;-;Recife;PE
17/10/2025 02:02:03;17/10/2025 02:02:03;NAO;682472,9;12855h 23m;0;23;-;-;-;-;N/A;N/A;N/A;N/A;N/A;N/A;NAO;NAO;" ";" ";-;SBT;-;Recife;PE
17/10/2025 01:58:03;17/10/2025 01:58:03;NAO;682472,9;12855h 23m;0;23;-;-;-;-;N/A;N/A;N/A;N/A;N/A;N/A;NAO;NAO;" ";" ";-;SBT;-;Recife;PE
17/10/2025 01:54:03;17/10/2025 01:54:04;NAO;682472,9;12855h 23m;0;23;-;-;-;-;N/A;N/A;N/A;N/A;N/A;N/A;NAO;NAO;" ";" ";-;SBT;-;Recife;PE
17/10/2025 01:50:03;17/10/2025 01:50:04;NAO;682472,9;12855h 23m;0;23;-;-;-;-;N/A;N/A;N/A;N/A;N/A;N/A;NAO;NAO;" ";" ";-;SBT;-;Recife;PE
17/10/2025 01:46:03;17/10/2025 01:46:04;NAO;682472,9;12855h 23m;0;23;-;-;-;-;N/A;N/A;N/A;N/A;N/A;N/A;NAO;NAO;" ";" ";-;SBT;-;Recife;PE
17/10/2025 01:42:03;17/10/2025 01:42:03;NAO;682472,9;12855h 23m;0;23;-;-;-;-;N/A;N/A;N/A;N/A;N/A;N/A;NAO;NAO;" ";" ";-;SBT;-;Recife;PE
17/10/2025 01:38:03;17/10/2025 01:38:04;NAO;682472,9;12855h 23m;0;24;-;-;-;-;N/A;N/A;N/A;N/A;N/A;N/A;NAO;NAO;" ";" ";-;SBT;-;Recife;PE
17/10/2025 01:34:03;17/10/2025 01:34:04;NAO;682472,9;12855h 23m;0;24;-;-;-;-;N/A;N/A;N/A;N/A;N/A;N/A;NAO;NAO;" ";" ";-;SBT;-;Recife;PE
17/10/2025 01:30:03;17/10/2025 01:30:03;NAO;682472,9;12855h 23m;0;24;-;-;-;-;N/A;N/A;N/A;N/A;N/A;N/A;NAO;NAO;" ";" ";-;SBT;-;Recife;PE
17/10/2025 01:26:03;17/10/2025 01:26:04;NAO;682472,9;12855h 23m;0;24;-;-;-;-;N/A;N/A;N/A;N/A;N/A;N/A;NAO;NAO;" ";" ";-;SBT;-;Recife;PE
17/10/2025 01:22:03;17/10/2025 01:22:04;NAO;682472,9;12855h 23m;0;24;-;-;-;-;N/A;N/A;N/A;N/A;N/A;N/A;NAO;NAO;" ";" ";-;SBT;-;Recife;PE
17/10/2025 01:18:03;17/10/2025 01:18:04;NAO;682472,9;12855h 23m;0;24;-;-;-;-;N/A;N/A;N/A;N/A;N/A;N/A;NAO;NAO;" ";" ";-;SBT;-;Recife;PE
17/10/2025 01:14:03;17/10/2025 01:14:04;NAO;682472,9;12855h 23m;0;24;-;-;-;-;N/A;N/A;N/A;N/A;N/A;N/A;NAO;NAO;" ";" ";-;SBT;-;Recife;PE
17/10/2025 01:10:03;17/10/2025 01:10:04;NAO;682472,9;12855h 23m;0;24;-;-;-;-;N/A;N/A;N/A;N/A;N/A;N/A;NAO;NAO;" ";" ";-;SBT;-;Recife;PE
17/10/2025 01:06:03;17/10/2025 01:06:04;NAO;682472,9;12855h 23m;0;24;-;-;-;-;N/A;N/A;N/A;N/A;N/A;N/A;NAO;NAO;" ";" ";-;SBT;-;Recife;PE
17/10/2025 01:02:03;17/10/2025 01:02:04;NAO;682472,9;12855h 23m;0;24;-;-;-;-;N/A;N/A;N/A;N/A;N/A;N/A;NAO;NAO;" ";" ";-;SBT;-;Recife;PE
17/10/2025 00:58:03;17/10/2025 00:58:04;NAO;682472,9;12855h 23m;0;24;-;-;-;-;N/A;N/A;N/A;N/A;N/A;N/A;NAO;NAO;" ";" ";-;SBT;-;Recife;PE
17/10/2025 00:54:03;17/10/2025 00:54:04;NAO;682472,9;12855h 23m;0;24;-;-;-;-;N/A;N/A;N/A;N/A;N/A;N/A;NAO;NAO;" ";" ";-;SBT;-;Recife;PE
17/10/2025 00:50:03;17/10/2025 00:50:04;NAO;682472,9;12855h 23m;0;24;-;-;-;-;N/A;N/A;N/A;N/A;N/A;N/A;NAO;NAO;" ";" ";-;SBT;-;Recife;PE
17/10/2025 00:46:03;17/10/2025 00:46:20;NAO;682472,9;12855h 23m;0;24;-;-;-;-;N/A;N/A;N/A;N/A;N/A;N/A;NAO;NAO;" ";" ";-;SBT;-;Recife;PE
17/10/2025 00:42:03;17/10/2025 00:42:04;NAO;682472,9;12855h 23m;0;24;-;-;-;-;N/A;N/A;N/A;N/A;N/A;N/A;NAO;NAO;" ";" ";-;SBT;-;Recife;PE
17/10/2025 00:38:03;17/10/2025 00:38:04;NAO;682472,9;12855h 23m;0;24;-;-;-;-;N/A;N/A;N/A;N/A;N/A;N/A;NAO;NAO;" ";" ";-;SBT;-;Recife;PE
17/10/2025 00:34:03;17/10/2025 00:34:04;NAO;682472,9;12855h 23m;0;24;-;-;-;-;N/A;N/A;N/A;N/A;N/A;N/A;NAO;NAO;" ";" ";-;SBT;-;Recife;PE
17/10/2025 00:30:03;17/10/2025 00:30:04;NAO;682472,9;12855h 23m;0;24;-;-;-;-;N/A;N/A;N/A;N/A;N/A;N/A;NAO;NAO;" ";" ";-;SBT;-;Recife;PE
17/10/2025 00:26:03;17/10/2025 00:26:04;NAO;682472,9;12855h 23m;0;24;-;-;-;-;N/A;N/A;N/A;N/A;N/A;N/A;NAO;NAO;" ";" ";-;SBT;-;Recife;PE
17/10/2025 00:22:03;17/10/2025 00:22:04;NAO;682472,9;12855h 23m;0;24;-;-;-;-;N/A;N/A;N/A;N/A;N/A;N/A;NAO;NAO;" ";" ";-;SBT;-;Recife;PE
17/10/2025 00:18:03;17/10/2025 00:18:05;NAO;682472,9;12855h 23m;0;24;-;-;-;-;N/A;N/A;N/A;N/A;N/A;N/A;NAO;NAO;" ";" ";-;SBT;-;Recife;PE
17/10/2025 00:14:03;17/10/2025 00:14:34;NAO;682472,9;12855h 23m;0;24;-;-;-;-;N/A;N/A;N/A;N/A;N/A;N/A;NAO;NAO;" ";" ";-;SBT;-;Recife;PE
17/10/2025 00:10:03;17/10/2025 00:10:04;NAO;682472,9;12855h 23m;0;24;-;-;-;-;N/A;N/A;N/A;N/A;N/A;N/A;NAO;NAO;" ";" ";-;SBT;-;Recife;PE
17/10/2025 00:06:03;17/10/2025 00:06:04;NAO;682472,9;12855h 23m;0;24;-;-;-;-;N/A;N/A;N/A;N/A;N/A;N/A;NAO;NAO;" ";" ";-;SBT;-;Recife;PE
17/10/2025 00:02:03;17/10/2025 00:02:04;NAO;682472,9;12855h 23m;0;24;-;-;-;-;N/A;N/A;N/A;N/A;N/A;N/A;NAO;NAO;" ";" ";-;SBT;-;Recife;PE
16/10/2025 23:58:03;16/10/2025 23:58:04;NAO;682472,9;12855h 23m;0;24;-;-;-;-;N/A;N/A;N/A;N/A;N/A;N/A;NAO;NAO;" ";" ";-;SBT;-;Recife;PE
16/10/2025 23:54:03;16/10/2025 23:54:04;NAO;682472,9;12855h 23m;0;24;-;-;-;-;N/A;N/A;N/A;N/A;N/A;N/A;NAO;NAO;" ";" ";-;SBT;-;Recife;PE
16/10/2025 23:50:03;16/10/2025 23:50:04;NAO;682472,9;12855h 23m;0;24;-;-;-;-;N/A;N/A;N/A;N/A;N/A;N/A;NAO;NAO;" ";" ";-;SBT;-;Recife;PE
16/10/2025 23:46:03;16/10/2025 23:47:05;NAO;682472,9;12855h 23m;0;24;-;-;-;-;N/A;N/A;N/A;N/A;N/A;N/A;SIM;NAO;" ";" ";-;SBT;-;Recife;PE
16/10/2025 23:42:03;16/10/2025 23:42:04;NAO;682472,9;12855h 23m;0;24;-;-;-;-;N/A;N/A;N/A;N/A;N/A;N/A;NAO;NAO;" ";" ";-;SBT;-;Recife;PE
16/10/2025 23:38:03;16/10/2025 23:38:04;NAO;682472,9;12855h 23m;0;24;-;-;-;-;N/A;N/A;N/A;N/A;N/A;N/A;NAO;NAO;" ";" ";-;SBT;-;Recife;PE
16/10/2025 23:34:03;16/10/2025 23:34:04;NAO;682472,9;12855h 23m;0;24;-;-;-;-;N/A;N/A;N/A;N/A;N/A;N/A;NAO;NAO;" ";" ";-;SBT;-;Recife;PE
16/10/2025 23:30:03;16/10/2025 23:30:05;NAO;682472,9;12855h 23m;0;24;-;-;-;-;N/A;N/A;N/A;N/A;N/A;N/A;NAO;NAO;" ";" ";-;SBT;-;Recife;PE
16/10/2025 23:26:03;16/10/2025 23:26:04;NAO;682472,9;12855h 23m;0;24;-;-;-;-;N/A;N/A;N/A;N/A;N/A;N/A;NAO;NAO;" ";" ";-;SBT;-;Recife;PE
16/10/2025 23:22:03;16/10/2025 23:22:04;NAO;682472,9;12855h 23m;0;24;-;-;-;-;N/A;N/A;N/A;N/A;N/A;N/A;NAO;NAO;" ";" ";-;SBT;-;Recife;PE
16/10/2025 23:18:03;16/10/2025 23:18:04;NAO;682472,9;12855h 23m;0;24;-;-;-;-;N/A;N/A;N/A;N/A;N/A;N/A;NAO;NAO;" ";" ";-;SBT;-;Recife;PE
16/10/2025 23:14:03;16/10/2025 23:14:06;NAO;682472,9;12855h 23m;0;24;-;-;-;-;N/A;N/A;N/A;N/A;N/A;N/A;NAO;NAO;" ";" ";-;SBT;-;Recife;PE
16/10/2025 23:10:03;16/10/2025 23:10:04;NAO;682472,9;12855h 23m;0;24;-;-;-;-;N/A;N/A;N/A;N/A;N/A;N/A;NAO;NAO;" ";" ";-;SBT;-;Recife;PE
16/10/2025 23:06:03;16/10/2025 23:06:04;NAO;682472,9;12855h 23m;0;24;-;-;-;-;N/A;N/A;N/A;N/A;N/A;N/A;NAO;NAO;" ";" ";-;SBT;-;Recife;PE
16/10/2025 23:02:03;16/10/2025 23:02:05;NAO;682472,9;12855h 23m;0;24;-;-;-;-;N/A;N/A;N/A;N/A;N/A;N/A;NAO;NAO;" ";" ";-;SBT;-;Recife;PE
16/10/2025 22:58:03;16/10/2025 22:58:05;NAO;682472,9;12855h 23m;0;24;-;-;-;-;N/A;N/A;N/A;N/A;N/A;N/A;NAO;NAO;" ";" ";-;SBT;-;Recife;PE
16/10/2025 22:54:03;16/10/2025 22:54:05;NAO;682472,9;12855h 23m;0;24;-;-;-;-;N/A;N/A;N/A;N/A;N/A;N/A;NAO;NAO;" ";" ";-;SBT;-;Recife;PE
16/10/2025 22:50:03;16/10/2025 22:50:19;NAO;682472,9;12855h 23m;0;24;-;-;-;-;N/A;N/A;N/A;N/A;N/A;N/A;NAO;NAO;" ";" ";-;SBT;-;Recife;PE
16/10/2025 22:46:03;16/10/2025 22:46:04;NAO;682472,9;12855h 23m;0;25;-;-;-;-;N/A;N/A;N/A;N/A;N/A;N/A;NAO;NAO;" ";" ";-;SBT;-;Recife;PE
16/10/2025 22:42:03;16/10/2025 22:42:04;NAO;682472,9;12855h 23m;0;25;-;-;-;-;N/A;N/A;N/A;N/A;N/A;N/A;NAO;NAO;" ";" ";-;SBT;-;Recife;PE
16/10/2025 22:38:03;16/10/2025 22:38:04;NAO;682472,9;12855h 23m;0;25;-;-;-;-;N/A;N/A;N/A;N/A;N/A;N/A;NAO;NAO;" ";" ";-;SBT;-;Recife;PE
16/10/2025 22:34:03;16/10/2025 22:34:06;NAO;682472,9;12855h 23m;0;25;-;-;-;-;N/A;N/A;N/A;N/A;N/A;N/A;NAO;NAO;" ";" ";-;SBT;-;Recife;PE
16/10/2025 22:30:03;16/10/2025 22:30:19;NAO;682472,9;12855h 23m;0;25;-;-;-;-;N/A;N/A;N/A;N/A;N/A;N/A;NAO;NAO;" ";" ";-;SBT;-;Recife;PE
16/10/2025 22:26:03;16/10/2025 22:26:04;NAO;682472,9;12855h 23m;0;25;-;-;-;-;N/A;N/A;N/A;N/A;N/A;N/A;NAO;NAO;" ";" ";-;SBT;-;Recife;PE
16/10/2025 22:22:03;16/10/2025 22:22:05;NAO;682472,9;12855h 23m;0;25;-;-;-;-;N/A;N/A;N/A;N/A;N/A;N/A;NAO;NAO;" ";" ";-;SBT;-;Recife;PE
16/10/2025 22:18:03;16/10/2025 22:18:04;NAO;682472,9;12855h 23m;0;25;-;-;-;-;N/A;N/A;N/A;N/A;N/A;N/A;NAO;NAO;" ";" ";-;SBT;-;Recife;PE
16/10/2025 22:14:03;16/10/2025 22:14:04;NAO;682472,9;12855h 23m;0;25;-;-;-;-;N/A;N/A;N/A;N/A;N/A;N/A;NAO;NAO;" ";" ";-;SBT;-;Recife;PE
16/10/2025 22:10:03;16/10/2025 22:10:19;NAO;682472,9;12855h 23m;0;25;-;-;-;-;N/A;N/A;N/A;N/A;N/A;N/A;NAO;NAO;" ";" ";-;SBT;-;Recife;PE
16/10/2025 22:06:03;16/10/2025 22:06:04;NAO;682472,9;12855h 23m;0;25;-;-;-;-;N/A;N/A;N/A;N/A;N/A;N/A;NAO;NAO;" ";" ";-;SBT;-;Recife;PE
16/10/2025 22:02:03;16/10/2025 22:02:04;NAO;682472,9;12855h 23m;0;25;-;-;-;-;N/A;N/A;N/A;N/A;N/A;N/A;NAO;NAO;" ";" ";-;SBT;-;Recife;PE
16/10/2025 21:58:03;16/10/2025 21:58:05;NAO;682472,9;12855h 23m;0;25;-;-;-;-;N/A;N/A;N/A;N/A;N/A;N/A;NAO;NAO;" ";" ";-;SBT;-;Recife;PE
16/10/2025 21:54:03;16/10/2025 21:54:04;NAO;682472,9;12855h 23m;0;25;-;-;-;-;N/A;N/A;N/A;N/A;N/A;N/A;NAO;NAO;" ";" ";-;SBT;-;Recife;PE
16/10/2025 21:50:03;16/10/2025 21:50:04;NAO;682472,9;12855h 23m;0;25;-;-;-;-;N/A;N/A;N/A;N/A;N/A;N/A;NAO;NAO;" ";" ";-;SBT;-;Recife;PE
16/10/2025 21:46:03;16/10/2025 21:46:04;NAO;682472,9;12855h 23m;0;25;-;-;-;-;N/A;N/A;N/A;N/A;N/A;N/A;NAO;NAO;" ";" ";-;SBT;-;Recife;PE
16/10/2025 21:42:03;16/10/2025 21:42:04;NAO;682472,9;12855h 23m;0;25;-;-;-;-;N/A;N/A;N/A;N/A;N/A;N/A;NAO;NAO;" ";" ";-;SBT;-;Recife;PE
16/10/2025 21:38:03;16/10/2025 21:38:04;NAO;682472,9;12855h 23m;0;25;-;-;-;-;N/A;N/A;N/A;N/A;N/A;N/A;NAO;NAO;" ";" ";-;SBT;-;Recife;PE
16/10/2025 21:34:03;16/10/2025 21:34:04;NAO;682472,9;12855h 23m;0;25;-;-;-;-;N/A;N/A;N/A;N/A;N/A;N/A;NAO;NAO;" ";" ";-;SBT;-;Recife;PE
16/10/2025 21:30:03;16/10/2025 21:30:20;NAO;682472,9;12855h 23m;0;25;-;-;-;-;N/A;N/A;N/A;N/A;N/A;N/A;NAO;NAO;" ";" ";-;SBT;-;Recife;PE
16/10/2025 21:26:03;16/10/2025 21:26:04;NAO;682472,9;12855h 23m;0;25;-;-;-;-;N/A;N/A;N/A;N/A;N/A;N/A;NAO;NAO;" ";" ";-;SBT;-;Recife;PE
16/10/2025 21:22:03;16/10/2025 21:22:04;NAO;682472,9;12855h 23m;0;25;-;-;-;-;N/A;N/A;N/A;N/A;N/A;N/A;NAO;NAO;" ";" ";-;SBT;-;Recife;PE
16/10/2025 21:18:03;16/10/2025 21:18:34;NAO;682472,9;12855h 23m;0;25;-;-;-;-;N/A;N/A;N/A;N/A;N/A;N/A;NAO;NAO;" ";" ";-;SBT;-;Recife;PE
16/10/2025 21:14:03;16/10/2025 21:14:04;NAO;682472,9;12855h 23m;0;25;-;-;-;-;N/A;N/A;N/A;N/A;N/A;N/A;NAO;NAO;" ";" ";-;SBT;-;Recife;PE
16/10/2025 21:10:03;16/10/2025 21:10:04;NAO;682472,9;12855h 23m;0;25;-;-;-;-;N/A;N/A;N/A;N/A;N/A;N/A;NAO;NAO;" ";" ";-;SBT;-;Recife;PE
16/10/2025 21:06:03;16/10/2025 21:06:04;NAO;682472,9;12855h 23m;0;25;-;-;-;-;N/A;N/A;N/A;N/A;N/A;N/A;NAO;NAO;" ";" ";-;SBT;-;Recife;PE
16/10/2025 21:02:03;16/10/2025 21:02:04;NAO;682472,9;12855h 23m;0;25;-;-;-;-;N/A;N/A;N/A;N/A;N/A;N/A;NAO;NAO;" ";" ";-;SBT;-;Recife;PE
16/10/2025 20:58:03;16/10/2025 20:58:04;NAO;682472,9;12855h 23m;0;25;-;-;-;-;N/A;N/A;N/A;N/A;N/A;N/A;NAO;NAO;" ";" ";-;SBT;-;Recife;PE
16/10/2025 20:54:03;16/10/2025 20:54:04;NAO;682472,9;12855h 23m;0;25;-;-;-;-;N/A;N/A;N/A;N/A;N/A;N/A;NAO;NAO;" ";" ";-;SBT;-;Recife;PE
16/10/2025 20:50:03;16/10/2025 20:50:04;NAO;682472,9;12855h 23m;0;25;-;-;-;-;N/A;N/A;N/A;N/A;N/A;N/A;NAO;NAO;" ";" ";-;SBT;-;Recife;PE
16/10/2025 20:46:03;16/10/2025 20:46:05;NAO;682472,9;12855h 23m;0;25;-;-;-;-;N/A;N/A;N/A;N/A;N/A;N/A;NAO;NAO;" ";" ";-;SBT;-;Recife;PE
16/10/2025 20:42:03;16/10/2025 20:42:04;NAO;682472,9;12855h 23m;0;25;-;-;-;-;N/A;N/A;N/A;N/A;N/A;N/A;NAO;NAO;" ";" ";-;SBT;-;Recife;PE
16/10/2025 20:38:03;16/10/2025 20:38:04;NAO;682472,9;12855h 23m;0;25;-;-;-;-;N/A;N/A;N/A;N/A;N/A;N/A;NAO;NAO;" ";" ";-;SBT;-;Recife;PE
16/10/2025 20:34:03;16/10/2025 20:34:04;NAO;682472,9;12855h 23m;0;25;-;-;-;-;N/A;N/A;N/A;N/A;N/A;N/A;NAO;NAO;" ";" ";-;SBT;-;Recife;PE
16/10/2025 20:30:03;16/10/2025 20:30:04;NAO;682472,9;12855h 23m;0;25;-;-;-;-;N/A;N/A;N/A;N/A;N/A;N/A;NAO;NAO;" ";" ";-;SBT;-;Recife;PE
16/10/2025 20:26:03;16/10/2025 20:26:04;NAO;682472,9;12855h 23m;0;25;-;-;-;-;N/A;N/A;N/A;N/A;N/A;N/A;NAO;NAO;" ";" ";-;SBT;-;Recife;PE
16/10/2025 20:22:03;16/10/2025 20:22:04;NAO;682472,9;12855h 23m;0;25;-;-;-;-;N/A;N/A;N/A;N/A;N/A;N/A;NAO;NAO;" ";" ";-;SBT;-;Recife;PE
16/10/2025 20:18:03;16/10/2025 20:18:06;NAO;682472,9;12855h 23m;0;25;-;-;-;-;N/A;N/A;N/A;N/A;N/A;N/A;NAO;NAO;" ";" ";-;SBT;-;Recife;PE
16/10/2025 20:14:03;16/10/2025 20:14:18;NAO;682472,9;12855h 23m;0;25;-;-;-;-;N/A;N/A;N/A;N/A;N/A;N/A;NAO;NAO;" ";" ";-;SBT;-;Recife;PE
16/10/2025 20:10:03;16/10/2025 20:10:20;NAO;682472,9;12855h 23m;0;25;-;-;-;-;N/A;N/A;N/A;N/A;N/A;N/A;NAO;NAO;" ";" ";-;SBT;-;Recife;PE
16/10/2025 20:06:03;16/10/2025 20:06:04;NAO;682472,9;12855h 23m;0;25;-;-;-;-;N/A;N/A;N/A;N/A;N/A;N/A;NAO;NAO;" ";" ";-;SBT;-;Recife;PE
16/10/2025 20:02:03;16/10/2025 20:02:34;NAO;682472,9;12855h 23m;0;25;-;-;-;-;N/A;N/A;N/A;N/A;N/A;N/A;NAO;NAO;" ";" ";-;SBT;-;Recife;PE
16/10/2025 19:58:03;16/10/2025 19:58:04;NAO;682472,9;12855h 23m;0;25;-;-;-;-;N/A;N/A;N/A;N/A;N/A;N/A;NAO;NAO;" ";" ";-;SBT;-;Recife;PE
16/10/2025 19:54:03;16/10/2025 19:54:04;NAO;682472,9;12855h 23m;0;25;-;-;-;-;N/A;N/A;N/A;N/A;N/A;N/A;NAO;NAO;" ";" ";-;SBT;-;Recife;PE
16/10/2025 19:50:03;16/10/2025 19:50:04;NAO;682472,9;12855h 23m;0;25;-;-;-;-;N/A;N/A;N/A;N/A;N/A;N/A;NAO;NAO;" ";" ";-;SBT;-;Recife;PE
16/10/2025 19:46:03;16/10/2025 19:46:06;NAO;682472,9;12855h 23m;0;25;-;-;-;-;N/A;N/A;N/A;N/A;N/A;N/A;NAO;NAO;" ";" ";-;SBT;-;Recife;PE
16/10/2025 19:42:03;16/10/2025 19:42:05;NAO;682472,9;12855h 23m;0;26;-;-;-;-;N/A;N/A;N/A;N/A;N/A;N/A;NAO;NAO;" ";" ";-;SBT;-;Recife;PE
16/10/2025 19:38:03;16/10/2025 19:38:35;NAO;682472,9;12855h 23m;0;26;-;-;-;-;N/A;N/A;N/A;N/A;N/A;N/A;NAO;NAO;" ";" ";-;SBT;-;Recife;PE
16/10/2025 19:34:03;16/10/2025 19:34:19;NAO;682472,9;12855h 23m;0;26;-;-;-;-;N/A;N/A;N/A;N/A;N/A;N/A;NAO;NAO;" ";" ";-;SBT;-;Recife;PE
16/10/2025 19:30:03;16/10/2025 19:30:05;NAO;682472,9;12855h 23m;0;26;-;-;-;-;N/A;N/A;N/A;N/A;N/A;N/A;NAO;NAO;" ";" ";-;SBT;-;Recife;PE
16/10/2025 19:26:03;16/10/2025 19:26:07;NAO;682472,9;12855h 23m;0;27;-;-;-;-;N/A;N/A;N/A;N/A;N/A;N/A;NAO;NAO;" ";" ";-;SBT;-;Recife;PE
16/10/2025 19:22:03;16/10/2025 19:22:04;NAO;682472,9;12855h 23m;0;27;-;-;-;-;N/A;N/A;N/A;N/A;N/A;N/A;NAO;NAO;" ";" ";-;SBT;-;Recife;PE
16/10/2025 19:18:03;16/10/2025 19:18:05;NAO;682472,9;12855h 23m;0;26;-;-;-;-;N/A;N/A;N/A;N/A;N/A;N/A;NAO;NAO;" ";" ";-;SBT;-;Recife;PE
16/10/2025 19:14:03;16/10/2025 19:14:04;NAO;682472,9;12855h 23m;0;25;-;-;-;-;N/A;N/A;N/A;N/A;N/A;N/A;NAO;NAO;" ";" ";-;SBT;-;Recife;PE
16/10/2025 19:10:03;16/10/2025 19:10:35;NAO;682472,9;12855h 23m;0;27;-;-;-;-;N/A;N/A;N/A;N/A;N/A;N/A;NAO;NAO;" ";" ";-;SBT;-;Recife;PE
16/10/2025 19:06:03;16/10/2025 19:06:04;NAO;682472,9;12855h 23m;0;27;-;-;-;-;N/A;N/A;N/A;N/A;N/A;N/A;NAO;NAO;" ";" ";-;SBT;-;Recife;PE
16/10/2025 19:02:03;16/10/2025 19:02:04;NAO;682472,9;12855h 23m;0;28;-;-;-;-;N/A;N/A;N/A;N/A;N/A;N/A;NAO;NAO;" ";" ";-;SBT;-;Recife;PE
16/10/2025 18:58:03;16/10/2025 18:58:04;NAO;682472,9;12855h 23m;0;27;-;-;-;-;N/A;N/A;N/A;N/A;N/A;N/A;NAO;NAO;" ";" ";-;SBT;-;Recife;PE
16/10/2025 18:54:03;16/10/2025 18:54:04;NAO;682472,9;12855h 23m;0;27;-;-;-;-;N/A;N/A;N/A;N/A;N/A;N/A;NAO;NAO;" ";" ";-;SBT;-;Recife;PE
16/10/2025 18:50:03;16/10/2025 18:50:04;NAO;682472,9;12855h 23m;0;27;-;-;-;-;N/A;N/A;N/A;N/A;N/A;N/A;NAO;NAO;" ";" ";-;SBT;-;Recife;PE
16/10/2025 18:46:03;16/10/2025 18:46:04;NAO;682472,9;12855h 23m;0;28;-;-;-;-;N/A;N/A;N/A;N/A;N/A;N/A;NAO;NAO;" ";" ";-;SBT;-;Recife;PE
16/10/2025 18:42:03;16/10/2025 18:42:04;NAO;682472,9;12855h 23m;0;27;-;-;-;-;N/A;N/A;N/A;N/A;N/A;N/A;NAO;NAO;" ";" ";-;SBT;-;Recife;PE
16/10/2025 18:38:03;16/10/2025 18:38:04;NAO;682472,9;12855h 23m;0;28;-;-;-;-;N/A;N/A;N/A;N/A;N/A;N/A;NAO;NAO;" ";" ";-;SBT;-;Recife;PE
16/10/2025 18:34:03;16/10/2025 18:34:04;NAO;682472,9;12855h 23m;0;28;-;-;-;-;N/A;N/A;N/A;N/A;N/A;N/A;NAO;NAO;" ";" ";-;SBT;-;Recife;PE
16/10/2025 18:30:03;16/10/2025 18:30:04;NAO;682472,9;12855h 23m;0;28;-;-;-;-;N/A;N/A;N/A;N/A;N/A;N/A;NAO;NAO;" ";" ";-;SBT;-;Recife;PE
16/10/2025 18:26:03;16/10/2025 18:26:04;NAO;682472,9;12855h 23m;0;28;-;-;-;-;N/A;N/A;N/A;N/A;N/A;N/A;NAO;NAO;" ";" ";-;SBT;-;Recife;PE
16/10/2025 18:22:03;16/10/2025 18:22:04;NAO;682472,9;12855h 23m;0;28;-;-;-;-;N/A;N/A;N/A;N/A;N/A;N/A;NAO;NAO;" ";" ";-;SBT;-;Recife;PE
16/10/2025 18:18:03;16/10/2025 18:18:04;NAO;682472,9;12855h 23m;0;28;-;-;-;-;N/A;N/A;N/A;N/A;N/A;N/A;NAO;NAO;" ";" ";-;SBT;-;Recife;PE
16/10/2025 18:14:03;16/10/2025 18:14:04;NAO;682472,9;12855h 23m;0;28;-;-;-;-;N/A;N/A;N/A;N/A;N/A;N/A;NAO;NAO;" ";" ";-;SBT;-;Recife;PE
16/10/2025 18:10:03;16/10/2025 18:10:04;NAO;682472,9;12855h 23m;0;28;-;-;-;-;N/A;N/A;N/A;N/A;N/A;N/A;NAO;NAO;" ";" ";-;SBT;-;Recife;PE
16/10/2025 18:06:03;16/10/2025 18:06:04;NAO;682472,9;12855h 23m;0;25;-;-;-;-;N/A;N/A;N/A;N/A;N/A;N/A;NAO;NAO;" ";" ";-;SBT;-;Recife;PE
16/10/2025 18:02:03;16/10/2025 18:02:04;NAO;682472,9;12855h 23m;0;24;-;-;-;-;N/A;N/A;N/A;N/A;N/A;N/A;NAO;NAO;" ";" ";-;SBT;-;Recife;PE
16/10/2025 17:58:03;16/10/2025 17:58:05;NAO;682472,9;12855h 23m;0;25;-;-;-;-;N/A;N/A;N/A;N/A;N/A;N/A;NAO;NAO;" ";" ";-;SBT;-;Recife;PE
16/10/2025 17:54:03;16/10/2025 17:54:04;NAO;682472,9;12855h 23m;0;25;-;-;-;-;N/A;N/A;N/A;N/A;N/A;N/A;NAO;NAO;" ";" ";-;SBT;-;Recife;PE
16/10/2025 17:50:03;16/10/2025 17:50:04;NAO;682472,9;12855h 23m;0;25;-;-;-;-;N/A;N/A;N/A;N/A;N/A;N/A;NAO;NAO;" ";" ";-;SBT;-;Recife;PE
16/10/2025 17:42:22;16/10/2025 17:42:24;NAO;682472,9;12855h 23m;0;25;-;-;-;-;N/A;N/A;N/A;N/A;N/A;N/A;NAO;NAO;" ";" ";-;SBT;-;Recife;PE
16/10/2025 17:38:25;16/10/2025 17:38:27;NAO;682472,9;12855h 23m;0;25;-;-;-;-;N/A;N/A;N/A;N/A;N/A;N/A;NAO;NAO;" ";" ";-;SBT;-;Recife;PE
16/10/2025 17:38:23;16/10/2025 17:38:24;NAO;682472,9;12855h 23m;566;25;-;-;-;-;N/A;N/A;N/A;N/A;N/A;N/A;NAO;NAO;" ";" ";-;SBT;-;Recife;PE
16/10/2025 17:35:44;16/10/2025 17:35:45;SIM;682472,8;12855h 21m;567;25;-;-;-;-;N/A;N/A;N/A;N/A;N/A;N/A;NAO;NAO;" ";" ";-;SBT;-;Recife;PE
16/10/2025 17:33:37;16/10/2025 17:33:38;SIM;682472,8;12855h 18m;878;25;-;-;-;-;N/A;N/A;N/A;N/A;N/A;N/A;NAO;NAO;" ";" ";-;SBT;-;Recife;PE
16/10/2025 17:30:26;16/10/2025 17:30:28;SIM;682472,7;12855h 15m;840;25;-;-;-;-;N/A;N/A;N/A;N/A;N/A;N/A;NAO;NAO;" ";" ";-;SBT;-;Recife;PE
16/10/2025 17:29:37;16/10/2025 17:29:38;SIM;682472,7;12855h 14m;1194;25;-;-;-;-;N/A;N/A;N/A;N/A;N/A;N/A;NAO;NAO;" ";" ";-;SBT;-;Recife;PE
16/10/2025 17:27:27;16/10/2025 17:27:28;SIM;682472,7;12855h 12m;0;25;-;-;-;-;N/A;N/A;N/A;N/A;N/A;N/A;NAO;NAO;" ";" ";-;SBT;-;Recife;PE
16/10/2025 17:24:03;16/10/2025 17:24:04;NAO;682472,7;12855h 12m;0;25;-;-;-;-;N/A;N/A;N/A;N/A;N/A;N/A;NAO;NAO;" ";" ";-;SBT;-;Recife;PE
16/10/2025 17:20:03;16/10/2025 17:20:04;NAO;682472,7;12855h 12m;0;25;-;-;-;-;N/A;N/A;N/A;N/A;N/A;N/A;NAO;NAO;" ";" ";-;SBT;-;Recife;PE
16/10/2025 17:16:03;16/10/2025 17:16:04;NAO;682472,7;12855h 12m;0;25;-;-;-;-;N/A;N/A;N/A;N/A;N/A;N/A;NAO;NAO;" ";" ";-;SBT;-;Recife;PE
16/10/2025 17:12:03;16/10/2025 17:12:04;NAO;682472,7;12855h 12m;0;25;-;-;-;-;N/A;N/A;N/A;N/A;N/A;N/A;NAO;NAO;" ";" ";-;SBT;-;Recife;PE
16/10/2025 17:08:03;16/10/2025 17:08:19;NAO;682472,7;12855h 12m;0;25;-;-;-;-;N/A;N/A;N/A;N/A;N/A;N/A;NAO;NAO;" ";" ";-;SBT;-;Recife;PE
16/10/2025 17:04:03;16/10/2025 17:04:04;NAO;682472,7;12855h 12m;0;25;-;-;-;-;N/A;N/A;N/A;N/A;N/A;N/A;NAO;NAO;" ";" ";-;SBT;-;Recife;PE
16/10/2025 17:00:03;16/10/2025 17:00:04;NAO;682472,7;12855h 12m;0;25;-;-;-;-;N/A;N/A;N/A;N/A;N/A;N/A;NAO;NAO;" ";" ";-;SBT;-;Recife;PE
16/10/2025 16:56:03;16/10/2025 16:56:04;NAO;682472,7;12855h 12m;0;25;-;-;-;-;N/A;N/A;N/A;N/A;N/A;N/A;NAO;NAO;" ";" ";-;SBT;-;Recife;PE
16/10/2025 16:52:03;16/10/2025 16:52:04;NAO;682472,7;12855h 12m;0;25;-;-;-;-;N/A;N/A;N/A;N/A;N/A;N/A;NAO;NAO;" ";" ";-;SBT;-;Recife;PE
16/10/2025 16:48:03;16/10/2025 16:48:04;NAO;682472,7;12855h 12m;0;25;-;-;-;-;N/A;N/A;N/A;N/A;N/A;N/A;NAO;NAO;" ";" ";-;SBT;-;Recife;PE
16/10/2025 16:44:03;16/10/2025 16:44:04;NAO;682472,7;12855h 12m;0;25;-;-;-;-;N/A;N/A;N/A;N/A;N/A;N/A;NAO;NAO;" ";" ";-;SBT;-;Recife;PE
16/10/2025 16:40:03;16/10/2025 16:40:04;NAO;682472,7;12855h 12m;0;26;-;-;-;-;N/A;N/A;N/A;N/A;N/A;N/A;NAO;NAO;" ";" ";-;SBT;-;Recife;PE
16/10/2025 16:36:03;16/10/2025 16:36:04;NAO;682472,7;12855h 12m;0;25;-;-;-;-;N/A;N/A;N/A;N/A;N/A;N/A;NAO;NAO;" ";" ";-;SBT;-;Recife;PE
16/10/2025 16:32:03;16/10/2025 16:32:18;NAO;682472,7;12855h 12m;0;25;-;-;-;-;N/A;N/A;N/A;N/A;N/A;N/A;NAO;NAO;" ";" ";-;SBT;-;Recife;PE
16/10/2025 16:28:03;16/10/2025 16:28:19;NAO;682472,7;12855h 12m;0;25;-;-;-;-;N/A;N/A;N/A;N/A;N/A;N/A;NAO;NAO;" ";" ";-;SBT;-;Recife;PE
16/10/2025 16:24:03;16/10/2025 16:24:04;NAO;682472,7;12855h 12m;0;25;-;-;-;-;N/A;N/A;N/A;N/A;N/A;N/A;NAO;NAO;" ";" ";-;SBT;-;Recife;PE
16/10/2025 16:20:03;16/10/2025 16:20:04;NAO;682472,7;12855h 12m;0;25;-;-;-;-;N/A;N/A;N/A;N/A;N/A;N/A;NAO;NAO;" ";" ";-;SBT;-;Recife;PE
16/10/2025 16:16:03;16/10/2025 16:16:04;NAO;682472,7;12855h 12m;0;25;-;-;-;-;N/A;N/A;N/A;N/A;N/A;N/A;NAO;NAO;" ";" ";-;SBT;-;Recife;PE
16/10/2025 16:12:03;16/10/2025 16:12:05;NAO;682472,7;12855h 12m;0;25;-;-;-;-;N/A;N/A;N/A;N/A;N/A;N/A;NAO;NAO;" ";" ";-;SBT;-;Recife;PE
16/10/2025 16:08:03;16/10/2025 16:08:05;NAO;682472,7;12855h 12m;0;26;-;-;-;-;N/A;N/A;N/A;N/A;N/A;N/A;NAO;NAO;" ";" ";-;SBT;-;Recife;PE
16/10/2025 16:04:03;16/10/2025 16:04:04;NAO;682472,7;12855h 12m;0;26;-;-;-;-;N/A;N/A;N/A;N/A;N/A;N/A;NAO;NAO;" ";" ";-;SBT;-;Recife;PE
16/10/2025 15:56:14;16/10/2025 15:56:16;NAO;682472,7;12855h 12m;0;26;-;-;-;-;N/A;N/A;N/A;N/A;N/A;N/A;NAO;NAO;" ";" ";-;SBT;-;Recife;PE
16/10/2025 15:52:17;16/10/2025 15:52:18;NAO;682472,7;12855h 12m;0;25;-;-;-;-;N/A;N/A;N/A;N/A;N/A;N/A;NAO;NAO;" ";" ";-;SBT;-;Recife;PE
16/10/2025 15:52:15;16/10/2025 15:52:16;NAO;682472,7;12855h 12m;564;25;-;-;-;-;N/A;N/A;N/A;N/A;N/A;N/A;NAO;NAO;" ";" ";-;SBT;-;Recife;PE
16/10/2025 15:49:47;16/10/2025 15:49:48;SIM;682472,2;12855h 10m;1150;25;-;-;-;-;N/A;N/A;N/A;N/A;N/A;N/A;NAO;NAO;" ";" ";-;SBT;-;Recife;PE
16/10/2025 15:45:33;16/10/2025 15:45:33;SIM;682470,3;12855h 6m;1253;25;-;-;-;-;N/A;N/A;N/A;N/A;N/A;N/A;NAO;NAO;" ";" ";-;SBT;-;Recife;PE
16/10/2025 15:45:01;16/10/2025 15:45:02;SIM;682470,1;12855h 5m;935;25;-;-;-;-;N/A;N/A;N/A;N/A;N/A;N/A;NAO;NAO;" ";" ";-;SBT;-;Recife;PE
16/10/2025 15:40:47;16/10/2025 15:40:48;SIM;682469,3;12855h 1m;566;25;-;-;-;-;N/A;N/A;N/A;N/A;N/A;N/A;NAO;NAO;" ";" ";-;SBT;-;Recife;PE
16/10/2025 15:38:32;16/10/2025 15:38:33;SIM;682469,3;12854h 59m;565;25;-;-;-;-;N/A;N/A;N/A;N/A;N/A;N/A;NAO;NAO;" ";" ";-;SBT;-;Recife;PE
16/10/2025 15:36:34;16/10/2025 15:36:35;SIM;682469,3;12854h 57m;566;25;-;-;-;-;N/A;N/A;N/A;N/A;N/A;N/A;NAO;NAO;" ";" ";-;-;-;Recife;PE
16/10/2025 15:35:29;16/10/2025 15:35:30;SIM;682469,3;12854h 55m;564;25;-;-;-;-;N/A;N/A;N/A;N/A;N/A;N/A;NAO;NAO;" ";" ";-;-;-;Recife;PE
16/10/2025 15:33:56;16/10/2025 15:33:57;SIM;682469,3;12854h 54m;564;26;-;-;-;-;N/A;N/A;N/A;N/A;N/A;N/A;NAO;NAO;" ";" ";-;-;-;Recife;PE
16/10/2025 15:29:42;16/10/2025 15:29:43;SIM;682469,3;12854h 50m;565;26;-;-;-;-;N/A;N/A;N/A;N/A;N/A;N/A;NAO;NAO;" ";" ";-;-;-;Recife;PE
16/10/2025 15:25:28;16/10/2025 15:25:29;SIM;682469,3;12854h 45m;565;26;-;-;-;-;N/A;N/A;N/A;N/A;N/A;N/A;NAO;NAO;" ";" ";-;-;-;Recife;PE
16/10/2025 15:24:44;16/10/2025 15:24:45;SIM;682469,3;12854h 45m;566;27;-;-;-;-;N/A;N/A;N/A;N/A;N/A;N/A;NAO;NAO;" ";" ";-;-;-;Recife;PE
16/10/2025 15:20:30;16/10/2025 15:20:31;SIM;682469,3;12854h 41m;565;25;-;-;-;-;N/A;N/A;N/A;N/A;N/A;N/A;NAO;NAO;" ";" ";-;-;-;Recife;PE
16/10/2025 15:20:21;16/10/2025 15:20:22;SIM;682469,3;12854h 40m;565;25;-;-;-;-;N/A;N/A;N/A;N/A;N/A;N/A;NAO;NAO;" ";" ";-;-;-;Recife;PE
16/10/2025 15:16:16;16/10/2025 15:16:17;SIM;682469,3;12854h 36m;564;26;-;-;-;-;N/A;N/A;N/A;N/A;N/A;N/A;NAO;NAO;" ";" ";-;-;-;Recife;PE
16/10/2025 15:15:27;16/10/2025 15:15:28;SIM;682469,3;12854h 35m;600;26;-;-;-;-;N/A;N/A;N/A;N/A;N/A;N/A;NAO;NAO;" ";" ";-;-;-;Recife;PE
16/10/2025 15:13:16;16/10/2025 15:13:17;SIM;682469,3;12854h 33m;0;26;-;-;-;-;N/A;N/A;N/A;N/A;N/A;N/A;NAO;NAO;" ";" ";-;-;-;Recife;PE
16/10/2025 15:10:03;16/10/2025 15:10:04;NAO;682469,3;12854h 33m;0;25;-;-;-;-;N/A;N/A;N/A;N/A;N/A;N/A;NAO;NAO;" ";" ";-;-;-;Recife;PE
16/10/2025 15:06:03;16/10/2025 15:06:04;NAO;682469,3;12854h 33m;0;26;-;-;-;-;N/A;N/A;N/A;N/A;N/A;N/A;NAO;NAO;" ";" ";-;-;-;Recife;PE
16/10/2025 15:02:03;16/10/2025 15:02:04;NAO;682469,3;12854h 33m;0;26;-;-;-;-;N/A;N/A;N/A;N/A;N/A;N/A;NAO;NAO;" ";" ";-;-;-;Recife;PE
16/10/2025 14:58:03;16/10/2025 14:58:04;NAO;682469,3;12854h 33m;0;26;-;-;-;-;N/A;N/A;N/A;N/A;N/A;N/A;NAO;NAO;" ";" ";-;-;-;Recife;PE
16/10/2025 14:54:03;16/10/2025 14:54:04;NAO;682469,3;12854h 33m;0;26;-;-;-;-;N/A;N/A;N/A;N/A;N/A;N/A;NAO;NAO;" ";" ";-;-;-;Recife;PE
16/10/2025 14:50:03;16/10/2025 14:50:04;NAO;682469,3;12854h 33m;0;26;-;-;-;-;N/A;N/A;N/A;N/A;N/A;N/A;NAO;NAO;" ";" ";-;-;-;Recife;PE
16/10/2025 14:46:03;16/10/2025 14:46:04;NAO;682469,3;12854h 33m;0;26;-;-;-;-;N/A;N/A;N/A;N/A;N/A;N/A;NAO;NAO;" ";" ";-;-;-;Recife;PE
16/10/2025 14:42:03;16/10/2025 14:42:04;NAO;682469,3;12854h 33m;0;26;-;-;-;-;N/A;N/A;N/A;N/A;N/A;N/A;NAO;NAO;" ";" ";-;-;-;Recife;PE
16/10/2025 14:38:03;16/10/2025 14:38:04;NAO;682469,3;12854h 33m;0;26;-;-;-;-;N/A;N/A;N/A;N/A;N/A;N/A;NAO;NAO;" ";" ";-;-;-;Recife;PE
16/10/2025 14:34:03;16/10/2025 14:34:04;NAO;682469,3;12854h 33m;0;25;-;-;-;-;N/A;N/A;N/A;N/A;N/A;N/A;NAO;NAO;" ";" ";-;-;-;Recife;PE
16/10/2025 14:30:03;16/10/2025 14:30:04;NAO;682469,3;12854h 33m;0;25;-;-;-;-;N/A;N/A;N/A;N/A;N/A;N/A;NAO;NAO;" ";" ";-;-;-;Recife;PE
16/10/2025 14:26:03;16/10/2025 14:26:19;NAO;682469,3;12854h 33m;0;25;-;-;-;-;N/A;N/A;N/A;N/A;N/A;N/A;NAO;NAO;" ";" ";-;-;-;Recife;PE
16/10/2025 14:22:03;16/10/2025 14:22:04;NAO;682469,3;12854h 33m;0;26;-;-;-;-;N/A;N/A;N/A;N/A;N/A;N/A;NAO;NAO;" ";" ";-;-;-;Recife;PE
16/10/2025 14:18:03;16/10/2025 14:18:04;NAO;682469,3;12854h 33m;0;26;-;-;-;-;N/A;N/A;N/A;N/A;N/A;N/A;NAO;NAO;" ";" ";-;-;-;Recife;PE
16/10/2025 14:14:03;16/10/2025 14:14:05;NAO;682469,3;12854h 33m;0;26;-;-;-;-;N/A;N/A;N/A;N/A;N/A;N/A;NAO;NAO;" ";" ";-;-;-;Recife;PE
16/10/2025 14:10:03;16/10/2025 14:10:04;NAO;682469,3;12854h 33m;0;26;-;-;-;-;N/A;N/A;N/A;N/A;N/A;N/A;NAO;NAO;" ";" ";-;-;-;Recife;PE
16/10/2025 14:06:03;16/10/2025 14:06:04;NAO;682469,3;12854h 33m;0;26;-;-;-;-;N/A;N/A;N/A;N/A;N/A;N/A;NAO;NAO;" ";" ";-;-;-;Recife;PE
16/10/2025 14:02:03;16/10/2025 14:02:04;NAO;682469,3;12854h 33m;0;26;-;-;-;-;N/A;N/A;N/A;N/A;N/A;N/A;NAO;NAO;" ";" ";-;-;-;Recife;PE
16/10/2025 13:58:03;16/10/2025 13:58:04;NAO;682469,3;12854h 33m;0;26;-;-;-;-;N/A;N/A;N/A;N/A;N/A;N/A;NAO;NAO;" ";" ";-;-;-;Recife;PE
16/10/2025 13:54:03;16/10/2025 13:54:04;NAO;682469,3;12854h 33m;0;26;-;-;-;-;N/A;N/A;N/A;N/A;N/A;N/A;NAO;NAO;" ";" ";-;-;-;Recife;PE
16/10/2025 13:50:03;16/10/2025 13:50:04;NAO;682469,3;12854h 33m;0;26;-;-;-;-;N/A;N/A;N/A;N/A;N/A;N/A;NAO;NAO;" ";" ";-;-;-;Recife;PE
16/10/2025 13:46:03;16/10/2025 13:46:05;NAO;682469,3;12854h 33m;0;25;-;-;-;-;N/A;N/A;N/A;N/A;N/A;N/A;NAO;NAO;" ";" ";-;-;-;Recife;PE
16/10/2025 13:42:03;16/10/2025 13:42:04;NAO;682469,3;12854h 33m;0;28;-;-;-;-;N/A;N/A;N/A;N/A;N/A;N/A;NAO;NAO;" ";" ";-;-;-;Recife;PE
16/10/2025 13:38:03;16/10/2025 13:38:04;NAO;682469,3;12854h 33m;0;26;-;-;-;-;N/A;N/A;N/A;N/A;N/A;N/A;NAO;NAO;" ";" ";-;-;-;Recife;PE
16/10/2025 13:34:03;16/10/2025 13:34:04;NAO;682469,3;12854h 33m;0;28;-;-;-;-;N/A;N/A;N/A;N/A;N/A;N/A;NAO;NAO;" ";" ";-;-;-;Recife;PE
16/10/2025 13:30:03;16/10/2025 13:30:04;NAO;682469,3;12854h 33m;0;25;-;-;-;-;N/A;N/A;N/A;N/A;N/A;N/A;NAO;NAO;" ";" ";-;-;-;Recife;PE
16/10/2025 13:26:03;16/10/2025 13:26:04;NAO;682469,3;12854h 33m;0;25;-;-;-;-;N/A;N/A;N/A;N/A;N/A;N/A;NAO;NAO;" ";" ";-;-;-;Recife;PE
16/10/2025 13:22:03;16/10/2025 13:22:04;NAO;682469,3;12854h 33m;0;25;-;-;-;-;N/A;N/A;N/A;N/A;N/A;N/A;NAO;NAO;" ";" ";-;-;-;Recife;PE
16/10/2025 13:18:03;16/10/2025 13:18:05;NAO;682469,3;12854h 33m;0;25;-;-;-;-;N/A;N/A;N/A;N/A;N/A;N/A;NAO;NAO;" ";" ";-;-;-;Recife;PE
16/10/2025 13:14:03;16/10/2025 13:14:05;NAO;682469,3;12854h 33m;0;25;-;-;-;-;N/A;N/A;N/A;N/A;N/A;N/A;NAO;NAO;" ";" ";-;-;-;Recife;PE
16/10/2025 13:06:20;16/10/2025 13:06:21;NAO;682469,3;12854h 33m;0;25;-;-;-;-;N/A;N/A;N/A;N/A;N/A;N/A;NAO;NAO;" ";" ";-;-;-;Recife;PE
16/10/2025 13:02:23;16/10/2025 13:02:24;NAO;682469,3;12854h 33m;0;25;-;-;-;-;N/A;N/A;N/A;N/A;N/A;N/A;NAO;NAO;" ";" ";-;-;-;Recife;PE
16/10/2025 13:02:21;16/10/2025 13:02:21;NAO;682469,3;12854h 33m;599;25;-;-;-;-;N/A;N/A;N/A;N/A;N/A;N/A;NAO;NAO;" ";" ";-;-;-;Recife;PE
16/10/2025 13:01:49;16/10/2025 13:01:50;SIM;682469,3;12854h 33m;0;25;-;-;-;-;N/A;N/A;N/A;N/A;N/A;N/A;NAO;NAO;" ";" ";-;-;-;Recife;PE
16/10/2025 13:00:03;16/10/2025 13:00:04;NAO;682469,3;12854h 33m;0;25;-;-;-;-;N/A;N/A;N/A;N/A;N/A;N/A;NAO;NAO;" ";" ";-;-;-;Recife;PE
16/10/2025 12:56:03;16/10/2025 12:56:04;NAO;682469,3;12854h 33m;0;25;-;-;-;-;N/A;N/A;N/A;N/A;N/A;N/A;NAO;NAO;" ";" ";-;-;-;Recife;PE
16/10/2025 12:52:03;16/10/2025 12:52:04;NAO;682469,3;12854h 33m;0;25;-;-;-;-;N/A;N/A;N/A;N/A;N/A;N/A;NAO;NAO;" ";" ";-;-;-;Recife;PE
16/10/2025 12:48:03;16/10/2025 12:48:04;NAO;682469,3;12854h 33m;0;25;-;-;-;-;N/A;N/A;N/A;N/A;N/A;N/A;NAO;NAO;" ";" ";-;-;-;Recife;PE
16/10/2025 12:44:03;16/10/2025 12:44:04;NAO;682469,3;12854h 33m;0;25;-;-;-;-;N/A;N/A;N/A;N/A;N/A;N/A;NAO;NAO;" ";" ";-;-;-;Recife;PE
16/10/2025 12:40:03;16/10/2025 12:40:04;NAO;682469,3;12854h 33m;0;25;-;-;-;-;N/A;N/A;N/A;N/A;N/A;N/A;NAO;NAO;" ";" ";-;-;-;Recife;PE
16/10/2025 12:36:03;16/10/2025 12:36:05;NAO;682469,3;12854h 33m;0;25;-;-;-;-;N/A;N/A;N/A;N/A;N/A;N/A;NAO;NAO;" ";" ";-;-;-;Recife;PE
16/10/2025 12:32:03;16/10/2025 12:32:19;NAO;682469,3;12854h 33m;0;25;-;-;-;-;N/A;N/A;N/A;N/A;N/A;N/A;NAO;NAO;" ";" ";-;-;-;Recife;PE
16/10/2025 12:28:03;16/10/2025 12:28:04;NAO;682469,3;12854h 33m;0;25;-;-;-;-;N/A;N/A;N/A;N/A;N/A;N/A;NAO;NAO;" ";" ";-;-;-;Recife;PE
16/10/2025 12:24:03;16/10/2025 12:24:04;NAO;682469,3;12854h 33m;0;25;-;-;-;-;N/A;N/A;N/A;N/A;N/A;N/A;NAO;NAO;" ";" ";-;-;-;Recife;PE
16/10/2025 12:20:03;16/10/2025 12:20:04;NAO;682469,3;12854h 33m;0;25;-;-;-;-;N/A;N/A;N/A;N/A;N/A;N/A;NAO;NAO;" ";" ";-;-;-;Recife;PE
16/10/2025 12:16:03;16/10/2025 12:16:04;NAO;682469,3;12854h 33m;0;25;-;-;-;-;N/A;N/A;N/A;N/A;N/A;N/A;NAO;NAO;" ";" ";-;-;-;Recife;PE
16/10/2025 12:12:03;16/10/2025 12:12:04;NAO;682469,3;12854h 33m;0;25;-;-;-;-;N/A;N/A;N/A;N/A;N/A;N/A;NAO;NAO;" ";" ";-;-;-;Recife;PE
16/10/2025 12:08:03;16/10/2025 12:08:04;NAO;682469,3;12854h 33m;0;25;-;-;-;-;N/A;N/A;N/A;N/A;N/A;N/A;NAO;NAO;" ";" ";-;-;-;Recife;PE
16/10/2025 12:04:03;16/10/2025 12:04:04;NAO;682469,3;12854h 33m;0;25;-;-;-;-;N/A;N/A;N/A;N/A;N/A;N/A;NAO;NAO;" ";" ";-;-;-;Recife;PE
16/10/2025 12:00:03;16/10/2025 12:00:05;NAO;682469,3;12854h 33m;0;24;-;-;-;-;N/A;N/A;N/A;N/A;N/A;N/A;NAO;NAO;" ";" ";-;-;-;Recife;PE
16/10/2025 11:56:03;16/10/2025 11:56:04;NAO;682469,3;12854h 33m;0;24;-;-;-;-;N/A;N/A;N/A;N/A;N/A;N/A;NAO;NAO;" ";" ";-;-;-;Recife;PE
16/10/2025 11:52:03;16/10/2025 11:52:04;NAO;682469,3;12854h 33m;0;25;-;-;-;-;N/A;N/A;N/A;N/A;N/A;N/A;NAO;NAO;" ";" ";-;-;-;Recife;PE
16/10/2025 11:48:03;16/10/2025 11:48:04;NAO;682469,3;12854h 33m;0;25;-;-;-;-;N/A;N/A;N/A;N/A;N/A;N/A;NAO;NAO;" ";" ";-;-;-;Recife;PE
16/10/2025 11:44:03;16/10/2025 11:44:04;NAO;682469,3;12854h 33m;0;25;-;-;-;-;N/A;N/A;N/A;N/A;N/A;N/A;NAO;NAO;" ";" ";-;-;-;Recife;PE
16/10/2025 11:40:03;16/10/2025 11:40:04;NAO;682469,3;12854h 33m;0;25;-;-;-;-;N/A;N/A;N/A;N/A;N/A;N/A;NAO;NAO;" ";" ";-;-;-;Recife;PE
16/10/2025 11:36:03;16/10/2025 11:36:04;NAO;682469,3;12854h 33m;0;25;-;-;-;-;N/A;N/A;N/A;N/A;N/A;N/A;NAO;NAO;" ";" ";-;-;-;Recife;PE
16/10/2025 11:32:03;16/10/2025 11:32:04;NAO;682469,3;12854h 33m;0;25;-;-;-;-;N/A;N/A;N/A;N/A;N/A;N/A;NAO;NAO;" ";" ";-;-;-;Recife;PE
16/10/2025 11:28:03;16/10/2025 11:28:06;NAO;682469,3;12854h 33m;0;25;-;-;-;-;N/A;N/A;N/A;N/A;N/A;N/A;NAO;NAO;" ";" ";-;-;-;Recife;PE
16/10/2025 11:24:03;16/10/2025 11:24:04;NAO;682469,3;12854h 33m;0;25;-;-;-;-;N/A;N/A;N/A;N/A;N/A;N/A;NAO;NAO;" ";" ";-;-;-;Recife;PE
16/10/2025 11:20:03;16/10/2025 11:20:05;NAO;682469,3;12854h 33m;0;25;-;-;-;-;N/A;N/A;N/A;N/A;N/A;N/A;NAO;NAO;" ";" ";-;-;-;Recife;PE
16/10/2025 11:16:03;16/10/2025 11:16:04;NAO;682469,3;12854h 33m;0;25;-;-;-;-;N/A;N/A;N/A;N/A;N/A;N/A;NAO;NAO;" ";" ";-;-;-;Recife;PE
16/10/2025 11:12:03;16/10/2025 11:12:05;NAO;682469,3;12854h 33m;0;24;-;-;-;-;N/A;N/A;N/A;N/A;N/A;N/A;NAO;NAO;" ";" ";-;-;-;Recife;PE
16/10/2025 11:08:03;16/10/2025 11:08:04;NAO;682469,3;12854h 33m;0;25;-;-;-;-;N/A;N/A;N/A;N/A;N/A;N/A;NAO;NAO;" ";" ";-;-;-;Recife;PE
16/10/2025 11:04:03;16/10/2025 11:04:04;NAO;682469,3;12854h 33m;0;25;-;-;-;-;N/A;N/A;N/A;N/A;N/A;N/A;NAO;NAO;" ";" ";-;-;-;Recife;PE
16/10/2025 11:00:03;16/10/2025 11:00:04;NAO;682469,3;12854h 33m;0;25;-;-;-;-;N/A;N/A;N/A;N/A;N/A;N/A;NAO;NAO;" ";" ";-;-;-;Recife;PE
16/10/2025 10:56:03;16/10/2025 10:56:04;NAO;682469,3;12854h 33m;0;25;-;-;-;-;N/A;N/A;N/A;N/A;N/A;N/A;NAO;NAO;" ";" ";-;-;-;Recife;PE
16/10/2025 10:52:03;16/10/2025 10:52:04;NAO;682469,3;12854h 33m;0;25;-;-;-;-;N/A;N/A;N/A;N/A;N/A;N/A;NAO;NAO;" ";" ";-;-;-;Recife;PE
16/10/2025 10:48:03;16/10/2025 10:48:05;NAO;682469,3;12854h 33m;0;25;-;-;-;-;N/A;N/A;N/A;N/A;N/A;N/A;NAO;NAO;" ";" ";-;-;-;Recife;PE
16/10/2025 10:44:03;16/10/2025 10:44:04;NAO;682469,3;12854h 33m;0;25;-;-;-;-;N/A;N/A;N/A;N/A;N/A;N/A;NAO;NAO;" ";" ";-;-;-;Recife;PE
16/10/2025 10:40:03;16/10/2025 10:40:05;NAO;682469,3;12854h 33m;0;25;-;-;-;-;N/A;N/A;N/A;N/A;N/A;N/A;NAO;NAO;" ";" ";-;-;-;Recife;PE
16/10/2025 10:36:03;16/10/2025 10:36:04;NAO;682469,3;12854h 33m;0;25;-;-;-;-;N/A;N/A;N/A;N/A;N/A;N/A;NAO;NAO;" ";" ";-;-;-;Recife;PE
16/10/2025 10:32:03;16/10/2025 10:32:04;NAO;682469,3;12854h 33m;0;25;-;-;-;-;N/A;N/A;N/A;N/A;N/A;N/A;NAO;NAO;" ";" ";-;-;-;Recife;PE
16/10/2025 10:28:03;16/10/2025 10:28:05;NAO;682469,3;12854h 33m;0;26;-;-;-;-;N/A;N/A;N/A;N/A;N/A;N/A;NAO;NAO;" ";" ";-;-;-;Recife;PE
16/10/2025 10:24:03;16/10/2025 10:24:05;NAO;682469,3;12854h 33m;0;26;-;-;-;-;N/A;N/A;N/A;N/A;N/A;N/A;NAO;NAO;" ";" ";-;-;-;Recife;PE
16/10/2025 10:20:03;16/10/2025 10:20:04;NAO;682469,3;12854h 33m;0;25;-;-;-;-;N/A;N/A;N/A;N/A;N/A;N/A;NAO;NAO;" ";" ";-;-;-;Recife;PE
16/10/2025 10:16:03;16/10/2025 10:16:05;NAO;682469,3;12854h 33m;0;26;-;-;-;-;N/A;N/A;N/A;N/A;N/A;N/A;NAO;NAO;" ";" ";-;-;-;Recife;PE
16/10/2025 10:12:03;16/10/2025 10:12:04;NAO;682469,3;12854h 33m;0;26;-;-;-;-;N/A;N/A;N/A;N/A;N/A;N/A;NAO;NAO;" ";" ";-;-;-;Recife;PE
16/10/2025 10:08:03;16/10/2025 10:08:20;NAO;682469,3;12854h 33m;0;26;-;-;-;-;N/A;N/A;N/A;N/A;N/A;N/A;NAO;NAO;" ";" ";-;-;-;Recife;PE
16/10/2025 10:04:03;16/10/2025 10:04:04;NAO;682469,3;12854h 33m;0;26;-;-;-;-;N/A;N/A;N/A;N/A;N/A;N/A;NAO;NAO;" ";" ";-;-;-;Recife;PE
16/10/2025 10:00:03;16/10/2025 10:00:05;NAO;682469,3;12854h 33m;0;26;-;-;-;-;N/A;N/A;N/A;N/A;N/A;N/A;NAO;NAO;" ";" ";-;-;-;Recife;PE
16/10/2025 09:56:03;16/10/2025 09:56:04;NAO;682469,3;12854h 33m;0;26;-;-;-;-;N/A;N/A;N/A;N/A;N/A;N/A;NAO;NAO;" ";" ";-;-;-;Recife;PE
16/10/2025 09:52:03;16/10/2025 09:52:04;NAO;682469,3;12854h 33m;0;26;-;-;-;-;N/A;N/A;N/A;N/A;N/A;N/A;NAO;NAO;" ";" ";-;-;-;Recife;PE
16/10/2025 09:48:03;16/10/2025 09:48:19;NAO;682469,3;12854h 33m;0;26;-;-;-;-;N/A;N/A;N/A;N/A;N/A;N/A;NAO;NAO;" ";" ";-;-;-;Recife;PE
16/10/2025 09:44:03;16/10/2025 09:44:04;NAO;682469,3;12854h 33m;0;26;-;-;-;-;N/A;N/A;N/A;N/A;N/A;N/A;NAO;NAO;" ";" ";-;-;-;Recife;PE
16/10/2025 09:40:03;16/10/2025 09:40:04;NAO;682469,3;12854h 33m;0;26;-;-;-;-;N/A;N/A;N/A;N/A;N/A;N/A;NAO;NAO;" ";" ";-;-;-;Recife;PE
16/10/2025 09:36:03;16/10/2025 09:36:05;NAO;682469,3;12854h 33m;0;26;-;-;-;-;N/A;N/A;N/A;N/A;N/A;N/A;NAO;NAO;" ";" ";-;-;-;Recife;PE
16/10/2025 09:32:03;16/10/2025 09:32:05;NAO;682469,3;12854h 33m;0;26;-;-;-;-;N/A;N/A;N/A;N/A;N/A;N/A;NAO;NAO;" ";" ";-;-;-;Recife;PE
16/10/2025 09:28:03;16/10/2025 09:28:05;NAO;682469,3;12854h 33m;0;26;-;-;-;-;N/A;N/A;N/A;N/A;N/A;N/A;NAO;NAO;" ";" ";-;-;-;Recife;PE
16/10/2025 09:24:03;16/10/2025 09:24:05;NAO;682469,3;12854h 33m;0;26;-;-;-;-;N/A;N/A;N/A;N/A;N/A;N/A;NAO;NAO;" ";" ";-;-;-;Recife;PE
16/10/2025 09:20:03;16/10/2025 09:20:05;NAO;682469,3;12854h 33m;0;26;-;-;-;-;N/A;N/A;N/A;N/A;N/A;N/A;NAO;NAO;" ";" ";-;-;-;Recife;PE
16/10/2025 09:16:03;16/10/2025 09:16:04;NAO;682469,3;12854h 33m;0;26;-;-;-;-;N/A;N/A;N/A;N/A;N/A;N/A;NAO;NAO;" ";" ";-;-;-;Recife;PE
16/10/2025 09:12:03;16/10/2025 09:12:04;NAO;682469,3;12854h 33m;0;26;-;-;-;-;N/A;N/A;N/A;N/A;N/A;N/A;NAO;NAO;" ";" ";-;-;-;Recife;PE
16/10/2025 09:08:03;16/10/2025 09:08:06;NAO;682469,3;12854h 33m;0;25;-;-;-;-;N/A;N/A;N/A;N/A;N/A;N/A;NAO;NAO;" ";" ";-;-;-;Recife;PE
16/10/2025 09:04:03;16/10/2025 09:04:05;NAO;682469,3;12854h 33m;0;25;-;-;-;-;N/A;N/A;N/A;N/A;N/A;N/A;NAO;NAO;" ";" ";-;-;-;Recife;PE
16/10/2025 09:00:03;16/10/2025 09:00:04;NAO;682469,3;12854h 33m;0;25;-;-;-;-;N/A;N/A;N/A;N/A;N/A;N/A;NAO;NAO;" ";" ";-;-;-;Recife;PE
16/10/2025 08:56:03;16/10/2025 08:56:04;NAO;682469,3;12854h 33m;0;25;-;-;-;-;N/A;N/A;N/A;N/A;N/A;N/A;NAO;NAO;" ";" ";-;-;-;Recife;PE
16/10/2025 08:52:03;16/10/2025 08:52:04;NAO;682469,3;12854h 33m;0;25;-;-;-;-;N/A;N/A;N/A;N/A;N/A;N/A;NAO;NAO;" ";" ";-;-;-;Recife;PE
16/10/2025 08:48:03;16/10/2025 08:48:19;NAO;682469,3;12854h 33m;0;25;-;-;-;-;N/A;N/A;N/A;N/A;N/A;N/A;NAO;NAO;" ";" ";-;-;-;Recife;PE
16/10/2025 08:44:03;16/10/2025 08:44:04;NAO;682469,3;12854h 33m;0;25;-;-;-;-;N/A;N/A;N/A;N/A;N/A;N/A;NAO;NAO;" ";" ";-;-;-;Recife;PE
16/10/2025 08:40:03;16/10/2025 08:40:04;NAO;682469,3;12854h 33m;0;25;-;-;-;-;N/A;N/A;N/A;N/A;N/A;N/A;NAO;NAO;" ";" ";-;-;-;Recife;PE
16/10/2025 08:36:03;16/10/2025 08:36:04;NAO;682469,3;12854h 33m;0;25;-;-;-;-;N/A;N/A;N/A;N/A;N/A;N/A;NAO;NAO;" ";" ";-;-;-;Recife;PE
16/10/2025 08:32:03;16/10/2025 08:32:05;NAO;682469,3;12854h 33m;0;25;-;-;-;-;N/A;N/A;N/A;N/A;N/A;N/A;NAO;NAO;" ";" ";-;-;-;Recife;PE
16/10/2025 08:24:12;16/10/2025 08:32:05;NAO;682469,3;12854h 33m;0;25;-;-;-;-;N/A;N/A;N/A;N/A;N/A;N/A;SIM;NAO;" ";" ";-;-;-;Recife;PE
16/10/2025 08:20:15;16/10/2025 08:20:18;NAO;682469,3;12854h 33m;0;25;-;-;-;-;N/A;N/A;N/A;N/A;N/A;N/A;NAO;NAO;" ";" ";-;-;-;Recife;PE
16/10/2025 08:20:13;16/10/2025 08:20:14;NAO;682469,3;12854h 33m;565;25;-;-;-;-;N/A;N/A;N/A;N/A;N/A;N/A;NAO;NAO;" ";" ";-;-;-;Recife;PE
16/10/2025 08:18:34;16/10/2025 08:18:35;SIM;682469,3;12854h 31m;566;25;-;-;-;-;N/A;N/A;N/A;N/A;N/A;N/A;NAO;NAO;" ";" ";-;-;-;Recife;PE
16/10/2025 08:17:46;16/10/2025 08:17:48;SIM;682469,3;12854h 30m;563;25;-;-;-;-;N/A;N/A;N/A;N/A;N/A;N/A;NAO;NAO;" ";" ";-;-;-;Recife;PE
16/10/2025 08:13:33;16/10/2025 08:13:33;SIM;682469,3;12854h 26m;566;25;-;-;-;-;N/A;N/A;N/A;N/A;N/A;N/A;NAO;NAO;" ";" ";-;-;-;Recife;PE
16/10/2025 08:09:19;16/10/2025 08:09:19;SIM;682469,3;12854h 22m;600;25;-;-;-;-;N/A;N/A;N/A;N/A;N/A;N/A;NAO;NAO;" ";" ";-;-;-;Recife;PE
16/10/2025 08:08:34;16/10/2025 08:08:34;SIM;682469,3;12854h 21m;600;25;-;-;-;-;N/A;N/A;N/A;N/A;N/A;N/A;NAO;NAO;" ";" ";-;-;-;Recife;PE
16/10/2025 08:07:25;16/10/2025 08:07:25;SIM;682469,3;12854h 20m;601;25;-;-;-;-;N/A;N/A;N/A;N/A;N/A;N/A;NAO;NAO;" ";" ";-;-;-;Recife;PE
16/10/2025 08:03:57;16/10/2025 08:07:20;NAO;682469,3;12854h 19m;0;-;-;-;-;-;N/A;N/A;N/A;N/A;N/A;N/A;SIM;NAO;" ";" ";-;-;-;Recife;PE
16/10/2025 08:03:47;16/10/2025 08:07:05;NAO;682469,3;12854h 19m;0;24;-;-;-;-;N/A;N/A;N/A;N/A;N/A;N/A;SIM;NAO;" ";" ";-;-;-;Recife;PE
16/10/2025 08:03:13;16/10/2025 08:03:13;NAO;682469,3;12854h 19m;0;-;-;-;-;-;N/A;N/A;N/A;N/A;N/A;N/A;NAO;NAO;" ";" ";-;-;-;Recife;PE
16/10/2025 08:02:02;16/10/2025 08:02:03;NAO;682469,3;12854h 19m;0;24;-;-;-;-;N/A;N/A;N/A;N/A;N/A;N/A;NAO;NAO;" ";" ";-;-;-;Recife;PE
16/10/2025 07:58:02;16/10/2025 07:58:03;NAO;682469,3;12854h 19m;0;24;-;-;-;-;N/A;N/A;N/A;N/A;N/A;N/A;NAO;NAO;" ";" ";-;-;-;Recife;PE
16/10/2025 07:54:02;16/10/2025 07:54:03;NAO;682469,3;12854h 19m;0;24;-;-;-;-;N/A;N/A;N/A;N/A;N/A;N/A;NAO;NAO;" ";" ";-;-;-;Recife;PE
16/10/2025 07:50:02;16/10/2025 07:50:03;NAO;682469,3;12854h 19m;0;24;-;-;-;-;N/A;N/A;N/A;N/A;N/A;N/A;NAO;NAO;" ";" ";-;-;-;Recife;PE
16/10/2025 07:46:02;16/10/2025 07:46:03;NAO;682469,3;12854h 19m;0;24;-;-;-;-;N/A;N/A;N/A;N/A;N/A;N/A;NAO;NAO;" ";" ";-;-;-;Recife;PE
16/10/2025 07:42:02;16/10/2025 07:42:03;NAO;682469,3;12854h 19m;0;24;-;-;-;-;N/A;N/A;N/A;N/A;N/A;N/A;NAO;NAO;" ";" ";-;-;-;Recife;PE
16/10/2025 07:38:02;16/10/2025 07:38:18;NAO;682469,3;12854h 19m;0;24;-;-;-;-;N/A;N/A;N/A;N/A;N/A;N/A;NAO;NAO;" ";" ";-;-;-;Recife;PE
16/10/2025 07:34:02;16/10/2025 07:34:03;NAO;682469,3;12854h 19m;0;24;-;-;-;-;N/A;N/A;N/A;N/A;N/A;N/A;NAO;NAO;" ";" ";-;-;-;Recife;PE
16/10/2025 07:30:02;16/10/2025 07:30:03;NAO;682469,3;12854h 19m;0;24;-;-;-;-;N/A;N/A;N/A;N/A;N/A;N/A;NAO;NAO;" ";" ";-;-;-;Recife;PE
16/10/2025 07:26:02;16/10/2025 07:26:03;NAO;682469,3;12854h 19m;0;24;-;-;-;-;N/A;N/A;N/A;N/A;N/A;N/A;NAO;NAO;" ";" ";-;-;-;Recife;PE
16/10/2025 07:22:02;16/10/2025 07:22:03;NAO;682469,3;12854h 19m;0;24;-;-;-;-;N/A;N/A;N/A;N/A;N/A;N/A;NAO;NAO;" ";" ";-;-;-;Recife;PE
16/10/2025 07:18:02;16/10/2025 07:18:03;NAO;682469,3;12854h 19m;0;24;-;-;-;-;N/A;N/A;N/A;N/A;N/A;N/A;NAO;NAO;" ";" ";-;-;-;Recife;PE
16/10/2025 07:14:02;16/10/2025 07:14:03;NAO;682469,3;12854h 19m;0;24;-;-;-;-;N/A;N/A;N/A;N/A;N/A;N/A;NAO;NAO;" ";" ";-;-;-;Recife;PE
16/10/2025 07:10:02;16/10/2025 07:10:03;NAO;682469,3;12854h 19m;0;23;-;-;-;-;N/A;N/A;N/A;N/A;N/A;N/A;NAO;NAO;" ";" ";-;-;-;Recife;PE
16/10/2025 07:06:02;16/10/2025 07:06:03;NAO;682469,3;12854h 19m;0;24;-;-;-;-;N/A;N/A;N/A;N/A;N/A;N/A;NAO;NAO;" ";" ";-;-;-;Recife;PE
16/10/2025 07:02:02;16/10/2025 07:02:03;NAO;682469,3;12854h 19m;0;23;-;-;-;-;N/A;N/A;N/A;N/A;N/A;N/A;NAO;NAO;" ";" ";-;-;-;Recife;PE
16/10/2025 06:58:02;16/10/2025 06:58:03;NAO;682469,3;12854h 19m;0;23;-;-;-;-;N/A;N/A;N/A;N/A;N/A;N/A;NAO;NAO;" ";" ";-;-;-;Recife;PE
16/10/2025 06:54:02;16/10/2025 06:54:03;NAO;682469,3;12854h 19m;0;23;-;-;-;-;N/A;N/A;N/A;N/A;N/A;N/A;NAO;NAO;" ";" ";-;-;-;Recife;PE
16/10/2025 06:50:02;16/10/2025 06:50:18;NAO;682469,3;12854h 19m;0;23;-;-;-;-;N/A;N/A;N/A;N/A;N/A;N/A;NAO;NAO;" ";" ";-;-;-;Recife;PE
16/10/2025 06:46:02;16/10/2025 06:46:04;NAO;682469,3;12854h 19m;0;23;-;-;-;-;N/A;N/A;N/A;N/A;N/A;N/A;NAO;NAO;" ";" ";-;-;-;Recife;PE
16/10/2025 06:42:02;16/10/2025 06:42:03;NAO;682469,3;12854h 19m;0;23;-;-;-;-;N/A;N/A;N/A;N/A;N/A;N/A;NAO;NAO;" ";" ";-;-;-;Recife;PE
16/10/2025 06:38:02;16/10/2025 06:38:03;NAO;682469,3;12854h 19m;0;23;-;-;-;-;N/A;N/A;N/A;N/A;N/A;N/A;NAO;NAO;" ";" ";-;-;-;Recife;PE
16/10/2025 06:34:02;16/10/2025 06:34:03;NAO;682469,3;12854h 19m;0;23;-;-;-;-;N/A;N/A;N/A;N/A;N/A;N/A;NAO;NAO;" ";" ";-;-;-;Recife;PE
16/10/2025 06:30:02;16/10/2025 06:30:03;NAO;682469,3;12854h 19m;0;23;-;-;-;-;N/A;N/A;N/A;N/A;N/A;N/A;NAO;NAO;" ";" ";-;-;-;Recife;PE
16/10/2025 06:26:02;16/10/2025 06:26:03;NAO;682469,3;12854h 19m;0;23;-;-;-;-;N/A;N/A;N/A;N/A;N/A;N/A;NAO;NAO;" ";" ";-;-;-;Recife;PE
16/10/2025 06:22:02;16/10/2025 06:22:03;NAO;682469,3;12854h 19m;0;23;-;-;-;-;N/A;N/A;N/A;N/A;N/A;N/A;NAO;NAO;" ";" ";-;-;-;Recife;PE
16/10/2025 06:18:02;16/10/2025 06:18:03;NAO;682469,3;12854h 19m;0;23;-;-;-;-;N/A;N/A;N/A;N/A;N/A;N/A;NAO;NAO;" ";" ";-;-;-;Recife;PE
16/10/2025 06:14:02;16/10/2025 06:14:03;NAO;682469,3;12854h 19m;0;23;-;-;-;-;N/A;N/A;N/A;N/A;N/A;N/A;NAO;NAO;" ";" ";-;-;-;Recife;PE
16/10/2025 06:10:02;16/10/2025 06:10:03;NAO;682469,3;12854h 19m;0;23;-;-;-;-;N/A;N/A;N/A;N/A;N/A;N/A;NAO;NAO;" ";" ";-;-;-;Recife;PE
16/10/2025 06:06:02;16/10/2025 06:06:03;NAO;682469,3;12854h 19m;0;23;-;-;-;-;N/A;N/A;N/A;N/A;N/A;N/A;NAO;NAO;" ";" ";-;-;-;Recife;PE
16/10/2025 06:02:02;16/10/2025 06:02:03;NAO;682469,3;12854h 19m;0;23;-;-;-;-;N/A;N/A;N/A;N/A;N/A;N/A;NAO;NAO;" ";" ";-;-;-;Recife;PE
16/10/2025 05:58:02;16/10/2025 05:58:05;NAO;682469,3;12854h 19m;0;23;-;-;-;-;N/A;N/A;N/A;N/A;N/A;N/A;NAO;NAO;" ";" ";-;-;-;Recife;PE
16/10/2025 05:54:02;16/10/2025 05:54:03;NAO;682469,3;12854h 19m;0;23;-;-;-;-;N/A;N/A;N/A;N/A;N/A;N/A;NAO;NAO;" ";" ";-;-;-;Recife;PE
16/10/2025 05:50:02;16/10/2025 05:50:03;NAO;682469,3;12854h 19m;0;23;-;-;-;-;N/A;N/A;N/A;N/A;N/A;N/A;NAO;NAO;" ";" ";-;-;-;Recife;PE
16/10/2025 05:46:02;16/10/2025 05:46:03;NAO;682469,3;12854h 19m;0;23;-;-;-;-;N/A;N/A;N/A;N/A;N/A;N/A;NAO;NAO;" ";" ";-;-;-;Recife;PE
16/10/2025 05:42:02;16/10/2025 05:42:03;NAO;682469,3;12854h 19m;0;23;-;-;-;-;N/A;N/A;N/A;N/A;N/A;N/A;NAO;NAO;" ";" ";-;-;-;Recife;PE
16/10/2025 05:38:02;16/10/2025 05:38:02;NAO;682469,3;12854h 19m;0;23;-;-;-;-;N/A;N/A;N/A;N/A;N/A;N/A;NAO;NAO;" ";" ";-;-;-;Recife;PE
16/10/2025 05:34:02;16/10/2025 05:35:31;NAO;682469,3;12854h 19m;0;23;-;-;-;-;N/A;N/A;N/A;N/A;N/A;N/A;SIM;NAO;" ";" ";-;-;-;Recife;PE
16/10/2025 05:30:02;16/10/2025 05:30:03;NAO;682469,3;12854h 19m;0;23;-;-;-;-;N/A;N/A;N/A;N/A;N/A;N/A;NAO;NAO;" ";" ";-;-;-;Recife;PE
16/10/2025 05:26:02;16/10/2025 05:26:03;NAO;682469,3;12854h 19m;0;23;-;-;-;-;N/A;N/A;N/A;N/A;N/A;N/A;NAO;NAO;" ";" ";-;-;-;Recife;PE
16/10/2025 05:22:02;16/10/2025 05:22:07;NAO;682469,3;12854h 19m;0;23;-;-;-;-;N/A;N/A;N/A;N/A;N/A;N/A;NAO;NAO;" ";" ";-;-;-;Recife;PE
16/10/2025 05:18:02;16/10/2025 05:18:03;NAO;682469,3;12854h 19m;0;23;-;-;-;-;N/A;N/A;N/A;N/A;N/A;N/A;NAO;NAO;" ";" ";-;-;-;Recife;PE
16/10/2025 05:14:02;16/10/2025 05:14:03;NAO;682469,3;12854h 19m;0;23;-;-;-;-;N/A;N/A;N/A;N/A;N/A;N/A;NAO;NAO;" ";" ";-;-;-;Recife;PE
16/10/2025 05:10:02;16/10/2025 05:10:03;NAO;682469,3;12854h 19m;0;23;-;-;-;-;N/A;N/A;N/A;N/A;N/A;N/A;NAO;NAO;" ";" ";-;-;-;Recife;PE
16/10/2025 05:06:02;16/10/2025 05:06:03;NAO;682469,3;12854h 19m;0;24;-;-;-;-;N/A;N/A;N/A;N/A;N/A;N/A;NAO;NAO;" ";" ";-;-;-;Recife;PE
16/10/2025 05:02:02;16/10/2025 05:02:03;NAO;682469,3;12854h 19m;0;24;-;-;-;-;N/A;N/A;N/A;N/A;N/A;N/A;NAO;NAO;" ";" ";-;-;-;Recife;PE
16/10/2025 04:58:02;16/10/2025 04:58:07;NAO;682469,3;12854h 19m;0;24;-;-;-;-;N/A;N/A;N/A;N/A;N/A;N/A;NAO;NAO;" ";" ";-;-;-;Recife;PE
16/10/2025 04:54:02;16/10/2025 04:54:03;NAO;682469,3;12854h 19m;0;23;-;-;-;-;N/A;N/A;N/A;N/A;N/A;N/A;NAO;NAO;" ";" ";-;-;-;Recife;PE
16/10/2025 04:50:02;16/10/2025 04:50:03;NAO;682469,3;12854h 19m;0;23;-;-;-;-;N/A;N/A;N/A;N/A;N/A;N/A;NAO;NAO;" ";" ";-;-;-;Recife;PE
16/10/2025 04:46:02;16/10/2025 04:46:03;NAO;682469,3;12854h 19m;0;23;-;-;-;-;N/A;N/A;N/A;N/A;N/A;N/A;NAO;NAO;" ";" ";-;-;-;Recife;PE
16/10/2025 04:42:02;16/10/2025 04:42:03;NAO;682469,3;12854h 19m;0;23;-;-;-;-;N/A;N/A;N/A;N/A;N/A;N/A;NAO;NAO;" ";" ";-;-;-;Recife;PE
16/10/2025 04:38:02;16/10/2025 04:38:03;NAO;682469,3;12854h 19m;0;24;-;-;-;-;N/A;N/A;N/A;N/A;N/A;N/A;NAO;NAO;" ";" ";-;-;-;Recife;PE
16/10/2025 04:34:02;16/10/2025 04:34:03;NAO;682469,3;12854h 19m;0;24;-;-;-;-;N/A;N/A;N/A;N/A;N/A;N/A;NAO;NAO;" ";" ";-;-;-;Recife;PE
16/10/2025 04:30:02;16/10/2025 04:30:02;NAO;682469,3;12854h 19m;0;24;-;-;-;-;N/A;N/A;N/A;N/A;N/A;N/A;NAO;NAO;" ";" ";-;-;-;Recife;PE
16/10/2025 04:26:02;16/10/2025 04:26:03;NAO;682469,3;12854h 19m;0;24;-;-;-;-;N/A;N/A;N/A;N/A;N/A;N/A;NAO;NAO;" ";" ";-;-;-;Recife;PE
16/10/2025 04:22:02;16/10/2025 04:22:03;NAO;682469,3;12854h 19m;0;24;-;-;-;-;N/A;N/A;N/A;N/A;N/A;N/A;NAO;NAO;" ";" ";-;-;-;Recife;PE
16/10/2025 04:18:02;16/10/2025 04:18:03;NAO;682469,3;12854h 19m;0;24;-;-;-;-;N/A;N/A;N/A;N/A;N/A;N/A;NAO;NAO;" ";" ";-;-;-;Recife;PE
16/10/2025 04:14:02;16/10/2025 04:14:03;NAO;682469,3;12854h 19m;0;24;-;-;-;-;N/A;N/A;N/A;N/A;N/A;N/A;NAO;NAO;" ";" ";-;-;-;Recife;PE
16/10/2025 04:10:02;16/10/2025 04:10:03;NAO;682469,3;12854h 19m;0;24;-;-;-;-;N/A;N/A;N/A;N/A;N/A;N/A;NAO;NAO;" ";" ";-;-;-;Recife;PE
16/10/2025 04:06:02;16/10/2025 04:06:03;NAO;682469,3;12854h 19m;0;24;-;-;-;-;N/A;N/A;N/A;N/A;N/A;N/A;NAO;NAO;" ";" ";-;-;-;Recife;PE
16/10/2025 04:02:02;16/10/2025 04:02:03;NAO;682469,3;12854h 19m;0;24;-;-;-;-;N/A;N/A;N/A;N/A;N/A;N/A;NAO;NAO;" ";" ";-;-;-;Recife;PE
16/10/2025 03:58:02;16/10/2025 03:58:03;NAO;682469,3;12854h 19m;0;24;-;-;-;-;N/A;N/A;N/A;N/A;N/A;N/A;NAO;NAO;" ";" ";-;-;-;Recife;PE
16/10/2025 03:54:02;16/10/2025 03:54:03;NAO;682469,3;12854h 19m;0;24;-;-;-;-;N/A;N/A;N/A;N/A;N/A;N/A;NAO;NAO;" ";" ";-;-;-;Recife;PE
16/10/2025 03:50:02;16/10/2025 03:50:03;NAO;682469,3;12854h 19m;0;24;-;-;-;-;N/A;N/A;N/A;N/A;N/A;N/A;NAO;NAO;" ";" ";-;-;-;Recife;PE
16/10/2025 03:46:02;16/10/2025 03:46:03;NAO;682469,3;12854h 19m;0;24;-;-;-;-;N/A;N/A;N/A;N/A;N/A;N/A;NAO;NAO;" ";" ";-;-;-;Recife;PE
16/10/2025 03:42:02;16/10/2025 03:42:03;NAO;682469,3;12854h 19m;0;24;-;-;-;-;N/A;N/A;N/A;N/A;N/A;N/A;NAO;NAO;" ";" ";-;-;-;Recife;PE
16/10/2025 03:38:02;16/10/2025 03:38:03;NAO;682469,3;12854h 19m;0;24;-;-;-;-;N/A;N/A;N/A;N/A;N/A;N/A;NAO;NAO;" ";" ";-;-;-;Recife;PE
16/10/2025 03:34:02;16/10/2025 03:34:03;NAO;682469,3;12854h 19m;0;24;-;-;-;-;N/A;N/A;N/A;N/A;N/A;N/A;NAO;NAO;" ";" ";-;-;-;Recife;PE
16/10/2025 03:30:02;16/10/2025 03:30:03;NAO;682469,3;12854h 19m;0;24;-;-;-;-;N/A;N/A;N/A;N/A;N/A;N/A;NAO;NAO;" ";" ";-;-;-;Recife;PE
16/10/2025 03:26:02;16/10/2025 03:26:03;NAO;682469,3;12854h 19m;0;24;-;-;-;-;N/A;N/A;N/A;N/A;N/A;N/A;NAO;NAO;" ";" ";-;-;-;Recife;PE
16/10/2025 03:22:02;16/10/2025 03:22:06;NAO;682469,3;12854h 19m;0;24;-;-;-;-;N/A;N/A;N/A;N/A;N/A;N/A;NAO;NAO;" ";" ";-;-;-;Recife;PE
16/10/2025 03:18:02;16/10/2025 03:18:04;NAO;682469,3;12854h 19m;0;24;-;-;-;-;N/A;N/A;N/A;N/A;N/A;N/A;NAO;NAO;" ";" ";-;-;-;Recife;PE
16/10/2025 03:14:02;16/10/2025 03:14:03;NAO;682469,3;12854h 19m;0;24;-;-;-;-;N/A;N/A;N/A;N/A;N/A;N/A;NAO;NAO;" ";" ";-;-;-;Recife;PE
16/10/2025 03:10:02;16/10/2025 03:10:03;NAO;682469,3;12854h 19m;0;24;-;-;-;-;N/A;N/A;N/A;N/A;N/A;N/A;NAO;NAO;" ";" ";-;-;-;Recife;PE
16/10/2025 03:06:02;16/10/2025 03:06:03;NAO;682469,3;12854h 19m;0;24;-;-;-;-;N/A;N/A;N/A;N/A;N/A;N/A;NAO;NAO;" ";" ";-;-;-;Recife;PE
16/10/2025 03:02:02;16/10/2025 03:02:03;NAO;682469,3;12854h 19m;0;25;-;-;-;-;N/A;N/A;N/A;N/A;N/A;N/A;NAO;NAO;" ";" ";-;-;-;Recife;PE
16/10/2025 02:58:02;16/10/2025 02:58:03;NAO;682469,3;12854h 19m;0;25;-;-;-;-;N/A;N/A;N/A;N/A;N/A;N/A;NAO;NAO;" ";" ";-;-;-;Recife;PE
16/10/2025 02:54:02;16/10/2025 02:54:03;NAO;682469,3;12854h 19m;0;25;-;-;-;-;N/A;N/A;N/A;N/A;N/A;N/A;NAO;NAO;" ";" ";-;-;-;Recife;PE
16/10/2025 02:50:02;16/10/2025 02:50:03;NAO;682469,3;12854h 19m;0;25;-;-;-;-;N/A;N/A;N/A;N/A;N/A;N/A;NAO;NAO;" ";" ";-;-;-;Recife;PE
16/10/2025 02:46:02;16/10/2025 02:46:03;NAO;682469,3;12854h 19m;0;25;-;-;-;-;N/A;N/A;N/A;N/A;N/A;N/A;NAO;NAO;" ";" ";-;-;-;Recife;PE
16/10/2025 02:42:02;16/10/2025 02:42:03;NAO;682469,3;12854h 19m;0;25;-;-;-;-;N/A;N/A;N/A;N/A;N/A;N/A;NAO;NAO;" ";" ";-;-;-;Recife;PE
16/10/2025 02:38:02;16/10/2025 02:38:03;NAO;682469,3;12854h 19m;0;25;-;-;-;-;N/A;N/A;N/A;N/A;N/A;N/A;NAO;NAO;" ";" ";-;-;-;Recife;PE
16/10/2025 02:34:02;16/10/2025 02:34:03;NAO;682469,3;12854h 19m;0;25;-;-;-;-;N/A;N/A;N/A;N/A;N/A;N/A;NAO;NAO;" ";" ";-;-;-;Recife;PE
16/10/2025 02:30:02;16/10/2025 02:30:03;NAO;682469,3;12854h 19m;0;25;-;-;-;-;N/A;N/A;N/A;N/A;N/A;N/A;NAO;NAO;" ";" ";-;-;-;Recife;PE
16/10/2025 02:26:02;16/10/2025 02:26:03;NAO;682469,3;12854h 19m;0;25;-;-;-;-;N/A;N/A;N/A;N/A;N/A;N/A;NAO;NAO;" ";" ";-;-;-;Recife;PE
16/10/2025 02:22:02;16/10/2025 02:22:04;NAO;682469,3;12854h 19m;0;25;-;-;-;-;N/A;N/A;N/A;N/A;N/A;N/A;NAO;NAO;" ";" ";-;-;-;Recife;PE
16/10/2025 02:18:02;16/10/2025 02:18:03;NAO;682469,3;12854h 19m;0;25;-;-;-;-;N/A;N/A;N/A;N/A;N/A;N/A;NAO;NAO;" ";" ";-;-;-;Recife;PE
16/10/2025 02:14:02;16/10/2025 02:14:03;NAO;682469,3;12854h 19m;0;25;-;-;-;-;N/A;N/A;N/A;N/A;N/A;N/A;NAO;NAO;" ";" ";-;-;-;Recife;PE
16/10/2025 02:10:02;16/10/2025 02:10:03;NAO;682469,3;12854h 19m;0;25;-;-;-;-;N/A;N/A;N/A;N/A;N/A;N/A;NAO;NAO;" ";" ";-;-;-;Recife;PE
16/10/2025 02:06:02;16/10/2025 02:06:03;NAO;682469,3;12854h 19m;0;25;-;-;-;-;N/A;N/A;N/A;N/A;N/A;N/A;NAO;NAO;" ";" ";-;-;-;Recife;PE
16/10/2025 02:02:02;16/10/2025 02:02:03;NAO;682469,3;12854h 19m;0;25;-;-;-;-;N/A;N/A;N/A;N/A;N/A;N/A;NAO;NAO;" ";" ";-;-;-;Recife;PE
16/10/2025 01:58:02;16/10/2025 01:58:03;NAO;682469,3;12854h 19m;0;25;-;-;-;-;N/A;N/A;N/A;N/A;N/A;N/A;NAO;NAO;" ";" ";-;-;-;Recife;PE
16/10/2025 01:54:02;16/10/2025 01:54:03;NAO;682469,3;12854h 19m;0;25;-;-;-;-;N/A;N/A;N/A;N/A;N/A;N/A;NAO;NAO;" ";" ";-;-;-;Recife;PE
16/10/2025 01:50:02;16/10/2025 01:50:03;NAO;682469,3;12854h 19m;0;25;-;-;-;-;N/A;N/A;N/A;N/A;N/A;N/A;NAO;NAO;" ";" ";-;-;-;Recife;PE
16/10/2025 01:46:02;16/10/2025 01:46:03;NAO;682469,3;12854h 19m;0;25;-;-;-;-;N/A;N/A;N/A;N/A;N/A;N/A;NAO;NAO;" ";" ";-;-;-;Recife;PE
16/10/2025 01:42:02;16/10/2025 01:42:03;NAO;682469,3;12854h 19m;0;25;-;-;-;-;N/A;N/A;N/A;N/A;N/A;N/A;NAO;NAO;" ";" ";-;-;-;Recife;PE
16/10/2025 01:38:02;16/10/2025 01:38:03;NAO;682469,3;12854h 19m;0;25;-;-;-;-;N/A;N/A;N/A;N/A;N/A;N/A;NAO;NAO;" ";" ";-;-;-;Recife;PE
16/10/2025 01:34:02;16/10/2025 01:34:03;NAO;682469,3;12854h 19m;0;25;-;-;-;-;N/A;N/A;N/A;N/A;N/A;N/A;NAO;NAO;" ";" ";-;-;-;Recife;PE
16/10/2025 01:30:02;16/10/2025 01:30:03;NAO;682469,3;12854h 19m;0;25;-;-;-;-;N/A;N/A;N/A;N/A;N/A;N/A;NAO;NAO;" ";" ";-;-;-;Recife;PE
16/10/2025 01:26:02;16/10/2025 01:26:03;NAO;682469,3;12854h 19m;0;25;-;-;-;-;N/A;N/A;N/A;N/A;N/A;N/A;NAO;NAO;" ";" ";-;-;-;Recife;PE
16/10/2025 01:22:02;16/10/2025 01:22:03;NAO;682469,3;12854h 19m;0;25;-;-;-;-;N/A;N/A;N/A;N/A;N/A;N/A;NAO;NAO;" ";" ";-;-;-;Recife;PE
16/10/2025 01:18:02;16/10/2025 01:18:03;NAO;682469,3;12854h 19m;0;25;-;-;-;-;N/A;N/A;N/A;N/A;N/A;N/A;NAO;NAO;" ";" ";-;-;-;Recife;PE
16/10/2025 01:14:02;16/10/2025 01:14:03;NAO;682469,3;12854h 19m;0;25;-;-;-;-;N/A;N/A;N/A;N/A;N/A;N/A;NAO;NAO;" ";" ";-;-;-;Recife;PE
16/10/2025 01:10:02;16/10/2025 01:10:03;NAO;682469,3;12854h 19m;0;25;-;-;-;-;N/A;N/A;N/A;N/A;N/A;N/A;NAO;NAO;" ";" ";-;-;-;Recife;PE
16/10/2025 01:06:02;16/10/2025 01:06:03;NAO;682469,3;12854h 19m;0;25;-;-;-;-;N/A;N/A;N/A;N/A;N/A;N/A;NAO;NAO;" ";" ";-;-;-;Recife;PE
16/10/2025 01:02:02;16/10/2025 01:02:03;NAO;682469,3;12854h 19m;0;25;-;-;-;-;N/A;N/A;N/A;N/A;N/A;N/A;NAO;NAO;" ";" ";-;-;-;Recife;PE
16/10/2025 00:58:02;16/10/2025 00:58:03;NAO;682469,3;12854h 19m;0;25;-;-;-;-;N/A;N/A;N/A;N/A;N/A;N/A;NAO;NAO;" ";" ";-;-;-;Recife;PE
16/10/2025 00:54:02;16/10/2025 00:54:03;NAO;682469,3;12854h 19m;0;25;-;-;-;-;N/A;N/A;N/A;N/A;N/A;N/A;NAO;NAO;" ";" ";-;-;-;Recife;PE
16/10/2025 00:50:02;16/10/2025 00:50:04;NAO;682469,3;12854h 19m;0;25;-;-;-;-;N/A;N/A;N/A;N/A;N/A;N/A;NAO;NAO;" ";" ";-;-;-;Recife;PE
16/10/2025 00:46:02;16/10/2025 00:46:03;NAO;682469,3;12854h 19m;0;25;-;-;-;-;N/A;N/A;N/A;N/A;N/A;N/A;NAO;NAO;" ";" ";-;-;-;Recife;PE
16/10/2025 00:42:02;16/10/2025 00:42:04;NAO;682469,3;12854h 19m;0;25;-;-;-;-;N/A;N/A;N/A;N/A;N/A;N/A;NAO;NAO;" ";" ";-;-;-;Recife;PE
16/10/2025 00:38:02;16/10/2025 00:38:03;NAO;682469,3;12854h 19m;0;25;-;-;-;-;N/A;N/A;N/A;N/A;N/A;N/A;NAO;NAO;" ";" ";-;-;-;Recife;PE
16/10/2025 00:34:02;16/10/2025 00:34:04;NAO;682469,3;12854h 19m;0;25;-;-;-;-;N/A;N/A;N/A;N/A;N/A;N/A;NAO;NAO;" ";" ";-;-;-;Recife;PE
16/10/2025 00:30:02;16/10/2025 00:30:04;NAO;682469,3;12854h 19m;0;25;-;-;-;-;N/A;N/A;N/A;N/A;N/A;N/A;NAO;NAO;" ";" ";-;-;-;Recife;PE
16/10/2025 00:26:02;16/10/2025 00:26:03;NAO;682469,3;12854h 19m;0;25;-;-;-;-;N/A;N/A;N/A;N/A;N/A;N/A;NAO;NAO;" ";" ";-;-;-;Recife;PE
16/10/2025 00:22:02;16/10/2025 00:22:04;NAO;682469,3;12854h 19m;0;25;-;-;-;-;N/A;N/A;N/A;N/A;N/A;N/A;NAO;NAO;" ";" ";-;-;-;Recife;PE
16/10/2025 00:18:02;16/10/2025 00:18:03;NAO;682469,3;12854h 19m;0;25;-;-;-;-;N/A;N/A;N/A;N/A;N/A;N/A;NAO;NAO;" ";" ";-;-;-;Recife;PE
16/10/2025 00:14:02;16/10/2025 00:14:03;NAO;682469,3;12854h 19m;0;25;-;-;-;-;N/A;N/A;N/A;N/A;N/A;N/A;NAO;NAO;" ";" ";-;-;-;Recife;PE
16/10/2025 00:10:02;16/10/2025 00:10:04;NAO;682469,3;12854h 19m;0;25;-;-;-;-;N/A;N/A;N/A;N/A;N/A;N/A;NAO;NAO;" ";" ";-;-;-;Recife;PE
16/10/2025 00:06:02;16/10/2025 00:06:03;NAO;682469,3;12854h 19m;0;25;-;-;-;-;N/A;N/A;N/A;N/A;N/A;N/A;NAO;NAO;" ";" ";-;-;-;Recife;PE
16/10/2025 00:02:02;16/10/2025 00:02:18;NAO;682469,3;12854h 19m;0;25;-;-;-;-;N/A;N/A;N/A;N/A;N/A;N/A;NAO;NAO;" ";" ";-;-;-;Recife;PE
